ISO-10303-21;
HEADER;
FILE_DESCRIPTION (( 'STEP AP203' ),
    '1' );
FILE_NAME ('TMB-V5F2-3LC.STEP',
    '2024-05-10T00:33:44',
    ( '' ),
    ( '' ),
    'SwSTEP 2.0',
    'SolidWorks 2022',
    '' );
FILE_SCHEMA (( 'CONFIG_CONTROL_DESIGN' ));
ENDSEC;

DATA;
#1 = EDGE_CURVE ( 'NONE', #4685, #2755, #2095, .T. ) ;
#2 = EDGE_CURVE ( 'NONE', #2610, #1735, #3723, .T. ) ;
#3 = AXIS2_PLACEMENT_3D ( 'NONE', #1311, #4575, #3870 ) ;
#4 = DIRECTION ( 'NONE',  ( -0.7744763656749761305, -0.6326028446117519799, 0.000000000000000000 ) ) ;
#5 = ORIENTED_EDGE ( 'NONE', *, *, #621, .T. ) ;
#6 = ORIENTED_EDGE ( 'NONE', *, *, #2413, .T. ) ;
#7 = DIRECTION ( 'NONE',  ( -7.921111762451280466E-16, -0.9338561447841047247, -0.3576488513178380235 ) ) ;
#8 = AXIS2_PLACEMENT_3D ( 'NONE', #3049, #4111, #359 ) ;
#9 = AXIS2_PLACEMENT_3D ( 'NONE', #3026, #2260, #677 ) ;
#10 = DIRECTION ( 'NONE',  ( 1.000000000000000000, -3.168959634848508524E-16, -1.000180237639160754E-15 ) ) ;
#11 = AXIS2_PLACEMENT_3D ( 'NONE', #3935, #2480, #1398 ) ;
#12 = ORIENTED_EDGE ( 'NONE', *, *, #1714, .F. ) ;
#13 = CIRCLE ( 'NONE', #2917, 0.7600000000000000089 ) ;
#14 = ORIENTED_EDGE ( 'NONE', *, *, #386, .F. ) ;
#15 = CARTESIAN_POINT ( 'NONE',  ( -0.02000000000008251774, -0.2849999999999964229, -9.821568397036906954E-15 ) ) ;
#16 = AXIS2_PLACEMENT_3D ( 'NONE', #17, #2923, #1447 ) ;
#17 = CARTESIAN_POINT ( 'NONE',  ( -10.91999999999999993, 0.000000000000000000, 0.000000000000000000 ) ) ;
#18 = FACE_OUTER_BOUND ( 'NONE', #2487, .T. ) ;
#19 = VECTOR ( 'NONE', #1848, 999.9999999999998863 ) ;
#20 = EDGE_LOOP ( 'NONE', ( #2504, #3657, #1340, #2230 ) ) ;
#21 = CARTESIAN_POINT ( 'NONE',  ( -0.6585000000000279519, -3.580000000000000071, 0.000000000000000000 ) ) ;
#22 = DIRECTION ( 'NONE',  ( 6.140126955296337571E-15, 1.054711873393896347E-15, -1.000000000000000000 ) ) ;
#23 = CARTESIAN_POINT ( 'NONE',  ( -8.887920983205800596, -0.01015434495474939157, 0.4201670376886990077 ) ) ;
#24 = TOROIDAL_SURFACE ( 'NONE', #2690, 2.564999999999999947, 0.04999999999999879541 ) ;
#25 = ORIENTED_EDGE ( 'NONE', *, *, #2346, .F. ) ;
#26 = VERTEX_POINT ( 'NONE', #3636 ) ;
#27 = DIRECTION ( 'NONE',  ( -0.9996692309130739140, 0.02571825743831512162, 1.026974760418386908E-15 ) ) ;
#28 = EDGE_CURVE ( 'NONE', #4217, #975, #1821, .T. ) ;
#29 = DIRECTION ( 'NONE',  ( 1.000000000000000000, -3.168959634848508524E-16, -1.000180237639160754E-15 ) ) ;
#30 = DIRECTION ( 'NONE',  ( 1.000000000000000000, -3.168959634848508524E-16, -1.000180237639160754E-15 ) ) ;
#31 = ORIENTED_EDGE ( 'NONE', *, *, #3652, .T. ) ;
#32 = EDGE_CURVE ( 'NONE', #573, #26, #3805, .T. ) ;
#33 = CIRCLE ( 'NONE', #4667, 2.729999999999999982 ) ;
#34 = DIRECTION ( 'NONE',  ( 1.000000000000000000, -3.168959634848508524E-16, -1.000180237639160754E-15 ) ) ;
#35 = CONICAL_SURFACE ( 'NONE', #659, 0.4681858524161220947, 0.7597039348908314338 ) ;
#36 = LINE ( 'NONE', #3386, #2077 ) ;
#37 = VERTEX_POINT ( 'NONE', #4387 ) ;
#38 = AXIS2_PLACEMENT_3D ( 'NONE', #2833, #3160, #2093 ) ;
#39 = ORIENTED_EDGE ( 'NONE', *, *, #2169, .F. ) ;
#40 = DIRECTION ( 'NONE',  ( 0.000000000000000000, 0.000000000000000000, 1.000000000000000000 ) ) ;
#41 = CARTESIAN_POINT ( 'NONE',  ( -0.008999999999976740148, 0.000000000000000000, 0.000000000000000000 ) ) ;
#42 = PERSON_AND_ORGANIZATION_ROLE ( 'creator' ) ;
#43 = VERTEX_POINT ( 'NONE', #2450 ) ;
#44 = CARTESIAN_POINT ( 'NONE',  ( -0.3385000000000396581, -2.958499999999999908, 7.611179856700799969E-17 ) ) ;
#45 = CARTESIAN_POINT ( 'NONE',  ( -0.1739999999999769786, 0.3449999999999999734, 3.129999999999999893 ) ) ;
#46 = FACE_BOUND ( 'NONE', #4168, .T. ) ;
#47 = ORIENTED_EDGE ( 'NONE', *, *, #3118, .T. ) ;
#48 = DIRECTION ( 'NONE',  ( 0.000000000000000000, 0.000000000000000000, 1.000000000000000000 ) ) ;
#49 = CARTESIAN_POINT ( 'NONE',  ( -0.02000000000008239631, 0.08900000000001373479, -9.469011100266811110E-15 ) ) ;
#50 = EDGE_CURVE ( 'NONE', #3854, #597, #1007, .T. ) ;
#51 = EDGE_LOOP ( 'NONE', ( #2145, #3267, #4341, #3393 ) ) ;
#52 = CARTESIAN_POINT ( 'NONE',  ( -8.887920983205800596, 0.7291205759919894280, 0.01015434495476505959 ) ) ;
#53 = ADVANCED_FACE ( 'NONE', ( #3264 ), #1672, .F. ) ;
#54 = ADVANCED_FACE ( 'NONE', ( #198 ), #2930, .F. ) ;
#55 = DIRECTION ( 'NONE',  ( 1.000000000000000000, -3.168959634848508524E-16, -1.000180237639160754E-15 ) ) ;
#56 = ORIENTED_EDGE ( 'NONE', *, *, #2622, .T. ) ;
#57 = EDGE_LOOP ( 'NONE', ( #4828, #4425, #617, #619 ) ) ;
#58 = DIRECTION ( 'NONE',  ( 1.000000000000000000, -2.093391161677579838E-15, 0.000000000000000000 ) ) ;
#59 = ADVANCED_FACE ( 'NONE', ( #2476 ), #3978, .F. ) ;
#60 = EDGE_CURVE ( 'NONE', #2755, #281, #127, .T. ) ;
#61 = DIRECTION ( 'NONE',  ( -1.000000000000000000, -2.093391161677569977E-15, 0.000000000000000000 ) ) ;
#62 = ORIENTED_EDGE ( 'NONE', *, *, #3155, .T. ) ;
#63 = FACE_OUTER_BOUND ( 'NONE', #1793, .T. ) ;
#64 = CARTESIAN_POINT ( 'NONE',  ( -7.679999999999929550, 0.4494459704215301721, -0.04123024671363610671 ) ) ;
#65 = CARTESIAN_POINT ( 'NONE',  ( -7.679999999999929550, 0.7428277815978707732, 0.04123024671364557830 ) ) ;
#66 = ORIENTED_EDGE ( 'NONE', *, *, #3461, .T. ) ;
#67 = FACE_OUTER_BOUND ( 'NONE', #20, .T. ) ;
#68 = CARTESIAN_POINT ( 'NONE',  ( -1.298500000000019972, 3.580000000000000071, 0.000000000000000000 ) ) ;
#69 = ORIENTED_EDGE ( 'NONE', *, *, #2218, .T. ) ;
#70 = VECTOR ( 'NONE', #4678, 1000.000000000000227 ) ;
#71 = CARTESIAN_POINT ( 'NONE',  ( -8.934174368666218058, -0.4336578416742296049, -0.008965638295918922779 ) ) ;
#72 = LINE ( 'NONE', #4535, #2758 ) ;
#73 = AXIS2_PLACEMENT_3D ( 'NONE', #2858, #1769, #1789 ) ;
#74 = VECTOR ( 'NONE', #3179, 1000.000000000000227 ) ;
#75 = DIRECTION ( 'NONE',  ( 0.000000000000000000, 0.000000000000000000, -1.000000000000000000 ) ) ;
#76 = VERTEX_POINT ( 'NONE', #3287 ) ;
#77 = AXIS2_PLACEMENT_3D ( 'NONE', #4619, #4259, #532 ) ;
#78 = EDGE_CURVE ( 'NONE', #2051, #1000, #669, .T. ) ;
#79 = ORIENTED_EDGE ( 'NONE', *, *, #3243, .T. ) ;
#80 = LINE ( 'NONE', #1586, #4474 ) ;
#81 = LINE ( 'NONE', #3137, #3875 ) ;
#82 = APPROVAL_STATUS ( 'not_yet_approved' ) ;
#83 = EDGE_LOOP ( 'NONE', ( #1970, #3087, #3447, #2590 ) ) ;
#84 = DIRECTION ( 'NONE',  ( 0.7514118287111061223, -0.6598335120869742720, 0.000000000000000000 ) ) ;
#85 = ADVANCED_FACE ( 'NONE', ( #1142 ), #2223, .T. ) ;
#86 = FACE_OUTER_BOUND ( 'NONE', #3966, .T. ) ;
#87 = CARTESIAN_POINT ( 'NONE',  ( -8.781212161291847451, 0.000000000000000000, 0.000000000000000000 ) ) ;
#88 = TOROIDAL_SURFACE ( 'NONE', #1587, 0.4700025088314099819, 0.05000000000000000278 ) ;
#89 = VERTEX_POINT ( 'NONE', #1775 ) ;
#90 = CARTESIAN_POINT ( 'NONE',  ( -8.390000000000000568, 0.000000000000000000, 0.000000000000000000 ) ) ;
#91 = DIRECTION ( 'NONE',  ( 0.000000000000000000, 1.000000000000000000, 0.000000000000000000 ) ) ;
#92 = DIRECTION ( 'NONE',  ( 1.000000000000000000, -3.168959634848508524E-16, -1.000180237639160754E-15 ) ) ;
#93 = AXIS2_PLACEMENT_3D ( 'NONE', #119, #1700, #2824 ) ;
#94 = ORIENTED_EDGE ( 'NONE', *, *, #2818, .F. ) ;
#95 = CARTESIAN_POINT ( 'NONE',  ( -8.934174368666258914, 6.468151511773293565E-15, -6.051944747101936663E-16 ) ) ;
#96 = CARTESIAN_POINT ( 'NONE',  ( -8.958341921918679063, -0.4566310267794095878, -0.008344534971420333735 ) ) ;
#97 = AXIS2_PLACEMENT_3D ( 'NONE', #3095, #482, #3117 ) ;
#98 = FACE_OUTER_BOUND ( 'NONE', #2118, .T. ) ;
#99 = AXIS2_PLACEMENT_3D ( 'NONE', #3917, #3097, #4595 ) ;
#100 = VERTEX_POINT ( 'NONE', #348 ) ;
#101 = ORIENTED_EDGE ( 'NONE', *, *, #1826, .T. ) ;
#102 = CARTESIAN_POINT ( 'NONE',  ( -10.91999999999999993, 0.000000000000000000, 0.000000000000000000 ) ) ;
#103 = CONICAL_SURFACE ( 'NONE', #4363, 2.189999999999970637, 0.7853981633964605136 ) ;
#104 = DIRECTION ( 'NONE',  ( 2.093391161677562877E-15, -1.000000000000000000, 0.000000000000000000 ) ) ;
#105 = EDGE_CURVE ( 'NONE', #4295, #4831, #800, .T. ) ;
#106 = ORIENTED_EDGE ( 'NONE', *, *, #1329, .F. ) ;
#107 = APPROVAL_STATUS ( 'not_yet_approved' ) ;
#108 = VERTEX_POINT ( 'NONE', #4440 ) ;
#109 = CIRCLE ( 'NONE', #1375, 0.08900000000001009881 ) ;
#110 = CARTESIAN_POINT ( 'NONE',  ( -0.4985000000000334164, 2.817999999999999616, 0.000000000000000000 ) ) ;
#111 = FACE_OUTER_BOUND ( 'NONE', #2618, .T. ) ;
#112 = CARTESIAN_POINT ( 'NONE',  ( -1.610000000000000098, 4.128089751931280027, 2.830000000000000071 ) ) ;
#113 = EDGE_CURVE ( 'NONE', #4315, #4860, #2195, .T. ) ;
#114 = ADVANCED_FACE ( 'NONE', ( #4461 ), #1797, .F. ) ;
#115 = CARTESIAN_POINT ( 'NONE',  ( -0.4985000000000334164, -2.817999999999999616, 0.000000000000000000 ) ) ;
#116 = ORIENTED_EDGE ( 'NONE', *, *, #1599, .F. ) ;
#117 = DIRECTION ( 'NONE',  ( 0.000000000000000000, 0.000000000000000000, 1.000000000000000000 ) ) ;
#118 = CARTESIAN_POINT ( 'NONE',  ( -7.679999999999929550, 0.04123024671364381583, -0.7428277815978637788 ) ) ;
#119 = CARTESIAN_POINT ( 'NONE',  ( -8.934174368666258914, 6.468151511773293565E-15, -6.051944747101936663E-16 ) ) ;
#120 = VERTEX_POINT ( 'NONE', #4851 ) ;
#121 = DIRECTION ( 'NONE',  ( -0.7071067811865979769, 0.000000000000000000, 0.7071067811864970576 ) ) ;
#122 = CARTESIAN_POINT ( 'NONE',  ( -2.000000000000000000, -6.000000000000000000, -2.830000000000000071 ) ) ;
#123 = DIRECTION ( 'NONE',  ( 0.000000000000000000, -1.000000000000000000, -1.054711873393898319E-15 ) ) ;
#124 = ORIENTED_EDGE ( 'NONE', *, *, #1438, .T. ) ;
#125 = ORIENTED_EDGE ( 'NONE', *, *, #4362, .F. ) ;
#126 = DIRECTION ( 'NONE',  ( -1.000000000000000000, 0.000000000000000000, 0.000000000000000000 ) ) ;
#127 =( BOUNDED_CURVE ( )  B_SPLINE_CURVE ( 3, ( #3734, #3659, #2620, #744 ),
 .UNSPECIFIED., .F., .F. ) 
 B_SPLINE_CURVE_WITH_KNOTS ( ( 4, 4 ),
 ( 2.017018455693571521, 2.056927247995328667 ),
 .UNSPECIFIED. ) 
 CURVE ( )  GEOMETRIC_REPRESENTATION_ITEM ( )  RATIONAL_B_SPLINE_CURVE ( ( 1.000000000000000000, 0.9998672784287389037, 0.9998672784287389037, 1.000000000000000000 ) ) 
 REPRESENTATION_ITEM ( '' )  );
#128 = CARTESIAN_POINT ( 'NONE',  ( -10.91999999999999993, 4.128089751931280027, 2.830000000000000071 ) ) ;
#129 = ORIENTED_EDGE ( 'NONE', *, *, #2853, .T. ) ;
#130 = EDGE_LOOP ( 'NONE', ( #202, #4055, #2808, #3171 ) ) ;
#131 = CARTESIAN_POINT ( 'NONE',  ( -8.740000000000000213, 3.588215121501745087E-16, 2.729999999999999982 ) ) ;
#132 = CARTESIAN_POINT ( 'NONE',  ( -0.008999999999976740148, -3.200000000000000178, 1.649999999999999911 ) ) ;
#133 = DIRECTION ( 'NONE',  ( -1.000000000000000000, 0.000000000000000000, 0.000000000000000000 ) ) ;
#134 = EDGE_CURVE ( 'NONE', #1697, #2098, #1414, .T. ) ;
#135 = LINE ( 'NONE', #3378, #4586 ) ;
#136 = ORIENTED_EDGE ( 'NONE', *, *, #221, .T. ) ;
#137 = DIRECTION ( 'NONE',  ( 0.000000000000000000, 0.000000000000000000, 1.000000000000000000 ) ) ;
#138 = CARTESIAN_POINT ( 'NONE',  ( -1.618500000000001160, -4.201499999999999346, 8.471494233101810303E-17 ) ) ;
#139 = CARTESIAN_POINT ( 'NONE',  ( -8.739999999999900737, 0.000000000000000000, 2.174999999999930100 ) ) ;
#140 = EDGE_CURVE ( 'NONE', #2098, #1636, #1435, .T. ) ;
#141 = ORIENTED_EDGE ( 'NONE', *, *, #623, .T. ) ;
#142 = LINE ( 'NONE', #4212, #1650 ) ;
#143 = CARTESIAN_POINT ( 'NONE',  ( -8.977106130260658290, 6.481756413727852622E-15, -5.622549751964386981E-16 ) ) ;
#144 = CIRCLE ( 'NONE', #611, 4.904999999999999361 ) ;
#145 = EDGE_CURVE ( 'NONE', #1697, #523, #2958, .T. ) ;
#146 = EDGE_CURVE ( 'NONE', #1530, #2610, #1439, .T. ) ;
#147 = FACE_OUTER_BOUND ( 'NONE', #1702, .T. ) ;
#148 = VERTEX_POINT ( 'NONE', #370 ) ;
#149 = TOROIDAL_SURFACE ( 'NONE', #4171, 0.4700025088314099819, 0.05000000000000000278 ) ;
#150 = EDGE_LOOP ( 'NONE', ( #3824, #4677, #830, #530 ) ) ;
#151 = AXIS2_PLACEMENT_3D ( 'NONE', #4141, #4455, #708 ) ;
#152 = CARTESIAN_POINT ( 'NONE',  ( -10.91999999999999993, 0.000000000000000000, 0.000000000000000000 ) ) ;
#153 = CONICAL_SURFACE ( 'NONE', #1421, 0.7620000000000001217, 0.7205971725114839188 ) ;
#154 = ORIENTED_EDGE ( 'NONE', *, *, #2, .T. ) ;
#155 = VERTEX_POINT ( 'NONE', #3757 ) ;
#156 = DIRECTION ( 'NONE',  ( 2.134256245050205060E-15, 1.000000000000000000, 0.000000000000000000 ) ) ;
#157 = DIRECTION ( 'NONE',  ( -7.921111762451280466E-16, -0.9338561447841047247, -0.3576488513178380235 ) ) ;
#158 = CARTESIAN_POINT ( 'NONE',  ( -10.91999999999999993, 0.3450000000000039702, 0.5567764362830160962 ) ) ;
#159 = CIRCLE ( 'NONE', #2752, 0.04999999999999883010 ) ;
#160 = VECTOR ( 'NONE', #84, 999.9999999999998863 ) ;
#161 = CARTESIAN_POINT ( 'NONE',  ( -1.709999999999999964, 4.006260725414660051, -2.830000000000000071 ) ) ;
#162 = FACE_OUTER_BOUND ( 'NONE', #3509, .T. ) ;
#163 = AXIS2_PLACEMENT_3D ( 'NONE', #4373, #971, #551 ) ;
#164 = ORIENTED_EDGE ( 'NONE', *, *, #3068, .F. ) ;
#165 = DIRECTION ( 'NONE',  ( 2.093391161677562877E-15, 1.000000000000000000, 0.000000000000000000 ) ) ;
#166 = DIRECTION ( 'NONE',  ( -1.000000000000000000, -2.093391161677579838E-15, 0.000000000000000000 ) ) ;
#167 = CARTESIAN_POINT ( 'NONE',  ( -1.709999999999999964, 0.000000000000000000, 0.000000000000000000 ) ) ;
#168 = AXIS2_PLACEMENT_3D ( 'NONE', #4245, #3441, #1151 ) ;
#169 = EDGE_CURVE ( 'NONE', #964, #4611, #4806, .T. ) ;
#170 = ORIENTED_EDGE ( 'NONE', *, *, #2164, .T. ) ;
#171 = CARTESIAN_POINT ( 'NONE',  ( -8.977106130260658290, 0.7280552080213055222, -0.007862296986429146220 ) ) ;
#172 = CARTESIAN_POINT ( 'NONE',  ( -8.891432142092646984, 0.4200789557418605491, 0.01006410857730943680 ) ) ;
#173 = AXIS2_PLACEMENT_3D ( 'NONE', #1765, #3601, #2949 ) ;
#174 = CARTESIAN_POINT ( 'NONE',  ( -8.898884481100548527, 0.009872289598294949411, 0.4198963719348918766 ) ) ;
#175 = EDGE_CURVE ( 'NONE', #2540, #3576, #4053, .T. ) ;
#176 = EDGE_LOOP ( 'NONE', ( #3098, #1743 ) ) ;
#177 = AXIS2_PLACEMENT_3D ( 'NONE', #3893, #4206, #3572 ) ;
#178 = ORIENTED_EDGE ( 'NONE', *, *, #3524, .T. ) ;
#179 = DIRECTION ( 'NONE',  ( 0.000000000000000000, 0.000000000000000000, 1.000000000000000000 ) ) ;
#180 = DIRECTION ( 'NONE',  ( 0.000000000000000000, 0.000000000000000000, 1.000000000000000000 ) ) ;
#181 = EDGE_LOOP ( 'NONE', ( #3932, #592, #4704, #4346 ) ) ;
#182 = ORIENTED_EDGE ( 'NONE', *, *, #4337, .T. ) ;
#183 = AXIS2_PLACEMENT_3D ( 'NONE', #762, #740, #3544 ) ;
#184 = CARTESIAN_POINT ( 'NONE',  ( -10.76999999999999957, 0.000000000000000000, 2.305000000000000160 ) ) ;
#185 = DIRECTION ( 'NONE',  ( -1.000000000000000000, 0.000000000000000000, 0.000000000000000000 ) ) ;
#186 = CARTESIAN_POINT ( 'NONE',  ( -0.1739999999999769786, -0.3449999999999999734, 3.129999999999999893 ) ) ;
#187 = VECTOR ( 'NONE', #3454, 1000.000000000000227 ) ;
#188 = CARTESIAN_POINT ( 'NONE',  ( -1.618499999999998717, -2.958499999999999908, 7.611179856700799969E-17 ) ) ;
#189 = ORIENTED_EDGE ( 'NONE', *, *, #3118, .F. ) ;
#190 = DIRECTION ( 'NONE',  ( -1.000000000000000000, 0.000000000000000000, 0.000000000000000000 ) ) ;
#191 = LINE ( 'NONE', #234, #2285 ) ;
#192 = DIRECTION ( 'NONE',  ( -1.000000000000000000, 0.000000000000000000, 0.000000000000000000 ) ) ;
#193 = ORIENTED_EDGE ( 'NONE', *, *, #2495, .F. ) ;
#194 = DIRECTION ( 'NONE',  ( 0.000000000000000000, -1.000000000000000000, -1.054711873393898516E-15 ) ) ;
#195 = ADVANCED_FACE ( 'NONE', ( #1824 ), #3958, .T. ) ;
#196 = CARTESIAN_POINT ( 'NONE',  ( -7.339999999999999858, 0.000000000000000000, -2.729999999999999982 ) ) ;
#197 = VERTEX_POINT ( 'NONE', #2570 ) ;
#198 = FACE_OUTER_BOUND ( 'NONE', #4283, .T. ) ;
#199 = CARTESIAN_POINT ( 'NONE',  ( -1.679999999999929772, 4.169332935927667008E-15, -7.860676318638790964E-15 ) ) ;
#200 = ADVANCED_FACE ( 'NONE', ( #4074 ), #3245, .F. ) ;
#201 = ORIENTED_EDGE ( 'NONE', *, *, #329, .F. ) ;
#202 = ORIENTED_EDGE ( 'NONE', *, *, #3460, .F. ) ;
#203 = FACE_OUTER_BOUND ( 'NONE', #2139, .T. ) ;
#204 = CARTESIAN_POINT ( 'NONE',  ( -7.679999999999929550, 5.655575004671662287E-15, -4.534709080630614667E-15 ) ) ;
#205 = ADVANCED_FACE ( 'NONE', ( #1464 ), #247, .T. ) ;
#206 = EDGE_CURVE ( 'NONE', #89, #3532, #885, .T. ) ;
#207 = CARTESIAN_POINT ( 'NONE',  ( -8.899739023004087812, -0.4198924285707903437, -0.009847119096715921394 ) ) ;
#208 = PLANE ( 'NONE',  #2023 ) ;
#209 = ORIENTED_EDGE ( 'NONE', *, *, #1941, .T. ) ;
#210 = CYLINDRICAL_SURFACE ( 'NONE', #1102, 0.08900000000001009881 ) ;
#211 = DIRECTION ( 'NONE',  ( -1.000000000000000000, 0.000000000000000000, 0.000000000000000000 ) ) ;
#212 = DIRECTION ( 'NONE',  ( -0.7071067811867760566, 8.659560562352133635E-17, -0.7071067811863189778 ) ) ;
#213 = ORIENTED_EDGE ( 'NONE', *, *, #1289, .T. ) ;
#214 = DIRECTION ( 'NONE',  ( 0.000000000000000000, 0.000000000000000000, 1.000000000000000000 ) ) ;
#215 = AXIS2_PLACEMENT_3D ( 'NONE', #4059, #2258, #4446 ) ;
#216 = CYLINDRICAL_SURFACE ( 'NONE', #1817, 5.004999999999999893 ) ;
#217 = ORIENTED_EDGE ( 'NONE', *, *, #534, .T. ) ;
#218 = EDGE_LOOP ( 'NONE', ( #2602, #79, #1554, #724 ) ) ;
#219 = VECTOR ( 'NONE', #4561, 1000.000000000000000 ) ;
#220 = ORIENTED_EDGE ( 'NONE', *, *, #140, .T. ) ;
#221 = EDGE_CURVE ( 'NONE', #3924, #3940, #3475, .T. ) ;
#222 = CIRCLE ( 'NONE', #2039, 32.83858061316109200 ) ;
#223 = ORIENTED_EDGE ( 'NONE', *, *, #2794, .T. ) ;
#224 = DIRECTION ( 'NONE',  ( -1.000000000000000000, -2.093391161677579838E-15, 0.000000000000000000 ) ) ;
#225 = CONICAL_SURFACE ( 'NONE', #3704, 0.6214999999999996083, 0.7205971725114797000 ) ;
#226 = AXIS2_PLACEMENT_3D ( 'NONE', #90, #3546, #137 ) ;
#227 = CARTESIAN_POINT ( 'NONE',  ( -0.06000000000004109685, -3.580000000000000071, 0.000000000000000000 ) ) ;
#228 = LINE ( 'NONE', #3646, #2645 ) ;
#229 = ADVANCED_FACE ( 'NONE', ( #4286 ), #2361, .T. ) ;
#230 = ORIENTED_EDGE ( 'NONE', *, *, #1264, .F. ) ;
#231 = EDGE_CURVE ( 'NONE', #1187, #3781, #4264, .T. ) ;
#232 = DIRECTION ( 'NONE',  ( -1.000000000000000000, 0.000000000000000000, 0.000000000000000000 ) ) ;
#233 = CIRCLE ( 'NONE', #710, 0.7620000000000001217 ) ;
#234 = CARTESIAN_POINT ( 'NONE',  ( -0.6585000000000267306, 2.958499999999999908, -7.611179856700799969E-17 ) ) ;
#235 = CONICAL_SURFACE ( 'NONE', #3390, 0.7620000000000001217, 0.7205971725114407311 ) ;
#236 = DIRECTION ( 'NONE',  ( -1.000000000000000000, 0.000000000000000000, 0.000000000000000000 ) ) ;
#237 = VECTOR ( 'NONE', #2103, 1000.000000000000000 ) ;
#238 = EDGE_LOOP ( 'NONE', ( #1976, #3620, #4454, #4486 ) ) ;
#239 = ORIENTED_EDGE ( 'NONE', *, *, #269, .T. ) ;
#240 = CARTESIAN_POINT ( 'NONE',  ( -0.008999999999976740148, 2.439999999999999947, 1.649999999999999911 ) ) ;
#241 = AXIS2_PLACEMENT_3D ( 'NONE', #2057, #224, #1713 ) ;
#242 = LINE ( 'NONE', #4847, #2701 ) ;
#243 = VECTOR ( 'NONE', #2669, 1000.000000000000000 ) ;
#244 = ORIENTED_EDGE ( 'NONE', *, *, #3498, .F. ) ;
#245 = DIRECTION ( 'NONE',  ( -2.093391161677564061E-15, -1.000000000000000000, 0.000000000000000000 ) ) ;
#246 = DIRECTION ( 'NONE',  ( -3.209809063279453501E-16, -1.000000000000000000, -1.054711873393899108E-15 ) ) ;
#247 = CONICAL_SURFACE ( 'NONE', #3009, 3.084666666666650237, 0.8519663271732418330 ) ;
#248 = DIRECTION ( 'NONE',  ( 1.000000000000000000, -3.168959634848508524E-16, -1.000180237639160754E-15 ) ) ;
#249 = ORIENTED_EDGE ( 'NONE', *, *, #2580, .F. ) ;
#250 = CIRCLE ( 'NONE', #1751, 0.7600000000000000089 ) ;
#251 = ORIENTED_EDGE ( 'NONE', *, *, #3766, .F. ) ;
#252 = DIRECTION ( 'NONE',  ( 1.000000000000000000, 0.000000000000000000, 0.000000000000000000 ) ) ;
#253 = DIRECTION ( 'NONE',  ( 2.162693482493780038E-15, -1.000000000000000000, 0.000000000000000000 ) ) ;
#254 = EDGE_CURVE ( 'NONE', #3062, #3360, #331, .T. ) ;
#255 = CARTESIAN_POINT ( 'NONE',  ( -6.329666666666690311, 0.000000000000000000, -3.084666666666649792 ) ) ;
#256 = DIRECTION ( 'NONE',  ( 1.000000000000000000, -3.168959634848508524E-16, -1.000180237639160754E-15 ) ) ;
#257 = EDGE_LOOP ( 'NONE', ( #2441, #3759, #3536, #2334 ) ) ;
#258 = CIRCLE ( 'NONE', #1129, 2.674999999999999822 ) ;
#259 = DIRECTION ( 'NONE',  ( 0.6585046078685079518, 0.000000000000000000, -0.7525766947068868173 ) ) ;
#260 = CARTESIAN_POINT ( 'NONE',  ( -8.390000000000000568, 0.000000000000000000, 0.000000000000000000 ) ) ;
#261 = DIRECTION ( 'NONE',  ( 0.000000000000000000, 0.000000000000000000, -1.000000000000000000 ) ) ;
#262 = EDGE_CURVE ( 'NONE', #2011, #4601, #4230, .T. ) ;
#263 = AXIS2_PLACEMENT_3D ( 'NONE', #2959, #3266, #4417 ) ;
#264 = EDGE_CURVE ( 'NONE', #421, #3194, #3181, .T. ) ;
#265 = VERTEX_POINT ( 'NONE', #3921 ) ;
#266 = DIRECTION ( 'NONE',  ( -1.000000000000000000, 0.000000000000000000, 0.000000000000000000 ) ) ;
#267 = CIRCLE ( 'NONE', #38, 0.4681858524161220947 ) ;
#268 = DIRECTION ( 'NONE',  ( 0.000000000000000000, 0.000000000000000000, -1.000000000000000000 ) ) ;
#269 = EDGE_CURVE ( 'NONE', #938, #3781, #1064, .T. ) ;
#270 = EDGE_CURVE ( 'NONE', #4247, #862, #1366, .T. ) ;
#271 = DIRECTION ( 'NONE',  ( -0.7514118287111062333, -0.6598335120869741610, -8.080629985474675922E-17 ) ) ;
#272 = ORIENTED_EDGE ( 'NONE', *, *, #3301, .F. ) ;
#273 = DIRECTION ( 'NONE',  ( 7.975740119433816468E-16, 0.000000000000000000, 1.000000000000000000 ) ) ;
#274 = CARTESIAN_POINT ( 'NONE',  ( -0.9785000000000303455, -4.201499999999999346, 0.000000000000000000 ) ) ;
#275 = CARTESIAN_POINT ( 'NONE',  ( -8.899739026076780135, -0.4198924397464897096, 0.009846962383075164374 ) ) ;
#276 = ORIENTED_EDGE ( 'NONE', *, *, #3279, .F. ) ;
#277 = LINE ( 'NONE', #4301, #3633 ) ;
#278 = CARTESIAN_POINT ( 'NONE',  ( -8.934174368666218058, 0.4336578673793736183, -0.008964394881389997974 ) ) ;
#279 = DIRECTION ( 'NONE',  ( -1.000000000000000000, 0.000000000000000000, 0.000000000000000000 ) ) ;
#280 = DIRECTION ( 'NONE',  ( 0.7071067811872464581, 0.6603360126289143928, 0.2528959280501719142 ) ) ;
#281 = VERTEX_POINT ( 'NONE', #929 ) ;
#282 = DIRECTION ( 'NONE',  ( 0.7714311711945163186, -0.6363127753781602225, 0.000000000000000000 ) ) ;
#283 = ADVANCED_FACE ( 'NONE', ( #561 ), #24, .F. ) ;
#284 = CARTESIAN_POINT ( 'NONE',  ( -8.899739026076780135, 0.009846962383072282998, 0.4198924397464939839 ) ) ;
#285 = FACE_OUTER_BOUND ( 'NONE', #569, .T. ) ;
#286 = ORIENTED_EDGE ( 'NONE', *, *, #565, .F. ) ;
#287 = EDGE_LOOP ( 'NONE', ( #1442, #4762, #4162, #794 ) ) ;
#288 = ADVANCED_FACE ( 'NONE', ( #850 ), #962, .T. ) ;
#289 = DIRECTION ( 'NONE',  ( -1.000000000000000000, 3.168959634848508524E-16, 1.000180237639160754E-15 ) ) ;
#290 = DIRECTION ( 'NONE',  ( -0.000000000000000000, 1.000000000000000000, 2.235468396877329909E-16 ) ) ;
#291 = ORIENTED_EDGE ( 'NONE', *, *, #269, .F. ) ;
#292 = EDGE_CURVE ( 'NONE', #2466, #2903, #3484, .T. ) ;
#293 = DIRECTION ( 'NONE',  ( -7.921111762451280466E-16, -0.9338561447841047247, -0.3576488513178380235 ) ) ;
#294 = EDGE_CURVE ( 'NONE', #89, #3740, #3944, .T. ) ;
#295 = DIRECTION ( 'NONE',  ( -1.000000000000000000, 0.000000000000000000, 0.000000000000000000 ) ) ;
#296 = CARTESIAN_POINT ( 'NONE',  ( -5.174644660940660224, 0.000000000000000000, -2.529644660940679746 ) ) ;
#297 = ORIENTED_EDGE ( 'NONE', *, *, #270, .T. ) ;
#298 = EDGE_LOOP ( 'NONE', ( #4262, #2462, #577, #4529 ) ) ;
#299 = DIRECTION ( 'NONE',  ( 0.000000000000000000, -1.000000000000000000, -1.054711873393898319E-15 ) ) ;
#300 = CARTESIAN_POINT ( 'NONE',  ( -9.780000000000070415, -8.774356223274818732E-15, 5.028131716266557763E-14 ) ) ;
#301 = CARTESIAN_POINT ( 'NONE',  ( -0.1739999999999769786, -0.3449999999999999734, 0.5567764362830169844 ) ) ;
#302 = VERTEX_POINT ( 'NONE', #513 ) ;
#303 = PLANE ( 'NONE',  #2993 ) ;
#304 = CARTESIAN_POINT ( 'NONE',  ( -8.887920983205800596, 0.01015434495476219730, -0.4201670376886811886 ) ) ;
#305 = AXIS2_PLACEMENT_3D ( 'NONE', #1315, #2806, #194 ) ;
#306 = CONICAL_SURFACE ( 'NONE', #2041, 3.084666666666650237, 0.8519663271732418330 ) ;
#307 = ORIENTED_EDGE ( 'NONE', *, *, #4809, .T. ) ;
#308 = VECTOR ( 'NONE', #1920, 1000.000000000000000 ) ;
#309 = VERTEX_POINT ( 'NONE', #1603 ) ;
#310 = CIRCLE ( 'NONE', #4022, 2.174999999999939870 ) ;
#311 = DIRECTION ( 'NONE',  ( 1.000000000000000000, -3.168959634848508524E-16, -1.000180237639160754E-15 ) ) ;
#312 = DIRECTION ( 'NONE',  ( -1.000000000000000000, -2.093391161677579838E-15, 0.000000000000000000 ) ) ;
#313 =( BOUNDED_CURVE ( )  B_SPLINE_CURVE ( 3, ( #1699, #4764, #3622, #1354 ),
 .UNSPECIFIED., .F., .F. ) 
 B_SPLINE_CURVE_WITH_KNOTS ( ( 4, 4 ),
 ( 4.225692442114063141, 4.228458888241132030 ),
 .UNSPECIFIED. ) 
 CURVE ( )  GEOMETRIC_REPRESENTATION_ITEM ( )  RATIONAL_B_SPLINE_CURVE ( ( 1.000000000000000000, 0.9999993622314203856, 0.9999993622314203856, 1.000000000000000000 ) ) 
 REPRESENTATION_ITEM ( '' )  );
#314 = AXIS2_PLACEMENT_3D ( 'NONE', #441, #4514, #3733 ) ;
#315 = EDGE_CURVE ( 'NONE', #3545, #409, #3123, .T. ) ;
#316 = DIRECTION ( 'NONE',  ( 2.162693482493780038E-15, 1.000000000000000000, 0.000000000000000000 ) ) ;
#317 = ORIENTED_EDGE ( 'NONE', *, *, #270, .F. ) ;
#318 = CIRCLE ( 'NONE', #241, 0.6215000000000000524 ) ;
#319 = CARTESIAN_POINT ( 'NONE',  ( -8.970426365894919485, 0.4681169167957756061, 0.008033966158370856384 ) ) ;
#320 = DIRECTION ( 'NONE',  ( 0.000000000000000000, 1.000000000000000000, 1.054711873393898319E-15 ) ) ;
#321 = AXIS2_PLACEMENT_3D ( 'NONE', #2502, #4010, #3643 ) ;
#322 = EDGE_CURVE ( 'NONE', #4844, #523, #3101, .T. ) ;
#323 = ADVANCED_FACE ( 'NONE', ( #2725 ), #2301, .F. ) ;
#324 = CARTESIAN_POINT ( 'NONE',  ( -7.679999999999929550, 2.012459992009736354, 0.7707332745899889703 ) ) ;
#325 = ORIENTED_EDGE ( 'NONE', *, *, #3564, .T. ) ;
#326 = ORIENTED_EDGE ( 'NONE', *, *, #2125, .F. ) ;
#327 = CARTESIAN_POINT ( 'NONE',  ( -8.086366472866540533, 0.03077575112620054704, -0.7384281901014652094 ) ) ;
#328 = B_SPLINE_CURVE_WITH_KNOTS ( 'NONE', 3,
 ( #2482, #3176, #3596, #207 ),
 .UNSPECIFIED., .F., .F.,
 ( 4, 4 ),
 ( 0.000000000000000000, 0.03128080825711313656 ),
 .UNSPECIFIED. ) ;
#329 = EDGE_CURVE ( 'NONE', #1081, #4718, #2391, .T. ) ;
#330 = CARTESIAN_POINT ( 'NONE',  ( -8.912944730858564313, 0.009510564827992354364, -0.4199913556030064332 ) ) ;
#331 = CIRCLE ( 'NONE', #93, 0.4337505116027510765 ) ;
#332 = PLANE ( 'NONE',  #4231 ) ;
#333 = ORIENTED_EDGE ( 'NONE', *, *, #660, .T. ) ;
#334 = DIRECTION ( 'NONE',  ( -1.000000000000000000, 2.093391161677579838E-15, 0.000000000000000000 ) ) ;
#335 = DIRECTION ( 'NONE',  ( -0.9396926207858771196, -0.3193976124846966691, -0.1223231113880178661 ) ) ;
#336 = AXIS2_PLACEMENT_3D ( 'NONE', #3290, #4036, #1760 ) ;
#337 = APPROVAL_PERSON_ORGANIZATION ( #1198, #2845, #2329 ) ;
#338 = EDGE_LOOP ( 'NONE', ( #286, #2021, #4628, #4019 ) ) ;
#339 = DIRECTION ( 'NONE',  ( -0.02571825743831512162, -0.9996692309130739140, -8.450038558976780753E-16 ) ) ;
#340 = DIRECTION ( 'NONE',  ( 1.000000000000000000, -0.000000000000000000, -0.000000000000000000 ) ) ;
#341 = AXIS2_PLACEMENT_3D ( 'NONE', #4143, #1867, #529 ) ;
#342 = DIRECTION ( 'NONE',  ( 1.000000000000000000, -0.000000000000000000, -0.000000000000000000 ) ) ;
#343 = AXIS2_PLACEMENT_3D ( 'NONE', #861, #4216, #3083 ) ;
#344 = VERTEX_POINT ( 'NONE', #4787 ) ;
#345 = ORIENTED_EDGE ( 'NONE', *, *, #527, .T. ) ;
#346 = CARTESIAN_POINT ( 'NONE',  ( -8.899739026076780135, -0.009846962383059621252, -0.4198924397464954827 ) ) ;
#347 = ADVANCED_FACE ( 'NONE', ( #4817 ), #4349, .T. ) ;
#348 = CARTESIAN_POINT ( 'NONE',  ( -1.138500000000021384, 4.341999999999997861, 0.000000000000000000 ) ) ;
#349 = DIRECTION ( 'NONE',  ( -1.000000000000000000, -2.093391161677569977E-15, 0.000000000000000000 ) ) ;
#350 = ORIENTED_EDGE ( 'NONE', *, *, #2527, .T. ) ;
#351 = EDGE_CURVE ( 'NONE', #1281, #4447, #4319, .T. ) ;
#352 = ORIENTED_EDGE ( 'NONE', *, *, #1067, .F. ) ;
#353 = DIRECTION ( 'NONE',  ( -1.000000000000000000, 0.000000000000000000, 0.000000000000000000 ) ) ;
#354 = DIRECTION ( 'NONE',  ( 1.000000000000000000, -3.168959634848508524E-16, -1.000180237639160754E-15 ) ) ;
#355 = CARTESIAN_POINT ( 'NONE',  ( -9.090000000000001634, 0.000000000000000000, 0.000000000000000000 ) ) ;
#356 = VERTEX_POINT ( 'NONE', #1405 ) ;
#357 = DIRECTION ( 'NONE',  ( -0.7514118287111375416, -0.6598335120869386339, 0.000000000000000000 ) ) ;
#358 = ADVANCED_FACE ( 'NONE', ( #285 ), #2141, .F. ) ;
#359 = DIRECTION ( 'NONE',  ( 0.000000000000000000, 0.000000000000000000, 1.000000000000000000 ) ) ;
#360 = EDGE_CURVE ( 'NONE', #842, #3114, #250, .T. ) ;
#361 = CARTESIAN_POINT ( 'NONE',  ( -10.91999999999999993, 0.000000000000000000, 0.000000000000000000 ) ) ;
#362 = ORIENTED_EDGE ( 'NONE', *, *, #2940, .T. ) ;
#363 = ORIENTED_EDGE ( 'NONE', *, *, #4294, .F. ) ;
#364 = CARTESIAN_POINT ( 'NONE',  ( -8.924423283223477554, 0.4245781617575415945, -0.009215258785133751893 ) ) ;
#365 = CARTESIAN_POINT ( 'NONE',  ( -8.912944730858548326, 0.4199913556029984951, 0.009510564827995244414 ) ) ;
#366 = DIRECTION ( 'NONE',  ( -1.000000000000000000, 0.000000000000000000, 0.000000000000000000 ) ) ;
#367 = ORIENTED_EDGE ( 'NONE', *, *, #4624, .F. ) ;
#368 = ORIENTED_EDGE ( 'NONE', *, *, #2859, .T. ) ;
#369 = DIRECTION ( 'NONE',  ( -1.000000000000000000, 0.000000000000000000, 0.000000000000000000 ) ) ;
#370 = CARTESIAN_POINT ( 'NONE',  ( -6.329666666666690311, 3.777627159769848087E-16, 3.084666666666649792 ) ) ;
#371 = CARTESIAN_POINT ( 'NONE',  ( -0.1600000000000900147, -4.128089751931540263, 2.830000000000000071 ) ) ;
#372 = ORIENTED_EDGE ( 'NONE', *, *, #3590, .T. ) ;
#373 = AXIS2_PLACEMENT_3D ( 'NONE', #994, #4717, #2461 ) ;
#374 = ORIENTED_EDGE ( 'NONE', *, *, #1478, .F. ) ;
#375 = DIRECTION ( 'NONE',  ( 1.000000000000000000, -3.168959634848508524E-16, -1.000180237639160754E-15 ) ) ;
#376 = AXIS2_PLACEMENT_3D ( 'NONE', #2944, #2924, #773 ) ;
#377 = CARTESIAN_POINT ( 'NONE',  ( -8.924423283223434922, -0.009215258785137406955, -0.4245781617575239975 ) ) ;
#378 = EDGE_CURVE ( 'NONE', #1240, #4013, #4823, .T. ) ;
#379 = DIRECTION ( 'NONE',  ( 0.000000000000000000, 0.000000000000000000, 1.000000000000000000 ) ) ;
#380 = ORIENTED_EDGE ( 'NONE', *, *, #1706, .T. ) ;
#381 = CIRCLE ( 'NONE', #3617, 3.129999999999999893 ) ;
#382 = CARTESIAN_POINT ( 'NONE',  ( -6.329666666666690311, 0.000000000000000000, 0.000000000000000000 ) ) ;
#383 = FACE_OUTER_BOUND ( 'NONE', #83, .T. ) ;
#384 = DIRECTION ( 'NONE',  ( 0.000000000000000000, -1.224646799147355919E-16, 1.000000000000000000 ) ) ;
#385 = CIRCLE ( 'NONE', #2116, 0.7281000319985680980 ) ;
#386 = EDGE_CURVE ( 'NONE', #3062, #1272, #4708, .T. ) ;
#387 = EDGE_CURVE ( 'NONE', #1032, #1686, #2109, .T. ) ;
#388 = EDGE_LOOP ( 'NONE', ( #1391, #1140, #1487, #4853, #1788 ) ) ;
#389 = ORIENTED_EDGE ( 'NONE', *, *, #4210, .T. ) ;
#390 = CARTESIAN_POINT ( 'NONE',  ( -10.91999999999999993, 0.000000000000000000, 0.000000000000000000 ) ) ;
#391 = DIRECTION ( 'NONE',  ( 1.000000000000000000, -3.168959634848508524E-16, -1.000180237639160754E-15 ) ) ;
#392 = AXIS2_PLACEMENT_3D ( 'NONE', #2974, #1458, #1133 ) ;
#393 = CIRCLE ( 'NONE', #4719, 0.6215000000000000524 ) ;
#394 = CIRCLE ( 'NONE', #2832, 0.4200190127578620758 ) ;
#395 = CARTESIAN_POINT ( 'NONE',  ( -5.209999999999999964, 0.000000000000000000, 0.000000000000000000 ) ) ;
#396 = ORIENTED_EDGE ( 'NONE', *, *, #4810, .F. ) ;
#397 = DIRECTION ( 'NONE',  ( 1.991972495380191363E-15, 1.000000000000000000, 0.000000000000000000 ) ) ;
#398 = CIRCLE ( 'NONE', #2522, 0.08900000000001009881 ) ;
#399 = TOROIDAL_SURFACE ( 'NONE', #3074, 0.4700025088314099819, 0.05000000000000000278 ) ;
#400 = CARTESIAN_POINT ( 'NONE',  ( -7.679999999999929550, 0.7428277815978707732, 0.04123024671364557830 ) ) ;
#401 = EDGE_LOOP ( 'NONE', ( #2842, #4784, #372, #2973 ) ) ;
#402 = CONICAL_SURFACE ( 'NONE', #2449, 0.6214999999999996083, 0.7205971725114797000 ) ;
#403 = ORIENTED_EDGE ( 'NONE', *, *, #785, .F. ) ;
#404 = DIRECTION ( 'NONE',  ( 0.7071067811865654473, 0.7071067811865296981, 0.000000000000000000 ) ) ;
#405 = CIRCLE ( 'NONE', #4416, 0.6215000000000000524 ) ;
#406 = FACE_OUTER_BOUND ( 'NONE', #2763, .T. ) ;
#407 = DIRECTION ( 'NONE',  ( 1.000000000000000000, -3.168959634848508524E-16, -1.000180237639160754E-15 ) ) ;
#408 = AXIS2_PLACEMENT_3D ( 'NONE', #2494, #2422, #545 ) ;
#409 = VERTEX_POINT ( 'NONE', #605 ) ;
#410 = DIRECTION ( 'NONE',  ( 0.000000000000000000, 0.000000000000000000, -1.000000000000000000 ) ) ;
#411 = DIRECTION ( 'NONE',  ( 0.000000000000000000, 0.000000000000000000, -1.000000000000000000 ) ) ;
#412 = CARTESIAN_POINT ( 'NONE',  ( -10.86999999999999922, 0.000000000000000000, 2.674999999999999822 ) ) ;
#413 = EDGE_CURVE ( 'NONE', #3226, #3653, #4735, .T. ) ;
#414 = AXIS2_PLACEMENT_3D ( 'NONE', #757, #4161, #384 ) ;
#415 = ORIENTED_EDGE ( 'NONE', *, *, #4088, .F. ) ;
#416 = LINE ( 'NONE', #1103, #789 ) ;
#417 = AXIS2_PLACEMENT_3D ( 'NONE', #2028, #3517, #845 ) ;
#418 = DIRECTION ( 'NONE',  ( 0.000000000000000000, -1.000000000000000000, -1.054711873393898516E-15 ) ) ;
#419 = EDGE_CURVE ( 'NONE', #108, #3576, #489, .T. ) ;
#420 = EDGE_CURVE ( 'NONE', #3373, #3997, #1795, .T. ) ;
#421 = VERTEX_POINT ( 'NONE', #1812 ) ;
#422 = AXIS2_PLACEMENT_3D ( 'NONE', #879, #4254, #1227 ) ;
#423 = EDGE_CURVE ( 'NONE', #1074, #2623, #1122, .T. ) ;
#424 = EDGE_CURVE ( 'NONE', #3970, #1628, #3880, .T. ) ;
#425 = AXIS2_PLACEMENT_3D ( 'NONE', #3058, #1191, #2664 ) ;
#426 = CARTESIAN_POINT ( 'NONE',  ( -1.679999999999929772, 0.000000000000000000, 0.000000000000000000 ) ) ;
#427 = ORIENTED_EDGE ( 'NONE', *, *, #2254, .T. ) ;
#428 = LOCAL_TIME ( 8, 33, 44.00000000000000000, #2350 ) ;
#429 = ORIENTED_EDGE ( 'NONE', *, *, #834, .T. ) ;
#430 = DIRECTION ( 'NONE',  ( 0.000000000000000000, 0.000000000000000000, 1.000000000000000000 ) ) ;
#431 = EDGE_LOOP ( 'NONE', ( #1457, #3732, #1728, #2213 ) ) ;
#432 = DIRECTION ( 'NONE',  ( -1.000000000000000000, 0.000000000000000000, 0.000000000000000000 ) ) ;
#433 = CARTESIAN_POINT ( 'NONE',  ( -5.029289321881379671, 3.275930187719171820E-16, 2.675000000000001599 ) ) ;
#434 = CARTESIAN_POINT ( 'NONE',  ( -8.887920983205800596, 0.7291205759919894280, 0.01015434495476505959 ) ) ;
#435 = ORIENTED_EDGE ( 'NONE', *, *, #4482, .F. ) ;
#436 = CARTESIAN_POINT ( 'NONE',  ( -1.298500000000019972, 3.580000000000000071, 0.000000000000000000 ) ) ;
#437 = LINE ( 'NONE', #3778, #2911 ) ;
#438 = AXIS2_PLACEMENT_3D ( 'NONE', #1328, #925, #2061 ) ;
#439 = EDGE_CURVE ( 'NONE', #4295, #1407, #2465, .T. ) ;
#440 = VERTEX_POINT ( 'NONE', #4722 ) ;
#441 = CARTESIAN_POINT ( 'NONE',  ( -1.138500000000019829, -3.580000000000000071, 0.000000000000000000 ) ) ;
#442 =( BOUNDED_CURVE ( )  B_SPLINE_CURVE ( 3, ( #3642, #3020, #3042, #4177 ),
 .UNSPECIFIED., .F., .F. ) 
 B_SPLINE_CURVE_WITH_KNOTS ( ( 4, 4 ),
 ( 4.225692442114063141, 4.228458888241132030 ),
 .UNSPECIFIED. ) 
 CURVE ( )  GEOMETRIC_REPRESENTATION_ITEM ( )  RATIONAL_B_SPLINE_CURVE ( ( 1.000000000000000000, 0.9999993622314203856, 0.9999993622314203856, 1.000000000000000000 ) ) 
 REPRESENTATION_ITEM ( '' )  );
#443 = DIRECTION ( 'NONE',  ( -1.000000000000000000, 0.000000000000000000, 0.000000000000000000 ) ) ;
#444 = ADVANCED_FACE ( 'NONE', ( #1356 ), #3224, .T. ) ;
#445 = ORIENTED_EDGE ( 'NONE', *, *, #646, .T. ) ;
#446 = ADVANCED_FACE ( 'NONE', ( #998 ), #2224, .T. ) ;
#447 = ORIENTED_EDGE ( 'NONE', *, *, #206, .F. ) ;
#448 = CARTESIAN_POINT ( 'NONE',  ( -0.3385000000000396581, 2.958499999999999908, -8.471494233101822629E-17 ) ) ;
#449 = DIRECTION ( 'NONE',  ( 2.100641709190701917E-15, -1.000000000000000000, 0.000000000000000000 ) ) ;
#450 = PERSON_AND_ORGANIZATION ( #2338, #3253 ) ;
#451 = ORIENTED_EDGE ( 'NONE', *, *, #2892, .T. ) ;
#452 = DIRECTION ( 'NONE',  ( 1.000000000000000000, -3.168959634848508524E-16, -1.000180237639160754E-15 ) ) ;
#453 = DIRECTION ( 'NONE',  ( -1.000000000000000000, 0.000000000000000000, 0.000000000000000000 ) ) ;
#454 = DIRECTION ( 'NONE',  ( 1.000000000000000000, 0.000000000000000000, 0.000000000000000000 ) ) ;
#455 = EDGE_LOOP ( 'NONE', ( #919, #4606, #4211, #2961 ) ) ;
#456 = DIRECTION ( 'NONE',  ( 0.000000000000000000, 0.000000000000000000, 1.000000000000000000 ) ) ;
#457 = LINE ( 'NONE', #2360, #4483 ) ;
#458 = CARTESIAN_POINT ( 'NONE',  ( -8.977106130260658290, -0.007862296986431772591, -0.7280552080212900901 ) ) ;
#459 = VECTOR ( 'NONE', #1120, 1000.000000000000114 ) ;
#460 = ORIENTED_EDGE ( 'NONE', *, *, #1177, .T. ) ;
#461 = CIRCLE ( 'NONE', #3225, 1.750000000000000000 ) ;
#462 = LINE ( 'NONE', #3478, #3385 ) ;
#463 = DIRECTION ( 'NONE',  ( 0.000000000000000000, 1.000000000000000000, 1.054711873393898516E-15 ) ) ;
#464 = ADVANCED_FACE ( 'NONE', ( #2137 ), #3650, .T. ) ;
#465 = CONICAL_SURFACE ( 'NONE', #3227, 2.729999999999999982, 0.8519663271732560439 ) ;
#466 = DIRECTION ( 'NONE',  ( -1.000000000000000000, 2.093391161677569977E-15, 0.000000000000000000 ) ) ;
#467 = ORIENTED_EDGE ( 'NONE', *, *, #2001, .F. ) ;
#468 = AXIS2_PLACEMENT_3D ( 'NONE', #909, #1602, #3150 ) ;
#469 = AXIS2_PLACEMENT_3D ( 'NONE', #3142, #504, #4222 ) ;
#470 = ORIENTED_EDGE ( 'NONE', *, *, #4273, .T. ) ;
#471 = PLANE ( 'NONE',  #2031 ) ;
#472 = EDGE_CURVE ( 'NONE', #1907, #344, #1178, .T. ) ;
#473 = EDGE_CURVE ( 'NONE', #4234, #4372, #2386, .T. ) ;
#474 =( BOUNDED_CURVE ( )  B_SPLINE_CURVE ( 3, ( #1648, #3898, #1209, #2035 ),
 .UNSPECIFIED., .F., .F. ) 
 B_SPLINE_CURVE_WITH_KNOTS ( ( 4, 4 ),
 ( 4.229028245631490712, 4.266166851486035583 ),
 .UNSPECIFIED. ) 
 CURVE ( )  GEOMETRIC_REPRESENTATION_ITEM ( )  RATIONAL_B_SPLINE_CURVE ( ( 1.000000000000000000, 0.9998850636323424190, 0.9998850636323424190, 1.000000000000000000 ) ) 
 REPRESENTATION_ITEM ( '' )  );
#475 = CIRCLE ( 'NONE', #1106, 2.729999999999999982 ) ;
#476 = LINE ( 'NONE', #3884, #243 ) ;
#477 = ORIENTED_EDGE ( 'NONE', *, *, #4368, .F. ) ;
#478 = DATE_TIME_ROLE ( 'creation_date' ) ;
#479 = ORIENTED_EDGE ( 'NONE', *, *, #3254, .F. ) ;
#480 = CARTESIAN_POINT ( 'NONE',  ( -8.977106130260658290, -0.007862296986425328094, 0.7280575807464860771 ) ) ;
#481 = CARTESIAN_POINT ( 'NONE',  ( -8.373838290319401523, -9.219963193079579908E-15, 4.887490200971807718E-14 ) ) ;
#482 = DIRECTION ( 'NONE',  ( -3.285461128743950066E-16, -1.000000000000000000, 0.000000000000000000 ) ) ;
#483 = EDGE_CURVE ( 'NONE', #3813, #4381, #4450, .T. ) ;
#484 = CIRCLE ( 'NONE', #168, 0.7620000000000001217 ) ;
#485 = CARTESIAN_POINT ( 'NONE',  ( -8.898454457782548843, -0.009883635875936247137, 0.4199027087552159587 ) ) ;
#486 = ORIENTED_EDGE ( 'NONE', *, *, #4810, .T. ) ;
#487 = FACE_OUTER_BOUND ( 'NONE', #1645, .T. ) ;
#488 = DIRECTION ( 'NONE',  ( 0.7514118287111340999, -0.6598335120869424086, 0.000000000000000000 ) ) ;
#489 = CIRCLE ( 'NONE', #2541, 3.129999999999999893 ) ;
#490 = VERTEX_POINT ( 'NONE', #3798 ) ;
#491 = DIRECTION ( 'NONE',  ( 0.000000000000000000, 0.000000000000000000, 1.000000000000000000 ) ) ;
#492 = DIRECTION ( 'NONE',  ( 0.000000000000000000, 0.000000000000000000, 1.000000000000000000 ) ) ;
#493 = VECTOR ( 'NONE', #2934, 1000.000000000000000 ) ;
#494 = AXIS2_PLACEMENT_3D ( 'NONE', #3197, #2128, #253 ) ;
#495 = CARTESIAN_POINT ( 'NONE',  ( -7.689999999999999503, 0.000000000000000000, 0.000000000000000000 ) ) ;
#496 = ORIENTED_EDGE ( 'NONE', *, *, #3676, .F. ) ;
#497 = ORIENTED_EDGE ( 'NONE', *, *, #1591, .F. ) ;
#498 = DIRECTION ( 'NONE',  ( -0.6585046078685301563, 0.000000000000000000, 0.7525766947068672774 ) ) ;
#499 = CARTESIAN_POINT ( 'NONE',  ( -9.780000000000072191, -2.045144957077170478, -0.7832509843860044896 ) ) ;
#500 = VERTEX_POINT ( 'NONE', #1156 ) ;
#501 = APPLICATION_PROTOCOL_DEFINITION ( 'international standard', 'config_control_design', 1994, #2566 ) ;
#502 = EDGE_CURVE ( 'NONE', #4848, #1697, #805, .T. ) ;
#503 = VERTEX_POINT ( 'NONE', #701 ) ;
#504 = DIRECTION ( 'NONE',  ( -1.000000000000000000, 0.000000000000000000, 0.000000000000000000 ) ) ;
#505 = DIRECTION ( 'NONE',  ( 1.000000000000000000, -0.000000000000000000, -0.000000000000000000 ) ) ;
#506 = CARTESIAN_POINT ( 'NONE',  ( -1.679999999999929772, 0.2850000000000041389, -8.425135465737657029E-15 ) ) ;
#507 = CARTESIAN_POINT ( 'NONE',  ( -8.934174368666218058, 0.4336578673793736183, -0.008964394881389997974 ) ) ;
#508 = EDGE_CURVE ( 'NONE', #4081, #3293, #4655, .T. ) ;
#509 = EDGE_LOOP ( 'NONE', ( #3793, #966, #703, #1638 ) ) ;
#510 = EDGE_CURVE ( 'NONE', #1027, #3740, #3170, .T. ) ;
#511 = DIRECTION ( 'NONE',  ( -2.093391161677564061E-15, 1.000000000000000000, 0.000000000000000000 ) ) ;
#512 = CARTESIAN_POINT ( 'NONE',  ( -0.008999999999976740148, 0.000000000000000000, 0.000000000000000000 ) ) ;
#513 = CARTESIAN_POINT ( 'NONE',  ( -8.740000000000000213, 0.000000000000000000, -2.729999999999999982 ) ) ;
#514 = ORIENTED_EDGE ( 'NONE', *, *, #1040, .F. ) ;
#515 = CARTESIAN_POINT ( 'NONE',  ( -7.339999999999999858, 0.000000000000000000, 0.000000000000000000 ) ) ;
#516 = LINE ( 'NONE', #3557, #1257 ) ;
#517 = DIRECTION ( 'NONE',  ( 1.000000000000000000, 2.100641709190699945E-15, 0.000000000000000000 ) ) ;
#518 = ORIENTED_EDGE ( 'NONE', *, *, #1771, .T. ) ;
#519 = ORIENTED_EDGE ( 'NONE', *, *, #4128, .F. ) ;
#520 = DIRECTION ( 'NONE',  ( -1.000000000000000000, 0.000000000000000000, 0.000000000000000000 ) ) ;
#521 = ORIENTED_EDGE ( 'NONE', *, *, #3037, .T. ) ;
#522 = B_SPLINE_CURVE_WITH_KNOTS ( 'NONE', 3,
 ( #4602, #3184, #1314, #71 ),
 .UNSPECIFIED., .F., .F.,
 ( 4, 4 ),
 ( 0.03128080825711313656, 1.000000000000000000 ),
 .UNSPECIFIED. ) ;
#523 = VERTEX_POINT ( 'NONE', #412 ) ;
#524 = DIRECTION ( 'NONE',  ( 0.000000000000000000, 0.000000000000000000, -1.000000000000000000 ) ) ;
#525 = DIRECTION ( 'NONE',  ( 1.000000000000000000, -3.168959634848508524E-16, -1.000180237639160754E-15 ) ) ;
#526 = DIRECTION ( 'NONE',  ( -2.093391161677564061E-15, 1.000000000000000000, 0.000000000000000000 ) ) ;
#527 = EDGE_CURVE ( 'NONE', #3545, #2051, #3569, .T. ) ;
#528 = CARTESIAN_POINT ( 'NONE',  ( -8.898454457782548843, 0.4199027087552135162, 0.009883635875951623725 ) ) ;
#529 = DIRECTION ( 'NONE',  ( 2.134256245050205060E-15, -1.000000000000000000, 0.000000000000000000 ) ) ;
#530 = ORIENTED_EDGE ( 'NONE', *, *, #2906, .F. ) ;
#531 = CARTESIAN_POINT ( 'NONE',  ( -0.8899999999999769207, 0.000000000000000000, 0.000000000000000000 ) ) ;
#532 = DIRECTION ( 'NONE',  ( 7.975740119433816468E-16, 0.000000000000000000, 1.000000000000000000 ) ) ;
#533 = DIRECTION ( 'NONE',  ( 0.000000000000000000, 0.000000000000000000, -1.000000000000000000 ) ) ;
#534 = EDGE_CURVE ( 'NONE', #1370, #3388, #4528, .T. ) ;
#535 = ADVANCED_FACE ( 'NONE', ( #2579, #46 ), #4864, .T. ) ;
#536 = ORIENTED_EDGE ( 'NONE', *, *, #4773, .T. ) ;
#537 = CARTESIAN_POINT ( 'NONE',  ( -8.390000000000000568, 3.833144481331215679E-16, -3.129999999999999893 ) ) ;
#538 = DIRECTION ( 'NONE',  ( 0.000000000000000000, 0.000000000000000000, 1.000000000000000000 ) ) ;
#539 = AXIS2_PLACEMENT_3D ( 'NONE', #967, #2477, #3588 ) ;
#540 = ADVANCED_FACE ( 'NONE', ( #2633 ), #4084, .T. ) ;
#541 = CIRCLE ( 'NONE', #4710, 32.83866989419679072 ) ;
#542 = DIRECTION ( 'NONE',  ( 0.6585046078685301563, 9.216406402856598770E-17, 0.7525766947068672774 ) ) ;
#543 = EDGE_LOOP ( 'NONE', ( #1757, #3955, #2165, #1075 ) ) ;
#544 = CONICAL_SURFACE ( 'NONE', #305, 0.7600000000000002309, 0.01223516596216942670 ) ;
#545 = DIRECTION ( 'NONE',  ( 2.100641709190701917E-15, 1.000000000000000000, 0.000000000000000000 ) ) ;
#546 = CARTESIAN_POINT ( 'NONE',  ( -8.898454457782548843, 0.4199027087552135162, 0.009883635875951623725 ) ) ;
#547 = VECTOR ( 'NONE', #2336, 1000.000000000000000 ) ;
#548 = ORIENTED_EDGE ( 'NONE', *, *, #221, .F. ) ;
#549 = AXIS2_PLACEMENT_3D ( 'NONE', #1426, #2577, #4426 ) ;
#550 = VERTEX_POINT ( 'NONE', #1550 ) ;
#551 = DIRECTION ( 'NONE',  ( -3.168959634848519371E-16, -1.000000000000000000, -1.054711873393898122E-15 ) ) ;
#552 = CARTESIAN_POINT ( 'NONE',  ( -0.008999999999976740148, 0.000000000000000000, 0.000000000000000000 ) ) ;
#553 = VECTOR ( 'NONE', #2383, 1000.000000000000000 ) ;
#554 = CONICAL_SURFACE ( 'NONE', #3946, 0.4200190127578620758, 0.02569422850663167016 ) ;
#555 = CARTESIAN_POINT ( 'NONE',  ( -8.899739027852890061, 6.457239091268311778E-15, -6.396360220680939239E-16 ) ) ;
#556 = DIRECTION ( 'NONE',  ( 6.536485558600553507E-16, 0.9338561447841048357, 0.3576488513178380790 ) ) ;
#557 = ORIENTED_EDGE ( 'NONE', *, *, #1980, .F. ) ;
#558 = CARTESIAN_POINT ( 'NONE',  ( -6.639999999999999680, 0.000000000000000000, -2.729999999999999982 ) ) ;
#559 = EDGE_CURVE ( 'NONE', #1808, #3337, #3050, .T. ) ;
#560 = CARTESIAN_POINT ( 'NONE',  ( -0.05999999999997670391, -3.200000000000000178, 1.649999999999999911 ) ) ;
#561 = FACE_OUTER_BOUND ( 'NONE', #3776, .T. ) ;
#562 = VECTOR ( 'NONE', #2459, 999.9999999999998863 ) ;
#563 = ORIENTED_EDGE ( 'NONE', *, *, #723, .F. ) ;
#564 = DIRECTION ( 'NONE',  ( 1.000000000000000000, -1.991972495380200041E-15, 0.000000000000000000 ) ) ;
#565 = EDGE_CURVE ( 'NONE', #2875, #4485, #3771, .T. ) ;
#566 = DIRECTION ( 'NONE',  ( 0.000000000000000000, 0.000000000000000000, -1.000000000000000000 ) ) ;
#567 = VECTOR ( 'NONE', #1496, 1000.000000000000000 ) ;
#568 = DIRECTION ( 'NONE',  ( 2.134256245050205060E-15, -1.000000000000000000, 0.000000000000000000 ) ) ;
#569 = EDGE_LOOP ( 'NONE', ( #2388, #3092, #1467, #2711 ) ) ;
#570 = EDGE_CURVE ( 'NONE', #1265, #4369, #635, .T. ) ;
#571 = ADVANCED_FACE ( 'NONE', ( #2677 ), #2625, .F. ) ;
#572 = CIRCLE ( 'NONE', #2544, 0.7620000000000001217 ) ;
#573 = VERTEX_POINT ( 'NONE', #2312 ) ;
#574 = FACE_OUTER_BOUND ( 'NONE', #4065, .T. ) ;
#575 = VECTOR ( 'NONE', #271, 999.9999999999998863 ) ;
#576 = EDGE_LOOP ( 'NONE', ( #1926, #747, #4348, #2932 ) ) ;
#577 = ORIENTED_EDGE ( 'NONE', *, *, #4624, .T. ) ;
#578 = CARTESIAN_POINT ( 'NONE',  ( -8.934174368666218058, -0.4336578673793606842, 0.008964394881407921137 ) ) ;
#579 = DIRECTION ( 'NONE',  ( 0.000000000000000000, 0.000000000000000000, 1.000000000000000000 ) ) ;
#580 = DIRECTION ( 'NONE',  ( -1.000000000000000000, 0.000000000000000000, 0.000000000000000000 ) ) ;
#581 = VECTOR ( 'NONE', #767, 1000.000000000000000 ) ;
#582 = PLANE ( 'NONE',  #2314 ) ;
#583 = ORIENTED_EDGE ( 'NONE', *, *, #2759, .F. ) ;
#584 = CARTESIAN_POINT ( 'NONE',  ( -0.8899999999999769207, -3.200000000000000178, 2.830000000000000071 ) ) ;
#585 = FACE_OUTER_BOUND ( 'NONE', #57, .T. ) ;
#586 = DIRECTION ( 'NONE',  ( 0.000000000000000000, 0.000000000000000000, -1.000000000000000000 ) ) ;
#587 = EDGE_LOOP ( 'NONE', ( #768, #4029, #4122, #1148, #4299, #1846, #2799 ) ) ;
#588 = FACE_OUTER_BOUND ( 'NONE', #1869, .T. ) ;
#589 = PLANE ( 'NONE',  #73 ) ;
#590 = EDGE_CURVE ( 'NONE', #2214, #4109, #3849, .T. ) ;
#591 = CARTESIAN_POINT ( 'NONE',  ( -8.899312703363923660, 0.009861272823876244056, 0.4198947132203099120 ) ) ;
#592 = ORIENTED_EDGE ( 'NONE', *, *, #2765, .T. ) ;
#593 = ORIENTED_EDGE ( 'NONE', *, *, #3590, .F. ) ;
#594 = ADVANCED_FACE ( 'NONE', ( #3823 ), #2007, .F. ) ;
#595 = DIRECTION ( 'NONE',  ( 0.6585046078685445892, 0.000000000000000000, -0.7525766947068546209 ) ) ;
#596 = ORIENTED_EDGE ( 'NONE', *, *, #4088, .T. ) ;
#597 = VERTEX_POINT ( 'NONE', #905 ) ;
#598 = DIRECTION ( 'NONE',  ( -1.000000000000000000, 2.093391161677579838E-15, 0.000000000000000000 ) ) ;
#599 = CARTESIAN_POINT ( 'NONE',  ( -0.8899999999999769207, 2.439999999999999947, 0.8899999999999999023 ) ) ;
#600 = FACE_OUTER_BOUND ( 'NONE', #1852, .T. ) ;
#601 = CARTESIAN_POINT ( 'NONE',  ( -8.373838290319401523, -9.219963193079579908E-15, 4.887490200971807718E-14 ) ) ;
#602 = ORIENTED_EDGE ( 'NONE', *, *, #1971, .T. ) ;
#603 = DIRECTION ( 'NONE',  ( 7.975740119433816468E-16, 0.000000000000000000, 1.000000000000000000 ) ) ;
#604 = CARTESIAN_POINT ( 'NONE',  ( -8.977106130260658290, 0.007862296986438199742, -0.7280575807464680915 ) ) ;
#605 = CARTESIAN_POINT ( 'NONE',  ( -0.8185000000000344222, -2.817999999999999616, 0.000000000000000000 ) ) ;
#606 = VERTEX_POINT ( 'NONE', #506 ) ;
#607 = EDGE_LOOP ( 'NONE', ( #2266, #4385 ) ) ;
#608 = DIRECTION ( 'NONE',  ( 8.049760909405136270E-16, 0.9338561447841048357, 0.3576488513178380235 ) ) ;
#609 = CARTESIAN_POINT ( 'NONE',  ( -8.977106130260658290, -0.7280575807464707561, -0.007862296986422779785 ) ) ;
#610 = EDGE_LOOP ( 'NONE', ( #3581, #2979, #638, #2269 ) ) ;
#611 = AXIS2_PLACEMENT_3D ( 'NONE', #1170, #4078, #40 ) ;
#612 = CARTESIAN_POINT ( 'NONE',  ( -8.428787838708315050, -9.202549902999818360E-15, 4.892986146208386365E-14 ) ) ;
#613 = EDGE_CURVE ( 'NONE', #2762, #573, #4593, .T. ) ;
#614 = DIRECTION ( 'NONE',  ( 0.000000000000000000, -1.019210937425852674E-15, 1.000000000000000000 ) ) ;
#615 = VECTOR ( 'NONE', #3126, 1000.000000000000000 ) ;
#616 = DIRECTION ( 'NONE',  ( 0.000000000000000000, 0.000000000000000000, 1.000000000000000000 ) ) ;
#617 = ORIENTED_EDGE ( 'NONE', *, *, #3155, .F. ) ;
#618 = AXIS2_PLACEMENT_3D ( 'NONE', #2216, #3827, #2268 ) ;
#619 = ORIENTED_EDGE ( 'NONE', *, *, #4127, .F. ) ;
#620 = AXIS2_PLACEMENT_3D ( 'NONE', #2052, #3192, #3957 ) ;
#621 = EDGE_CURVE ( 'NONE', #2813, #1449, #1952, .T. ) ;
#622 = DIRECTION ( 'NONE',  ( -1.000000000000000000, 0.000000000000000000, 0.000000000000000000 ) ) ;
#623 = EDGE_CURVE ( 'NONE', #2564, #722, #1679, .T. ) ;
#624 = CARTESIAN_POINT ( 'NONE',  ( -1.458499999999998353, -2.817999999999999616, 0.000000000000000000 ) ) ;
#625 = AXIS2_PLACEMENT_3D ( 'NONE', #1253, #908, #117 ) ;
#626 = FACE_OUTER_BOUND ( 'NONE', #2498, .T. ) ;
#627 = CARTESIAN_POINT ( 'NONE',  ( -0.1599999999999660028, 0.000000000000000000, 0.000000000000000000 ) ) ;
#628 = EDGE_LOOP ( 'NONE', ( #2814, #791, #1020, #3710 ) ) ;
#629 = CARTESIAN_POINT ( 'NONE',  ( -0.06000000000003920947, -2.680000000000015703, 0.000000000000000000 ) ) ;
#630 = TOROIDAL_SURFACE ( 'NONE', #2122, 0.4700025088314099819, 0.05000000000000000278 ) ;
#631 = EDGE_CURVE ( 'NONE', #2051, #2079, #4224, .T. ) ;
#632 = DIRECTION ( 'NONE',  ( 0.000000000000000000, -1.000000000000000000, 0.000000000000000000 ) ) ;
#633 = VECTOR ( 'NONE', #3248, 1000.000000000000114 ) ;
#634 = CARTESIAN_POINT ( 'NONE',  ( -5.174644660940660224, 0.000000000000000000, 0.000000000000000000 ) ) ;
#635 =( BOUNDED_CURVE ( )  B_SPLINE_CURVE ( 3, ( #1886, #3397, #4472, #23 ),
 .UNSPECIFIED., .F., .F. ) 
 B_SPLINE_CURVE_WITH_KNOTS ( ( 4, 4 ),
 ( 3.091489407985965165, 3.094755831082443454 ),
 .UNSPECIFIED. ) 
 CURVE ( )  GEOMETRIC_REPRESENTATION_ITEM ( )  RATIONAL_B_SPLINE_CURVE ( ( 1.000000000000000000, 0.9999991108735437617, 0.9999991108735437617, 1.000000000000000000 ) ) 
 REPRESENTATION_ITEM ( '' )  );
#636 = AXIS2_PLACEMENT_3D ( 'NONE', #2741, #3094, #1224 ) ;
#637 = VECTOR ( 'NONE', #1485, 1000.000000000000000 ) ;
#638 = ORIENTED_EDGE ( 'NONE', *, *, #4132, .T. ) ;
#639 = EDGE_LOOP ( 'NONE', ( #915, #4539, #326, #2200, #672, #995 ) ) ;
#640 = CARTESIAN_POINT ( 'NONE',  ( -0.05999999999997670391, 2.439999999999999947, 0.8899999999999999023 ) ) ;
#641 = VECTOR ( 'NONE', #1243, 1000.000000000000000 ) ;
#642 = DIRECTION ( 'NONE',  ( -1.000000000000000000, 2.093391161677579838E-15, 0.000000000000000000 ) ) ;
#643 = ORIENTED_EDGE ( 'NONE', *, *, #686, .T. ) ;
#644 = CARTESIAN_POINT ( 'NONE',  ( -0.3800947046203329571, 0.2728985817937286673, 0.5956280547611473297 ) ) ;
#645 = ORIENTED_EDGE ( 'NONE', *, *, #1597, .F. ) ;
#646 = EDGE_CURVE ( 'NONE', #979, #2841, #3467, .T. ) ;
#647 = EDGE_LOOP ( 'NONE', ( #1217, #3809, #367, #4699 ) ) ;
#648 = VECTOR ( 'NONE', #2428, 1000.000000000000000 ) ;
#649 = CARTESIAN_POINT ( 'NONE',  ( -7.679999999999929550, 0.04123024671364346888, -0.4494459704243187192 ) ) ;
#650 = DIRECTION ( 'NONE',  ( 2.093391161677562877E-15, 1.000000000000000000, 0.000000000000000000 ) ) ;
#651 = B_SPLINE_CURVE_WITH_KNOTS ( 'NONE', 3,
 ( #2234, #330, #4782, #1806 ),
 .UNSPECIFIED., .F., .F.,
 ( 4, 4 ),
 ( 0.03128080825706176793, 1.000000000000000000 ),
 .UNSPECIFIED. ) ;
#652 = FACE_OUTER_BOUND ( 'NONE', #4843, .T. ) ;
#653 = EDGE_CURVE ( 'NONE', #2681, #1632, #2774, .T. ) ;
#654 = EDGE_LOOP ( 'NONE', ( #3191, #4778, #911, #4766 ) ) ;
#655 = TOROIDAL_SURFACE ( 'NONE', #1371, 2.564999999999999947, 0.04999999999999879541 ) ;
#656 = DIRECTION ( 'NONE',  ( -1.000000000000000000, 0.000000000000000000, 0.000000000000000000 ) ) ;
#657 = CARTESIAN_POINT ( 'NONE',  ( -8.934174368666218058, 0.008964394881405433543, 0.4336578673793760608 ) ) ;
#658 = CARTESIAN_POINT ( 'NONE',  ( -8.498837293485518529, 0.02016421040584341975, -0.4299274507922002386 ) ) ;
#659 = AXIS2_PLACEMENT_3D ( 'NONE', #1873, #2019, #2071 ) ;
#660 = EDGE_CURVE ( 'NONE', #4350, #2813, #2308, .T. ) ;
#661 = ADVANCED_FACE ( 'NONE', ( #2719 ), #3144, .T. ) ;
#662 = ORIENTED_EDGE ( 'NONE', *, *, #2319, .F. ) ;
#663 = ORIENTED_EDGE ( 'NONE', *, *, #4337, .F. ) ;
#664 = AXIS2_PLACEMENT_3D ( 'NONE', #2471, #2760, #3927 ) ;
#665 = DIRECTION ( 'NONE',  ( -0.7714311711935651905, 0.6363127753793133001, 0.000000000000000000 ) ) ;
#666 = DIRECTION ( 'NONE',  ( 1.000000000000000000, -3.168959634848508524E-16, -1.000180237639160754E-15 ) ) ;
#667 = ORIENTED_EDGE ( 'NONE', *, *, #2765, .F. ) ;
#668 = CARTESIAN_POINT ( 'NONE',  ( -7.679999999999929550, -0.04123024671363181848, 0.7428277815978668874 ) ) ;
#669 = LINE ( 'NONE', #274, #2615 ) ;
#670 = CARTESIAN_POINT ( 'NONE',  ( -10.91999999999999993, 0.000000000000000000, 2.305000000000000160 ) ) ;
#671 = ORIENTED_EDGE ( 'NONE', *, *, #146, .T. ) ;
#672 = ORIENTED_EDGE ( 'NONE', *, *, #4839, .T. ) ;
#673 = DIRECTION ( 'NONE',  ( -7.921111762451280466E-16, -0.9338561447841047247, -0.3576488513178380235 ) ) ;
#674 = DIRECTION ( 'NONE',  ( -3.168959634848519371E-16, -1.000000000000000000, -1.054711873393898122E-15 ) ) ;
#675 = CARTESIAN_POINT ( 'NONE',  ( -0.3446170587114156247, -0.3125657672552041300, 0.5810199465641358030 ) ) ;
#676 = ORIENTED_EDGE ( 'NONE', *, *, #78, .T. ) ;
#677 = DIRECTION ( 'NONE',  ( 0.000000000000000000, 1.000000000000000000, 0.000000000000000000 ) ) ;
#678 = DIRECTION ( 'NONE',  ( 0.000000000000000000, 0.000000000000000000, -1.000000000000000000 ) ) ;
#679 = DIRECTION ( 'NONE',  ( 0.000000000000000000, 0.000000000000000000, 1.000000000000000000 ) ) ;
#680 = ADVANCED_FACE ( 'NONE', ( #2333 ), #2305, .F. ) ;
#681 = ORIENTED_EDGE ( 'NONE', *, *, #134, .F. ) ;
#682 = ORIENTED_EDGE ( 'NONE', *, *, #2192, .F. ) ;
#683 = FACE_OUTER_BOUND ( 'NONE', #4530, .T. ) ;
#684 = CARTESIAN_POINT ( 'NONE',  ( -8.740000000000000213, 0.000000000000000000, 0.000000000000000000 ) ) ;
#685 = EDGE_CURVE ( 'NONE', #3532, #1027, #2773, .T. ) ;
#686 = EDGE_CURVE ( 'NONE', #2011, #302, #965, .T. ) ;
#687 = CARTESIAN_POINT ( 'NONE',  ( -8.977106130260658290, -0.007862296986431772591, -0.7280552080212900901 ) ) ;
#688 = VERTEX_POINT ( 'NONE', #112 ) ;
#689 = CARTESIAN_POINT ( 'NONE',  ( -0.5191270110549577321, 0.08758236927404756955, 0.6550000265490800722 ) ) ;
#690 = CARTESIAN_POINT ( 'NONE',  ( -8.970426365894919485, 6.479639623363320087E-15, -5.689359435071367182E-16 ) ) ;
#691 = EDGE_CURVE ( 'NONE', #2568, #3924, #733, .T. ) ;
#692 = ORIENTED_EDGE ( 'NONE', *, *, #4413, .T. ) ;
#693 = ORIENTED_EDGE ( 'NONE', *, *, #3214, .T. ) ;
#694 = AXIS2_PLACEMENT_3D ( 'NONE', #1804, #1908, #3316 ) ;
#695 = DIRECTION ( 'NONE',  ( 0.000000000000000000, 0.000000000000000000, 1.000000000000000000 ) ) ;
#696 = CIRCLE ( 'NONE', #4090, 0.6215000000000000524 ) ;
#697 = CARTESIAN_POINT ( 'NONE',  ( -5.209999999999999964, 0.000000000000000000, 0.000000000000000000 ) ) ;
#698 = ORIENTED_EDGE ( 'NONE', *, *, #3652, .F. ) ;
#699 = FACE_OUTER_BOUND ( 'NONE', #748, .T. ) ;
#700 = CARTESIAN_POINT ( 'NONE',  ( 0.04199999999993098143, 3.623638086806798536E-15, -9.582986687853287557E-15 ) ) ;
#701 = CARTESIAN_POINT ( 'NONE',  ( -8.898454457782539961, -0.4199027154032676235, 0.009883352707998917935 ) ) ;
#702 = AXIS2_PLACEMENT_3D ( 'NONE', #1818, #2904, #1029 ) ;
#703 = ORIENTED_EDGE ( 'NONE', *, *, #2705, .T. ) ;
#704 = EDGE_CURVE ( 'NONE', #3653, #3226, #4353, .T. ) ;
#705 = AXIS2_PLACEMENT_3D ( 'NONE', #68, #166, #1676 ) ;
#706 = ORIENTED_EDGE ( 'NONE', *, *, #685, .F. ) ;
#707 = AXIS2_PLACEMENT_3D ( 'NONE', #2675, #432, #2309 ) ;
#708 = DIRECTION ( 'NONE',  ( 0.000000000000000000, 1.776356839400250859E-15, 1.000000000000000000 ) ) ;
#709 = FACE_OUTER_BOUND ( 'NONE', #2351, .T. ) ;
#710 = AXIS2_PLACEMENT_3D ( 'NONE', #1810, #2948, #779 ) ;
#711 = CONICAL_SURFACE ( 'NONE', #314, 0.7620000000000001217, 0.7205971725114839188 ) ;
#712 = CARTESIAN_POINT ( 'NONE',  ( -8.970426365894919485, -0.4681169167957626165, -0.008033966158352863832 ) ) ;
#713 = ADVANCED_FACE ( 'NONE', ( #1619 ), #1595, .T. ) ;
#714 = ORIENTED_EDGE ( 'NONE', *, *, #2313, .T. ) ;
#715 = EDGE_LOOP ( 'NONE', ( #396, #782, #276, #3585, #1244, #1161, #4742, #706 ) ) ;
#716 = AXIS2_PLACEMENT_3D ( 'NONE', #4568, #1277, #1594 ) ;
#717 = CARTESIAN_POINT ( 'NONE',  ( -8.977106130260658290, 6.481756413727852622E-15, -5.622549751964386981E-16 ) ) ;
#718 = DIRECTION ( 'NONE',  ( -0.02571825743831579469, 1.062513019280632447E-15, -0.9996692309130739140 ) ) ;
#719 = AXIS2_PLACEMENT_3D ( 'NONE', #4037, #4496, #1121 ) ;
#720 = CARTESIAN_POINT ( 'NONE',  ( -0.008999999999976819945, 0.3449999999999999734, 0.8899999999999999023 ) ) ;
#721 = EDGE_CURVE ( 'NONE', #2540, #148, #2384, .T. ) ;
#722 = VERTEX_POINT ( 'NONE', #2742 ) ;
#723 = EDGE_CURVE ( 'NONE', #1360, #3211, #3729, .T. ) ;
#724 = ORIENTED_EDGE ( 'NONE', *, *, #169, .F. ) ;
#725 = CARTESIAN_POINT ( 'NONE',  ( -6.639999999999999680, 0.000000000000000000, 0.000000000000000000 ) ) ;
#726 = DIRECTION ( 'NONE',  ( 0.000000000000000000, 0.000000000000000000, 1.000000000000000000 ) ) ;
#727 = AXIS2_PLACEMENT_3D ( 'NONE', #1989, #4676, #1625 ) ;
#728 =( LENGTH_UNIT ( ) NAMED_UNIT ( * ) SI_UNIT ( .MILLI., .METRE. ) );
#729 = ORIENTED_EDGE ( 'NONE', *, *, #2125, .T. ) ;
#730 = LINE ( 'NONE', #4470, #3630 ) ;
#731 = DIRECTION ( 'NONE',  ( 0.000000000000000000, 0.000000000000000000, 1.000000000000000000 ) ) ;
#732 = DIRECTION ( 'NONE',  ( -1.000000000000000000, 0.000000000000000000, 0.000000000000000000 ) ) ;
#733 = CIRCLE ( 'NONE', #1039, 1.810000000000000053 ) ;
#734 = CIRCLE ( 'NONE', #4436, 2.305000000000000160 ) ;
#735 = VERTEX_POINT ( 'NONE', #2844 ) ;
#736 = ORIENTED_EDGE ( 'NONE', *, *, #3850, .F. ) ;
#737 = CARTESIAN_POINT ( 'NONE',  ( -8.899739026076780135, 0.009846962383072282998, 0.4198924397464939839 ) ) ;
#738 = DIRECTION ( 'NONE',  ( -2.093391161677564061E-15, 1.000000000000000000, 0.000000000000000000 ) ) ;
#739 = VECTOR ( 'NONE', #3311, 1000.000000000000000 ) ;
#740 = DIRECTION ( 'NONE',  ( -1.000000000000000000, 0.000000000000000000, 0.000000000000000000 ) ) ;
#741 = AXIS2_PLACEMENT_3D ( 'NONE', #1996, #4702, #1337 ) ;
#742 = ORIENTED_EDGE ( 'NONE', *, *, #834, .F. ) ;
#743 = CARTESIAN_POINT ( 'NONE',  ( -1.138500000000019829, -3.580000000000000071, 0.000000000000000000 ) ) ;
#744 = CARTESIAN_POINT ( 'NONE',  ( -8.977106130260658290, 0.007862296986444644240, 0.7280552080213080757 ) ) ;
#745 = EDGE_CURVE ( 'NONE', #2049, #2762, #1443, .T. ) ;
#746 = DIRECTION ( 'NONE',  ( 0.7071067811864469865, 0.000000000000000000, -0.7071067811866481589 ) ) ;
#747 = ORIENTED_EDGE ( 'NONE', *, *, #1348, .T. ) ;
#748 = EDGE_LOOP ( 'NONE', ( #1330, #1462, #486, #447 ) ) ;
#749 = DIRECTION ( 'NONE',  ( -1.000000000000000000, 0.000000000000000000, 0.000000000000000000 ) ) ;
#750 = EDGE_CURVE ( 'NONE', #4860, #37, #3175, .T. ) ;
#751 = EDGE_CURVE ( 'NONE', #2011, #1309, #4352, .T. ) ;
#752 = CARTESIAN_POINT ( 'NONE',  ( -9.090000000000001634, 0.000000000000000000, 0.000000000000000000 ) ) ;
#753 = DIRECTION ( 'NONE',  ( 0.000000000000000000, 0.000000000000000000, 1.000000000000000000 ) ) ;
#754 = ORIENTED_EDGE ( 'NONE', *, *, #4215, .T. ) ;
#755 = CARTESIAN_POINT ( 'NONE',  ( -0.008999999999976729739, -0.3449999999999999734, 3.129999999999999893 ) ) ;
#756 = CARTESIAN_POINT ( 'NONE',  ( -8.116681427084881051, -0.7380999804097193584, 0.02999584536067364735 ) ) ;
#757 = CARTESIAN_POINT ( 'NONE',  ( -5.209999999999999964, 3.141219039812961047E-16, -2.564999999999999947 ) ) ;
#758 = EDGE_LOOP ( 'NONE', ( #795, #2571, #3625, #3867 ) ) ;
#759 = ORIENTED_EDGE ( 'NONE', *, *, #2288, .F. ) ;
#760 = DIRECTION ( 'NONE',  ( 0.000000000000000000, -1.000000000000000000, -1.054711873393898713E-15 ) ) ;
#761 = CARTESIAN_POINT ( 'NONE',  ( -1.709999999999999964, 0.000000000000000000, 0.000000000000000000 ) ) ;
#762 = CARTESIAN_POINT ( 'NONE',  ( -8.740000000000000213, 0.000000000000000000, 0.000000000000000000 ) ) ;
#763 = ORIENTED_EDGE ( 'NONE', *, *, #812, .F. ) ;
#764 = EDGE_LOOP ( 'NONE', ( #2054, #4114, #272, #1425, #3607 ) ) ;
#765 = CARTESIAN_POINT ( 'NONE',  ( -8.099953625011835356, 0.03042619762814738685, 0.4395990101863417876 ) ) ;
#766 = CARTESIAN_POINT ( 'NONE',  ( -7.689999999999999503, 0.000000000000000000, 0.000000000000000000 ) ) ;
#767 = DIRECTION ( 'NONE',  ( 1.000000000000000000, -3.168959634848508524E-16, -1.000180237639160754E-15 ) ) ;
#768 = ORIENTED_EDGE ( 'NONE', *, *, #3301, .T. ) ;
#769 = ADVANCED_FACE ( 'NONE', ( #2083 ), #3488, .T. ) ;
#770 = ORIENTED_EDGE ( 'NONE', *, *, #3254, .T. ) ;
#771 = DIRECTION ( 'NONE',  ( 0.000000000000000000, 0.000000000000000000, 1.000000000000000000 ) ) ;
#772 = DIRECTION ( 'NONE',  ( 1.000000000000000000, -3.168959634848508524E-16, -1.000180237639160754E-15 ) ) ;
#773 = DIRECTION ( 'NONE',  ( 2.093391161677562877E-15, -1.000000000000000000, 0.000000000000000000 ) ) ;
#774 = EDGE_CURVE ( 'NONE', #1361, #100, #3257, .T. ) ;
#775 = ORIENTED_EDGE ( 'NONE', *, *, #3348, .F. ) ;
#776 = EDGE_CURVE ( 'NONE', #722, #2403, #1128, .T. ) ;
#777 = AXIS2_PLACEMENT_3D ( 'NONE', #3389, #4834, #3341 ) ;
#778 = DIRECTION ( 'NONE',  ( 3.285461128743950066E-16, -1.000000000000000000, 0.000000000000000000 ) ) ;
#779 = DIRECTION ( 'NONE',  ( 2.134256245050205060E-15, -1.000000000000000000, 0.000000000000000000 ) ) ;
#780 = CARTESIAN_POINT ( 'NONE',  ( -1.709999999999999964, 0.000000000000000000, 0.000000000000000000 ) ) ;
#781 = CIRCLE ( 'NONE', #936, 0.4337505116027510765 ) ;
#782 = ORIENTED_EDGE ( 'NONE', *, *, #1438, .F. ) ;
#783 = EDGE_CURVE ( 'NONE', #2097, #1636, #1399, .T. ) ;
#784 = ORIENTED_EDGE ( 'NONE', *, *, #1232, .T. ) ;
#785 = EDGE_CURVE ( 'NONE', #2935, #2733, #4046, .T. ) ;
#786 = CARTESIAN_POINT ( 'NONE',  ( -8.970426365894919485, 6.479639623363320087E-15, -5.689359435071367182E-16 ) ) ;
#787 = AXIS2_PLACEMENT_3D ( 'NONE', #4435, #2469, #2542 ) ;
#788 = FACE_OUTER_BOUND ( 'NONE', #2307, .T. ) ;
#789 = VECTOR ( 'NONE', #2611, 1000.000000000000000 ) ;
#790 = AXIS2_PLACEMENT_3D ( 'NONE', #2064, #2013, #3942 ) ;
#791 = ORIENTED_EDGE ( 'NONE', *, *, #3005, .T. ) ;
#792 = CARTESIAN_POINT ( 'NONE',  ( -1.618499999999999828, -3.580000000000000071, 0.000000000000000000 ) ) ;
#793 = AXIS2_PLACEMENT_3D ( 'NONE', #227, #3200, #2059 ) ;
#794 = ORIENTED_EDGE ( 'NONE', *, *, #1422, .F. ) ;
#795 = ORIENTED_EDGE ( 'NONE', *, *, #439, .F. ) ;
#796 = CYLINDRICAL_SURFACE ( 'NONE', #1872, 0.6550000000000130163 ) ;
#797 = AXIS2_PLACEMENT_3D ( 'NONE', #41, #3980, #1298 ) ;
#798 = DIRECTION ( 'NONE',  ( 1.000000000000000000, -3.168959634848508524E-16, -1.000180237639160754E-15 ) ) ;
#799 = PERSON_AND_ORGANIZATION_ROLE ( 'design_owner' ) ;
#800 = CIRCLE ( 'NONE', #1363, 2.305000000000000160 ) ;
#801 = ORIENTED_EDGE ( 'NONE', *, *, #60, .T. ) ;
#802 = DIRECTION ( 'NONE',  ( 0.000000000000000000, -1.000000000000000000, -1.054711873393898319E-15 ) ) ;
#803 = CARTESIAN_POINT ( 'NONE',  ( -7.339999999999999858, 0.000000000000000000, 0.000000000000000000 ) ) ;
#804 = DIRECTION ( 'NONE',  ( 1.000000000000000000, -1.991972495380200041E-15, 0.000000000000000000 ) ) ;
#805 = CIRCLE ( 'NONE', #4038, 2.674999999999999822 ) ;
#806 = ADVANCED_FACE ( 'NONE', ( #3242 ), #4659, .T. ) ;
#807 = ORIENTED_EDGE ( 'NONE', *, *, #4280, .T. ) ;
#808 = DIRECTION ( 'NONE',  ( -1.000000000000000000, 0.000000000000000000, 0.000000000000000000 ) ) ;
#809 = VECTOR ( 'NONE', #1249, 1000.000000000000000 ) ;
#810 = CARTESIAN_POINT ( 'NONE',  ( -8.970426365894919485, 6.479639623363320087E-15, -5.689359435071367182E-16 ) ) ;
#811 = EDGE_CURVE ( 'NONE', #100, #1361, #572, .T. ) ;
#812 = EDGE_CURVE ( 'NONE', #1632, #1827, #4374, .T. ) ;
#813 = VERTEX_POINT ( 'NONE', #278 ) ;
#814 = CARTESIAN_POINT ( 'NONE',  ( -0.008999999999976041054, 8.021436534415323239E-17, -0.6550000000000130163 ) ) ;
#815 = CIRCLE ( 'NONE', #4203, 2.674999999999999822 ) ;
#816 = FACE_OUTER_BOUND ( 'NONE', #1483, .T. ) ;
#817 = EDGE_LOOP ( 'NONE', ( #3408, #2330, #1609, #1430 ) ) ;
#818 = B_SPLINE_CURVE_WITH_KNOTS ( 'NONE', 3,
 ( #4378, #4331, #996, #976 ),
 .UNSPECIFIED., .F., .F.,
 ( 4, 4 ),
 ( 0.03128080825707018481, 1.000000000000000000 ),
 .UNSPECIFIED. ) ;
#819 = ORIENTED_EDGE ( 'NONE', *, *, #3498, .T. ) ;
#820 = LINE ( 'NONE', #3835, #219 ) ;
#821 = DIRECTION ( 'NONE',  ( -1.000000000000000000, -2.093391161677579838E-15, 0.000000000000000000 ) ) ;
#822 = DATE_AND_TIME ( #3046, #4432 ) ;
#823 = ORIENTED_EDGE ( 'NONE', *, *, #1079, .T. ) ;
#824 = DIRECTION ( 'NONE',  ( 1.991972495380191363E-15, -1.000000000000000000, 0.000000000000000000 ) ) ;
#825 = DIRECTION ( 'NONE',  ( -1.000000000000000000, 0.000000000000000000, 0.000000000000000000 ) ) ;
#826 = DIRECTION ( 'NONE',  ( 1.000000000000000000, -0.000000000000000000, -0.000000000000000000 ) ) ;
#827 = ORIENTED_EDGE ( 'NONE', *, *, #2861, .T. ) ;
#828 = DIRECTION ( 'NONE',  ( 0.000000000000000000, 0.000000000000000000, 1.000000000000000000 ) ) ;
#829 = ADVANCED_FACE ( 'NONE', ( #1779 ), #4581, .T. ) ;
#830 = ORIENTED_EDGE ( 'NONE', *, *, #3427, .T. ) ;
#831 = CARTESIAN_POINT ( 'NONE',  ( -0.1739999999999769786, 0.3449999999999999734, 0.8899999999999999023 ) ) ;
#832 = EDGE_CURVE ( 'NONE', #4848, #1636, #992, .T. ) ;
#833 = CARTESIAN_POINT ( 'NONE',  ( -8.977106130260658290, 6.481756413727852622E-15, -5.622549751964386981E-16 ) ) ;
#834 = EDGE_CURVE ( 'NONE', #2135, #4381, #2481, .T. ) ;
#835 = CARTESIAN_POINT ( 'NONE',  ( -8.977106130260658290, -0.007862296986425328094, 0.7280575807464860771 ) ) ;
#836 = EDGE_LOOP ( 'NONE', ( #2281, #999, #3340, #4583 ) ) ;
#837 = ORIENTED_EDGE ( 'NONE', *, *, #3952, .F. ) ;
#838 = CARTESIAN_POINT ( 'NONE',  ( -0.05999999999997670391, 3.200000000000000178, 1.649999999999999911 ) ) ;
#839 = CARTESIAN_POINT ( 'NONE',  ( -1.709999999999999964, -4.006260725414660051, 2.830000000000000071 ) ) ;
#840 = VECTOR ( 'NONE', #1781, 1000.000000000000000 ) ;
#841 = DATE_AND_TIME ( #1546, #4743 ) ;
#842 = VERTEX_POINT ( 'NONE', #599 ) ;
#843 = LINE ( 'NONE', #3424, #4562 ) ;
#844 = DIRECTION ( 'NONE',  ( 1.000000000000000000, -3.168959634848508524E-16, -1.000180237639160754E-15 ) ) ;
#845 = DIRECTION ( 'NONE',  ( -1.000000000000000000, 0.000000000000000000, 0.000000000000000000 ) ) ;
#846 = CARTESIAN_POINT ( 'NONE',  ( -1.610000000000000098, 4.128089751931280027, -2.830000000000000071 ) ) ;
#847 = ORIENTED_EDGE ( 'NONE', *, *, #3068, .T. ) ;
#848 = CARTESIAN_POINT ( 'NONE',  ( -7.679999999999929550, 0.04123024671364698690, -4.370156041449631878 ) ) ;
#849 = CARTESIAN_POINT ( 'NONE',  ( -8.972652807384328355, 0.007974469051765646979, 0.5547630424865821475 ) ) ;
#850 = FACE_OUTER_BOUND ( 'NONE', #2897, .T. ) ;
#851 = AXIS2_PLACEMENT_3D ( 'NONE', #1420, #2100, #2457 ) ;
#852 = ORIENTED_EDGE ( 'NONE', *, *, #1656, .F. ) ;
#853 = CIRCLE ( 'NONE', #702, 0.7439711327449154421 ) ;
#854 = ORIENTED_EDGE ( 'NONE', *, *, #903, .T. ) ;
#855 = AXIS2_PLACEMENT_3D ( 'NONE', #2839, #1708, #3212 ) ;
#856 = DIRECTION ( 'NONE',  ( 2.093391161677562877E-15, -1.000000000000000000, 0.000000000000000000 ) ) ;
#857 = FACE_OUTER_BOUND ( 'NONE', #3761, .T. ) ;
#858 = CIRCLE ( 'NONE', #705, 0.6215000000000000524 ) ;
#859 = AXIS2_PLACEMENT_3D ( 'NONE', #3825, #808, #456 ) ;
#860 = EDGE_CURVE ( 'NONE', #2821, #2135, #2431, .T. ) ;
#861 = CARTESIAN_POINT ( 'NONE',  ( -8.898454457782548843, 6.456832016198207214E-15, -6.409208236663127237E-16 ) ) ;
#862 = VERTEX_POINT ( 'NONE', #2919 ) ;
#863 = EDGE_LOOP ( 'NONE', ( #2869, #4814, #602, #3401 ) ) ;
#864 = CARTESIAN_POINT ( 'NONE',  ( -0.6585000000000279519, -3.580000000000000071, 0.000000000000000000 ) ) ;
#865 = ADVANCED_BREP_SHAPE_REPRESENTATION ( 'TMB-V5F2-3LC', ( #1166, #2854 ), #3330 ) ;
#866 = CIRCLE ( 'NONE', #3872, 2.155000000000000249 ) ;
#867 = EDGE_CURVE ( 'NONE', #3905, #3332, #3057, .T. ) ;
#868 = EDGE_CURVE ( 'NONE', #2918, #3337, #4006, .T. ) ;
#869 = LINE ( 'NONE', #499, #3399 ) ;
#870 = B_SPLINE_CURVE_WITH_KNOTS ( 'NONE', 3,
 ( #4625, #1655, #3582, #1682 ),
 .UNSPECIFIED., .F., .F.,
 ( 4, 4 ),
 ( 0.9687194804849231788, 1.000000000000000000 ),
 .UNSPECIFIED. ) ;
#871 = VERTEX_POINT ( 'NONE', #3984 ) ;
#872 = COORDINATED_UNIVERSAL_TIME_OFFSET ( 8, 0, .AHEAD. ) ;
#873 = ORIENTED_EDGE ( 'NONE', *, *, #4752, .F. ) ;
#874 = CARTESIAN_POINT ( 'NONE',  ( -8.898454457782548843, 6.456832016198207214E-15, -6.409208236663127237E-16 ) ) ;
#875 = AXIS2_PLACEMENT_3D ( 'NONE', #1562, #3064, #3112 ) ;
#876 = DIRECTION ( 'NONE',  ( 0.000000000000000000, -1.000000000000000000, -1.054711873393898713E-15 ) ) ;
#877 = DIRECTION ( 'NONE',  ( 1.000000000000000000, -3.168959634848508524E-16, -1.000180237639160754E-15 ) ) ;
#878 = CIRCLE ( 'NONE', #2761, 0.08900000000001009881 ) ;
#879 = CARTESIAN_POINT ( 'NONE',  ( -0.008999999999976041054, 0.000000000000000000, 0.000000000000000000 ) ) ;
#880 = ORIENTED_EDGE ( 'NONE', *, *, #2794, .F. ) ;
#881 = B_SPLINE_CURVE_WITH_KNOTS ( 'NONE', 3,
 ( #485, #2614, #3780, #4121 ),
 .UNSPECIFIED., .F., .F.,
 ( 4, 4 ),
 ( 0.000000000000000000, 0.03128080825707018481 ),
 .UNSPECIFIED. ) ;
#882 = CARTESIAN_POINT ( 'NONE',  ( -9.750333333333358610, 0.000000000000000000, 0.000000000000000000 ) ) ;
#883 = CARTESIAN_POINT ( 'NONE',  ( -8.958341921444748834, -0.4566310612206056496, 0.008342641880723190156 ) ) ;
#884 = DIRECTION ( 'NONE',  ( 2.134256245050205060E-15, 1.000000000000000000, 0.000000000000000000 ) ) ;
#885 = CIRCLE ( 'NONE', #2460, 4.904999999999999361 ) ;
#886 = VECTOR ( 'NONE', #3205, 1000.000000000000000 ) ;
#887 = EDGE_LOOP ( 'NONE', ( #3832, #932, #3165, #2576 ) ) ;
#888 = DIRECTION ( 'NONE',  ( 0.000000000000000000, -1.776356839400250267E-15, 1.000000000000000000 ) ) ;
#889 = CARTESIAN_POINT ( 'NONE',  ( -8.898454457782548843, 0.4199027087552135162, 0.009883635875951623725 ) ) ;
#890 = DIRECTION ( 'NONE',  ( 1.000000000000000000, 2.134256245050209793E-15, 0.000000000000000000 ) ) ;
#891 = VECTOR ( 'NONE', #366, 1000.000000000000000 ) ;
#892 = ORIENTED_EDGE ( 'NONE', *, *, #984, .T. ) ;
#893 = EDGE_CURVE ( 'NONE', #3374, #3439, #442, .T. ) ;
#894 = VERTEX_POINT ( 'NONE', #1737 ) ;
#895 = CARTESIAN_POINT ( 'NONE',  ( -0.06000000000003920947, 2.680000000000015703, 0.000000000000000000 ) ) ;
#896 = CARTESIAN_POINT ( 'NONE',  ( -0.008999999999977680368, 0.3449999999999999734, 0.8899999999999999023 ) ) ;
#897 = ORIENTED_EDGE ( 'NONE', *, *, #4362, .T. ) ;
#898 = DATE_AND_TIME ( #4544, #1130 ) ;
#899 = CC_DESIGN_APPROVAL ( #2845, ( #1210 ) ) ;
#900 = ORIENTED_EDGE ( 'NONE', *, *, #4298, .T. ) ;
#901 = CONICAL_SURFACE ( 'NONE', #1995, 0.8999999999999841460, 0.7853981633974249643 ) ;
#902 = CARTESIAN_POINT ( 'NONE',  ( -8.898884481100548527, 0.4198963719349000923, -0.009872289598279543332 ) ) ;
#903 = EDGE_CURVE ( 'NONE', #4833, #4504, #4706, .T. ) ;
#904 = CARTESIAN_POINT ( 'NONE',  ( -0.8899999999999769207, -3.200000000000000178, 2.830000000000000071 ) ) ;
#905 = CARTESIAN_POINT ( 'NONE',  ( -0.8185000000000376419, 4.341999999999999638, -9.331808609502830497E-17 ) ) ;
#906 = CARTESIAN_POINT ( 'NONE',  ( -8.946257887015299559, 0.4451447359457036401, -0.008653525019587373843 ) ) ;
#907 = EDGE_LOOP ( 'NONE', ( #2626, #518, #2090, #2739, #1479, #389, #990, #4156, #2946, #2595, #4849, #317 ) ) ;
#908 = DIRECTION ( 'NONE',  ( -1.000000000000000000, 0.000000000000000000, 0.000000000000000000 ) ) ;
#909 = CARTESIAN_POINT ( 'NONE',  ( -8.890000000000000568, 0.000000000000000000, 0.000000000000000000 ) ) ;
#910 = DIRECTION ( 'NONE',  ( 0.000000000000000000, 0.000000000000000000, -1.000000000000000000 ) ) ;
#911 = ORIENTED_EDGE ( 'NONE', *, *, #2068, .T. ) ;
#912 = DIRECTION ( 'NONE',  ( 1.000000000000000000, -2.134256245050209793E-15, 0.000000000000000000 ) ) ;
#913 = CARTESIAN_POINT ( 'NONE',  ( -8.946257887015288901, -0.008653525019590048786, -0.4451447359456932040 ) ) ;
#914 = CARTESIAN_POINT ( 'NONE',  ( -5.209999999999999964, 0.000000000000000000, 2.564999999999999947 ) ) ;
#915 = ORIENTED_EDGE ( 'NONE', *, *, #4594, .T. ) ;
#916 = CARTESIAN_POINT ( 'NONE',  ( -0.6585000000000292841, 4.201499999999999346, 0.000000000000000000 ) ) ;
#917 = CARTESIAN_POINT ( 'NONE',  ( -8.498837293485731692, -0.4299274507921971855, -0.02016421040581073409 ) ) ;
#918 = ORIENTED_EDGE ( 'NONE', *, *, #3398, .T. ) ;
#919 = ORIENTED_EDGE ( 'NONE', *, *, #860, .T. ) ;
#920 = DIRECTION ( 'NONE',  ( 0.000000000000000000, 0.000000000000000000, -1.000000000000000000 ) ) ;
#921 = CARTESIAN_POINT ( 'NONE',  ( -8.887920983205800596, -0.7291205759919766605, -0.01015434495474718153 ) ) ;
#922 = CARTESIAN_POINT ( 'NONE',  ( -1.679999999999929994, 0.000000000000000000, 0.000000000000000000 ) ) ;
#923 = EDGE_CURVE ( 'NONE', #2081, #3239, #4393, .T. ) ;
#924 = EDGE_CURVE ( 'NONE', #1081, #2564, #4318, .T. ) ;
#925 = DIRECTION ( 'NONE',  ( 1.000000000000000000, 2.134256245050209793E-15, 0.000000000000000000 ) ) ;
#926 = ORIENTED_EDGE ( 'NONE', *, *, #1497, .T. ) ;
#927 = CARTESIAN_POINT ( 'NONE',  ( -25.49270470950660084, 16.76751862305980012, -2.830000000000000071 ) ) ;
#928 = CARTESIAN_POINT ( 'NONE',  ( -8.977106130260658290, 0.007862296986444644240, 0.7280552080213080757 ) ) ;
#929 = CARTESIAN_POINT ( 'NONE',  ( -8.977106130260658290, 0.007862296986444644240, 0.7280552080213080757 ) ) ;
#930 = ADVANCED_FACE ( 'NONE', ( #2573 ), #3931, .F. ) ;
#931 = EDGE_CURVE ( 'NONE', #3928, #356, #144, .T. ) ;
#932 = ORIENTED_EDGE ( 'NONE', *, *, #262, .T. ) ;
#933 = DIRECTION ( 'NONE',  ( -1.000000000000000000, 0.000000000000000000, 0.000000000000000000 ) ) ;
#934 = CARTESIAN_POINT ( 'NONE',  ( -8.990000000000181402, 1.634248253372174942, 0.6258854898062655714 ) ) ;
#935 = VECTOR ( 'NONE', #1149, 999.9999999999998863 ) ;
#936 = AXIS2_PLACEMENT_3D ( 'NONE', #95, #2042, #2727 ) ;
#937 = DIRECTION ( 'NONE',  ( 0.000000000000000000, 1.000000000000000000, 0.000000000000000000 ) ) ;
#938 = VERTEX_POINT ( 'NONE', #2668 ) ;
#939 = EDGE_LOOP ( 'NONE', ( #4218, #1931, #847, #1502, #368, #3846, #2398 ) ) ;
#940 = CARTESIAN_POINT ( 'NONE',  ( -8.970426365894919485, 0.4681169167957756061, 0.008033966158370856384 ) ) ;
#941 = CIRCLE ( 'NONE', #4246, 5.004999999999999893 ) ;
#942 = ORIENTED_EDGE ( 'NONE', *, *, #2561, .F. ) ;
#943 = AXIS2_PLACEMENT_3D ( 'NONE', #531, #3577, #2800 ) ;
#944 = ORIENTED_EDGE ( 'NONE', *, *, #4452, .T. ) ;
#945 = CARTESIAN_POINT ( 'NONE',  ( -1.458499999999999908, -3.580000000000000071, 0.000000000000000000 ) ) ;
#946 = DIRECTION ( 'NONE',  ( 1.991972495380191363E-15, -1.000000000000000000, 0.000000000000000000 ) ) ;
#947 = CC_DESIGN_PERSON_AND_ORGANIZATION_ASSIGNMENT ( #4180, #42, ( #3877 ) ) ;
#948 = AXIS2_PLACEMENT_3D ( 'NONE', #2506, #2088, #1333 ) ;
#949 = AXIS2_PLACEMENT_3D ( 'NONE', #2591, #1668, #1437 ) ;
#950 = FACE_BOUND ( 'NONE', #1543, .T. ) ;
#951 = EDGE_LOOP ( 'NONE', ( #3702, #926, #2073, #1767, #3415 ) ) ;
#952 = CARTESIAN_POINT ( 'NONE',  ( -8.040000000000000924, 0.000000000000000000, 0.000000000000000000 ) ) ;
#953 = DIRECTION ( 'NONE',  ( -1.000000000000000000, 0.000000000000000000, 0.000000000000000000 ) ) ;
#954 = CARTESIAN_POINT ( 'NONE',  ( -8.887920983205800596, 0.4201670376886965652, 0.01015434495476473346 ) ) ;
#955 = ADVANCED_FACE ( 'NONE', ( #4105 ), #4551, .T. ) ;
#956 = CIRCLE ( 'NONE', #719, 2.189999999999970193 ) ;
#957 = ORIENTED_EDGE ( 'NONE', *, *, #1690, .T. ) ;
#958 = ORIENTED_EDGE ( 'NONE', *, *, #2977, .T. ) ;
#959 = CARTESIAN_POINT ( 'NONE',  ( -1.138500000000018497, 2.818000000000000504, -9.331808609502816938E-17 ) ) ;
#960 = LINE ( 'NONE', #2511, #4713 ) ;
#961 = ADVANCED_FACE ( 'NONE', ( #2201 ), #796, .F. ) ;
#962 = TOROIDAL_SURFACE ( 'NONE', #2852, 0.4700025088314099819, 0.05000000000000000278 ) ;
#963 = CARTESIAN_POINT ( 'NONE',  ( -0.02000000000008233386, 0.2850000000000036393, -8.425135465737657029E-15 ) ) ;
#964 = VERTEX_POINT ( 'NONE', #2962 ) ;
#965 = CIRCLE ( 'NONE', #177, 2.729999999999999982 ) ;
#966 = ORIENTED_EDGE ( 'NONE', *, *, #4773, .F. ) ;
#967 = CARTESIAN_POINT ( 'NONE',  ( -5.174644660940660224, 0.000000000000000000, 0.000000000000000000 ) ) ;
#968 = ORIENTED_EDGE ( 'NONE', *, *, #3681, .F. ) ;
#969 = ORIENTED_EDGE ( 'NONE', *, *, #2495, .T. ) ;
#970 = AXIS2_PLACEMENT_3D ( 'NONE', #1510, #1137, #2639 ) ;
#971 = DIRECTION ( 'NONE',  ( 1.000000000000000000, -3.168959634848508524E-16, -1.000180237639160754E-15 ) ) ;
#972 = CARTESIAN_POINT ( 'NONE',  ( -8.899739027852890061, 6.457239091268311778E-15, -6.396360220680939239E-16 ) ) ;
#973 = FACE_BOUND ( 'NONE', #3767, .T. ) ;
#974 = DIRECTION ( 'NONE',  ( 0.6585046078685301563, 0.000000000000000000, -0.7525766947068672774 ) ) ;
#975 = VERTEX_POINT ( 'NONE', #15 ) ;
#976 = CARTESIAN_POINT ( 'NONE',  ( -8.934174368666218058, -0.008965638295921420781, 0.4336578416742450370 ) ) ;
#977 = DIRECTION ( 'NONE',  ( -1.000000000000000000, 0.000000000000000000, 0.000000000000000000 ) ) ;
#978 = CARTESIAN_POINT ( 'NONE',  ( -9.879016743286728186, 6.767568246419961423E-15, 3.398181960692559894E-16 ) ) ;
#979 = VERTEX_POINT ( 'NONE', #4466 ) ;
#980 = EDGE_CURVE ( 'NONE', #3439, #2918, #4689, .T. ) ;
#981 = ORIENTED_EDGE ( 'NONE', *, *, #2164, .F. ) ;
#982 = DIRECTION ( 'NONE',  ( 2.093391161677562877E-15, -1.000000000000000000, 0.000000000000000000 ) ) ;
#983 = DIRECTION ( 'NONE',  ( 0.000000000000000000, 0.000000000000000000, -1.000000000000000000 ) ) ;
#984 = EDGE_CURVE ( 'NONE', #2412, #1907, #2901, .T. ) ;
#985 = ORIENTED_EDGE ( 'NONE', *, *, #4008, .F. ) ;
#986 = EDGE_CURVE ( 'NONE', #120, #3315, #4808, .T. ) ;
#987 = CARTESIAN_POINT ( 'NONE',  ( -7.679999999999929550, 0.04123024671364591831, 4.370156041449649642 ) ) ;
#988 = DIRECTION ( 'NONE',  ( -1.000000000000000000, 3.285461128743950066E-16, 4.452630116751089825E-32 ) ) ;
#989 = ORIENTED_EDGE ( 'NONE', *, *, #704, .F. ) ;
#990 = ORIENTED_EDGE ( 'NONE', *, *, #931, .F. ) ;
#991 = FACE_OUTER_BOUND ( 'NONE', #2519, .T. ) ;
#992 = LINE ( 'NONE', #1042, #1828 ) ;
#993 = CYLINDRICAL_SURFACE ( 'NONE', #321, 0.2850000000000000311 ) ;
#994 = CARTESIAN_POINT ( 'NONE',  ( -6.639999999999999680, 0.000000000000000000, 0.000000000000000000 ) ) ;
#995 = ORIENTED_EDGE ( 'NONE', *, *, #4696, .F. ) ;
#996 = CARTESIAN_POINT ( 'NONE',  ( -8.924423137547634610, -0.009215262532897646255, 0.4245780614042798384 ) ) ;
#997 = CARTESIAN_POINT ( 'NONE',  ( -8.390000000000000568, 0.000000000000000000, 0.000000000000000000 ) ) ;
#998 = FACE_OUTER_BOUND ( 'NONE', #3437, .T. ) ;
#999 = ORIENTED_EDGE ( 'NONE', *, *, #3923, .F. ) ;
#1000 = VERTEX_POINT ( 'NONE', #2648 ) ;
#1001 = CARTESIAN_POINT ( 'NONE',  ( -8.781212161291847451, 2.045144957077144721, 0.7832509843861007459 ) ) ;
#1002 = EDGE_CURVE ( 'NONE', #3576, #108, #381, .T. ) ;
#1003 = CARTESIAN_POINT ( 'NONE',  ( -1.709999999999999964, -3.580000000000000071, 0.000000000000000000 ) ) ;
#1004 = ORIENTED_EDGE ( 'NONE', *, *, #3915, .F. ) ;
#1005 = AXIS2_PLACEMENT_3D ( 'NONE', #152, #520, #4661 ) ;
#1006 = CARTESIAN_POINT ( 'NONE',  ( -0.3993904808998025024, 0.2562363786313376912, 0.6030972764187486623 ) ) ;
#1007 = LINE ( 'NONE', #916, #3082 ) ;
#1008 = EDGE_CURVE ( 'NONE', #4867, #1735, #3788, .T. ) ;
#1009 = VECTOR ( 'NONE', #4531, 1000.000000000000000 ) ;
#1010 = DIRECTION ( 'NONE',  ( 0.000000000000000000, 0.000000000000000000, 1.000000000000000000 ) ) ;
#1011 = ORIENTED_EDGE ( 'NONE', *, *, #3547, .F. ) ;
#1012 = AXIS2_PLACEMENT_3D ( 'NONE', #1058, #2489, #982 ) ;
#1013 = AXIS2_PLACEMENT_3D ( 'NONE', #3052, #4116, #4549 ) ;
#1014 = DIRECTION ( 'NONE',  ( 0.000000000000000000, 0.000000000000000000, 1.000000000000000000 ) ) ;
#1015 = ADVANCED_FACE ( 'NONE', ( #2598 ), #1565, .T. ) ;
#1016 = ADVANCED_FACE ( 'NONE', ( #3362 ), #2819, .F. ) ;
#1017 = CIRCLE ( 'NONE', #3230, 2.729999999999999982 ) ;
#1018 = CARTESIAN_POINT ( 'NONE',  ( -8.506105478383004126, -0.01997722350647226225, -0.4297512495988656811 ) ) ;
#1019 = DIRECTION ( 'NONE',  ( -0.7514118287110500560, 0.6598335120870382209, 8.080629985475458620E-17 ) ) ;
#1020 = ORIENTED_EDGE ( 'NONE', *, *, #2826, .T. ) ;
#1021 = CARTESIAN_POINT ( 'NONE',  ( -0.1739999999999769786, -0.3449999999999999734, 0.5567764362830169844 ) ) ;
#1022 = AXIS2_PLACEMENT_3D ( 'NONE', #2605, #2655, #3690 ) ;
#1023 = DIRECTION ( 'NONE',  ( 2.162693482493780038E-15, 1.000000000000000000, 0.000000000000000000 ) ) ;
#1024 = AXIS2_PLACEMENT_3D ( 'NONE', #4386, #2026, #156 ) ;
#1025 = CARTESIAN_POINT ( 'NONE',  ( -8.498837293485518529, 0.4299274507922151156, 0.02016421040584315261 ) ) ;
#1026 = AXIS2_PLACEMENT_3D ( 'NONE', #555, #3938, #1378 ) ;
#1027 = VERTEX_POINT ( 'NONE', #4856 ) ;
#1028 = ORIENTED_EDGE ( 'NONE', *, *, #1946, .T. ) ;
#1029 = DIRECTION ( 'NONE',  ( 0.000000000000000000, 0.000000000000000000, 1.000000000000000000 ) ) ;
#1030 = CIRCLE ( 'NONE', #3561, 2.174999999999939870 ) ;
#1031 = CARTESIAN_POINT ( 'NONE',  ( -0.008999999999976740148, 3.200000000000000178, 2.830000000000000071 ) ) ;
#1032 = VERTEX_POINT ( 'NONE', #1490 ) ;
#1033 = CC_DESIGN_PERSON_AND_ORGANIZATION_ASSIGNMENT ( #450, #1615, ( #4824 ) ) ;
#1034 = DIRECTION ( 'NONE',  ( 0.000000000000000000, 0.000000000000000000, 1.000000000000000000 ) ) ;
#1035 = DIRECTION ( 'NONE',  ( 0.000000000000000000, 0.000000000000000000, 1.000000000000000000 ) ) ;
#1036 = VECTOR ( 'NONE', #1231, 1000.000000000000114 ) ;
#1037 = FACE_OUTER_BOUND ( 'NONE', #1065, .T. ) ;
#1038 = ORIENTED_EDGE ( 'NONE', *, *, #559, .F. ) ;
#1039 = AXIS2_PLACEMENT_3D ( 'NONE', #552, #454, #3495 ) ;
#1040 = EDGE_CURVE ( 'NONE', #4372, #964, #2992, .T. ) ;
#1041 = ORIENTED_EDGE ( 'NONE', *, *, #1236, .T. ) ;
#1042 = CARTESIAN_POINT ( 'NONE',  ( -10.16000000000000014, 0.000000000000000000, -2.674999999999999822 ) ) ;
#1043 = CC_DESIGN_APPROVAL ( #1406, ( #3877 ) ) ;
#1044 = B_SPLINE_CURVE_WITH_KNOTS ( 'NONE', 3,
 ( #2395, #172, #4265, #889 ),
 .UNSPECIFIED., .F., .F.,
 ( 4, 4 ),
 ( 2.001289382749420160E-07, 1.074039647992110105E-05 ),
 .UNSPECIFIED. ) ;
#1045 = CARTESIAN_POINT ( 'NONE',  ( -5.029289321881379671, 0.000000000000000000, 0.000000000000000000 ) ) ;
#1046 = CARTESIAN_POINT ( 'NONE',  ( -0.4482541444791925955, -0.2030655056916603751, 0.6230371325023651430 ) ) ;
#1047 = EDGE_CURVE ( 'NONE', #197, #4438, #3887, .T. ) ;
#1048 = ORIENTED_EDGE ( 'NONE', *, *, #613, .F. ) ;
#1049 = CIRCLE ( 'NONE', #3816, 3.129999999999999893 ) ;
#1050 = EDGE_CURVE ( 'NONE', #2681, #197, #1308, .T. ) ;
#1051 = CARTESIAN_POINT ( 'NONE',  ( -0.06000000000003220119, 3.200000000000000178, 2.830000000000000071 ) ) ;
#1052 = CARTESIAN_POINT ( 'NONE',  ( -1.709999999999999964, -3.580000000000000071, 0.000000000000000000 ) ) ;
#1053 = CARTESIAN_POINT ( 'NONE',  ( -8.977106130260658290, 0.7280552080213055222, -0.007862296986429146220 ) ) ;
#1054 = CONICAL_SURFACE ( 'NONE', #343, 0.4200190127578620758, 0.02569422850663167016 ) ;
#1055 = VERTEX_POINT ( 'NONE', #2789 ) ;
#1056 = ORIENTED_EDGE ( 'NONE', *, *, #1453, .T. ) ;
#1057 = ADVANCED_FACE ( 'NONE', ( #3883 ), #1250, .T. ) ;
#1058 = CARTESIAN_POINT ( 'NONE',  ( -0.6585000000000279519, 3.580000000000000071, 0.000000000000000000 ) ) ;
#1059 = CARTESIAN_POINT ( 'NONE',  ( -0.3385000000000396581, 2.958499999999999908, -7.611179856700799969E-17 ) ) ;
#1060 = ORIENTED_EDGE ( 'NONE', *, *, #3857, .F. ) ;
#1061 = CARTESIAN_POINT ( 'NONE',  ( -0.2616999575348535889, 0.3366091688003936544, 0.5622397434510497671 ) ) ;
#1062 = DIRECTION ( 'NONE',  ( 0.000000000000000000, 0.000000000000000000, -1.000000000000000000 ) ) ;
#1063 = VERTEX_POINT ( 'NONE', #448 ) ;
#1064 = B_SPLINE_CURVE_WITH_KNOTS ( 'NONE', 3,
 ( #458, #2014, #2036, #3152 ),
 .UNSPECIFIED., .F., .F.,
 ( 4, 4 ),
 ( 2.449048580083549967E-07, 0.0002602690256980239882 ),
 .UNSPECIFIED. ) ;
#1065 = EDGE_LOOP ( 'NONE', ( #66, #2221, #479, #2707 ) ) ;
#1066 = DIRECTION ( 'NONE',  ( -1.000000000000000000, 0.000000000000000000, 0.000000000000000000 ) ) ;
#1067 = EDGE_CURVE ( 'NONE', #4234, #4601, #2022, .T. ) ;
#1068 = CARTESIAN_POINT ( 'NONE',  ( -0.06000000000003220119, -4.006260725414660051, -2.830000000000000071 ) ) ;
#1069 = EDGE_LOOP ( 'NONE', ( #1048, #3999, #4605, #2661 ) ) ;
#1070 = CARTESIAN_POINT ( 'NONE',  ( -1.709999999999999964, -2.674999999999999822, 0.000000000000000000 ) ) ;
#1071 = DIRECTION ( 'NONE',  ( -0.02571825743831488223, 0.9996692309130739140, 8.964496415703160515E-16 ) ) ;
#1072 = DIRECTION ( 'NONE',  ( 1.000000000000000000, -3.168959634848508524E-16, -1.000180237639160754E-15 ) ) ;
#1073 = EDGE_CURVE ( 'NONE', #1663, #2667, #4607, .T. ) ;
#1074 = VERTEX_POINT ( 'NONE', #838 ) ;
#1075 = ORIENTED_EDGE ( 'NONE', *, *, #145, .F. ) ;
#1076 = CARTESIAN_POINT ( 'NONE',  ( -5.390710678118679766, 0.000000000000000000, 0.000000000000000000 ) ) ;
#1077 = DIRECTION ( 'NONE',  ( 0.000000000000000000, 0.000000000000000000, 1.000000000000000000 ) ) ;
#1078 = EDGE_CURVE ( 'NONE', #302, #2902, #1999, .T. ) ;
#1079 = EDGE_CURVE ( 'NONE', #606, #4217, #80, .T. ) ;
#1080 = DIRECTION ( 'NONE',  ( -1.000000000000000000, 0.000000000000000000, 0.000000000000000000 ) ) ;
#1081 = VERTEX_POINT ( 'NONE', #2734 ) ;
#1082 = EDGE_LOOP ( 'NONE', ( #1892, #2988, #2951, #2289, #164 ) ) ;
#1083 = CARTESIAN_POINT ( 'NONE',  ( -9.780000000000070415, -8.774356223274818732E-15, 5.028131716266557763E-14 ) ) ;
#1084 = CARTESIAN_POINT ( 'NONE',  ( -9.750333333333358610, 0.000000000000000000, 0.000000000000000000 ) ) ;
#1085 = DIRECTION ( 'NONE',  ( 0.000000000000000000, 0.000000000000000000, -1.000000000000000000 ) ) ;
#1086 = VERTEX_POINT ( 'NONE', #3088 ) ;
#1087 = ORIENTED_EDGE ( 'NONE', *, *, #4559, .T. ) ;
#1088 = AXIS2_PLACEMENT_3D ( 'NONE', #3166, #126, #1560 ) ;
#1089 = DIRECTION ( 'NONE',  ( -1.000000000000000000, 0.000000000000000000, 0.000000000000000000 ) ) ;
#1090 = FACE_OUTER_BOUND ( 'NONE', #3361, .T. ) ;
#1091 = AXIS2_PLACEMENT_3D ( 'NONE', #2091, #1362, #3993 ) ;
#1092 = CARTESIAN_POINT ( 'NONE',  ( -0.02000000000008242407, 3.643285636542862915E-15, -9.520975513119644685E-15 ) ) ;
#1093 = ORIENTED_EDGE ( 'NONE', *, *, #3768, .T. ) ;
#1094 = DIRECTION ( 'NONE',  ( -2.093391161677564061E-15, -1.000000000000000000, 0.000000000000000000 ) ) ;
#1095 = DIRECTION ( 'NONE',  ( 1.000000000000000000, -3.168959634848508524E-16, -1.000180237639160754E-15 ) ) ;
#1096 = DIRECTION ( 'NONE',  ( 1.000000000000000000, -3.168959634848508524E-16, -1.000180237639160754E-15 ) ) ;
#1097 = CIRCLE ( 'NONE', #2828, 0.6215000000000000524 ) ;
#1098 = CONICAL_SURFACE ( 'NONE', #1259, 0.7620000000000001217, 0.7205971725114839188 ) ;
#1099 = VERTEX_POINT ( 'NONE', #895 ) ;
#1100 = CIRCLE ( 'NONE', #3, 2.674999999999999822 ) ;
#1101 = ORIENTED_EDGE ( 'NONE', *, *, #4696, .T. ) ;
#1102 = AXIS2_PLACEMENT_3D ( 'NONE', #3621, #2534, #3648 ) ;
#1103 = CARTESIAN_POINT ( 'NONE',  ( -0.8899999999999769207, 2.439999999999999947, 0.8899999999999999023 ) ) ;
#1104 = ADVANCED_FACE ( 'NONE', ( #1268 ), #2114, .F. ) ;
#1105 = CARTESIAN_POINT ( 'NONE',  ( -7.679999999999929550, 5.655575004671662287E-15, -4.534709080630614667E-15 ) ) ;
#1106 = AXIS2_PLACEMENT_3D ( 'NONE', #803, #453, #3143 ) ;
#1107 = B_SPLINE_CURVE_WITH_KNOTS ( 'NONE', 3,
 ( #1389, #3994, #1409, #4795 ),
 .UNSPECIFIED., .F., .F.,
 ( 4, 4 ),
 ( 2.759748586289519758E-07, 5.030102700883260094E-05 ),
 .UNSPECIFIED. ) ;
#1108 = CARTESIAN_POINT ( 'NONE',  ( -0.8185000000000359766, -3.580000000000000071, 0.000000000000000000 ) ) ;
#1109 = VERTEX_POINT ( 'NONE', #1945 ) ;
#1110 = ORIENTED_EDGE ( 'NONE', *, *, #980, .T. ) ;
#1111 = CIRCLE ( 'NONE', #2217, 2.674999999999999822 ) ;
#1112 = EDGE_CURVE ( 'NONE', #490, #4611, #820, .T. ) ;
#1113 = CARTESIAN_POINT ( 'NONE',  ( -8.898454457782539961, 0.009883352707996444220, 0.4199027154032830000 ) ) ;
#1114 = CARTESIAN_POINT ( 'NONE',  ( -9.440000000000001279, 0.000000000000000000, 0.000000000000000000 ) ) ;
#1115 = VECTOR ( 'NONE', #3045, 1000.000000000000000 ) ;
#1116 = CARTESIAN_POINT ( 'NONE',  ( -0.06000000000003220119, 4.006260725414660051, 2.830000000000000071 ) ) ;
#1117 = EDGE_LOOP ( 'NONE', ( #1233, #125 ) ) ;
#1118 = AXIS2_PLACEMENT_3D ( 'NONE', #1707, #2888, #4347 ) ;
#1119 = ORIENTED_EDGE ( 'NONE', *, *, #1826, .F. ) ;
#1120 = DIRECTION ( 'NONE',  ( 0.6585046078685152793, 0.000000000000000000, -0.7525766947068802670 ) ) ;
#1121 = DIRECTION ( 'NONE',  ( 0.000000000000000000, 0.000000000000000000, 1.000000000000000000 ) ) ;
#1122 = CIRCLE ( 'NONE', #173, 0.7600000000000000089 ) ;
#1123 = LINE ( 'NONE', #2205, #1790 ) ;
#1124 = EDGE_LOOP ( 'NONE', ( #116, #345, #676, #3639 ) ) ;
#1125 = FACE_OUTER_BOUND ( 'NONE', #2112, .T. ) ;
#1126 = DIRECTION ( 'NONE',  ( -3.168959634848519371E-16, -1.000000000000000000, -1.054711873393898122E-15 ) ) ;
#1127 = CARTESIAN_POINT ( 'NONE',  ( -8.890000000000000568, -2.425000000000000266, 0.000000000000000000 ) ) ;
#1128 = CIRCLE ( 'NONE', #2067, 2.189999999999970193 ) ;
#1129 = AXIS2_PLACEMENT_3D ( 'NONE', #3866, #3119, #2010 ) ;
#1130 = LOCAL_TIME ( 8, 33, 44.00000000000000000, #872 ) ;
#1131 = ORIENTED_EDGE ( 'NONE', *, *, #2945, .T. ) ;
#1132 = EDGE_LOOP ( 'NONE', ( #403, #251 ) ) ;
#1133 = DIRECTION ( 'NONE',  ( 0.000000000000000000, 1.000000000000000000, 0.000000000000000000 ) ) ;
#1134 = FACE_OUTER_BOUND ( 'NONE', #1822, .T. ) ;
#1135 = VECTOR ( 'NONE', #1849, 999.9999999999998863 ) ;
#1136 = ADVANCED_FACE ( 'NONE', ( #2327, #3459 ), #471, .T. ) ;
#1137 = DIRECTION ( 'NONE',  ( -1.000000000000000000, -2.162693482493780038E-15, 0.000000000000000000 ) ) ;
#1138 = AXIS2_PLACEMENT_3D ( 'NONE', #495, #4292, #4344 ) ;
#1139 = ORIENTED_EDGE ( 'NONE', *, *, #3645, .T. ) ;
#1140 = ORIENTED_EDGE ( 'NONE', *, *, #3284, .T. ) ;
#1141 = DIRECTION ( 'NONE',  ( 1.000000000000000000, -2.093391161677569977E-15, 0.000000000000000000 ) ) ;
#1142 = FACE_OUTER_BOUND ( 'NONE', #3233, .T. ) ;
#1143 = EDGE_CURVE ( 'NONE', #4109, #1281, #1973, .T. ) ;
#1144 = ADVANCED_FACE ( 'NONE', ( #2713 ), #2980, .F. ) ;
#1145 =( BOUNDED_CURVE ( )  B_SPLINE_CURVE ( 3, ( #1463, #1413, #2493, #3998 ),
 .UNSPECIFIED., .F., .F. ) 
 B_SPLINE_CURVE_WITH_KNOTS ( ( 4, 4 ),
 ( 3.188399990043085275, 3.191695899193309760 ),
 .UNSPECIFIED. ) 
 CURVE ( )  GEOMETRIC_REPRESENTATION_ITEM ( )  RATIONAL_B_SPLINE_CURVE ( ( 1.000000000000000000, 0.9999990947487775728, 0.9999990947487775728, 1.000000000000000000 ) ) 
 REPRESENTATION_ITEM ( '' )  );
#1146 = LINE ( 'NONE', #2324, #581 ) ;
#1147 = ORIENTED_EDGE ( 'NONE', *, *, #1683, .T. ) ;
#1148 = ORIENTED_EDGE ( 'NONE', *, *, #378, .T. ) ;
#1149 = DIRECTION ( 'NONE',  ( -0.7514118287111090089, 0.6598335120869711634, 0.000000000000000000 ) ) ;
#1150 = ADVANCED_FACE ( 'NONE', ( #1242 ), #3906, .T. ) ;
#1151 = DIRECTION ( 'NONE',  ( 1.991972495380191363E-15, -1.000000000000000000, 0.000000000000000000 ) ) ;
#1152 = CARTESIAN_POINT ( 'NONE',  ( -0.4846307058665435541, -0.1459101284741677884, 0.6388666356622459963 ) ) ;
#1153 = ORIENTED_EDGE ( 'NONE', *, *, #2674, .T. ) ;
#1154 = CARTESIAN_POINT ( 'NONE',  ( -8.898884473509689030, 0.009872289793576242284, -0.4198963623211298679 ) ) ;
#1155 = CARTESIAN_POINT ( 'NONE',  ( -1.618499999999999828, 3.580000000000000071, 0.000000000000000000 ) ) ;
#1156 = CARTESIAN_POINT ( 'NONE',  ( -9.440000000000001279, 3.588215121501745087E-16, 2.729999999999999982 ) ) ;
#1157 = ORIENTED_EDGE ( 'NONE', *, *, #386, .T. ) ;
#1158 = ORIENTED_EDGE ( 'NONE', *, *, #4132, .F. ) ;
#1159 = CARTESIAN_POINT ( 'NONE',  ( -5.390710678118679766, 0.000000000000000000, 0.000000000000000000 ) ) ;
#1160 = DIRECTION ( 'NONE',  ( 2.093391161677562877E-15, 1.000000000000000000, 0.000000000000000000 ) ) ;
#1161 = ORIENTED_EDGE ( 'NONE', *, *, #3411, .F. ) ;
#1162 = CARTESIAN_POINT ( 'NONE',  ( -0.05999999999997670391, 3.200000000000000178, 1.649999999999999911 ) ) ;
#1163 = EDGE_CURVE ( 'NONE', #3813, #2105, #3136, .T. ) ;
#1164 = B_SPLINE_CURVE_WITH_KNOTS ( 'NONE', 3,
 ( #1745, #2823, #3204, #604 ),
 .UNSPECIFIED., .F., .F.,
 ( 4, 4 ),
 ( 7.785962141094480030E-06, 0.0002678124944362059840 ),
 .UNSPECIFIED. ) ;
#1165 = FACE_OUTER_BOUND ( 'NONE', #455, .T. ) ;
#1166 = BREP_WITH_VOIDS ( 'NONE', #2138, ( #4505 ) );
#1167 = EDGE_LOOP ( 'NONE', ( #827, #101, #3885, #12 ) ) ;
#1168 = ADVANCED_FACE ( 'NONE', ( #2692 ), #4200, .F. ) ;
#1169 = ORIENTED_EDGE ( 'NONE', *, *, #2914, .F. ) ;
#1170 = CARTESIAN_POINT ( 'NONE',  ( -0.06000000000003220119, 0.000000000000000000, 0.000000000000000000 ) ) ;
#1171 = CARTESIAN_POINT ( 'NONE',  ( -1.610000000000000098, 0.000000000000000000, 0.000000000000000000 ) ) ;
#1172 = VERTEX_POINT ( 'NONE', #1320 ) ;
#1173 = CIRCLE ( 'NONE', #855, 2.529644660940679746 ) ;
#1174 = DIRECTION ( 'NONE',  ( 0.000000000000000000, 1.000000000000000000, 9.403999021132207827E-16 ) ) ;
#1175 = ADVANCED_FACE ( 'NONE', ( #4317 ), #2663, .T. ) ;
#1176 = DIRECTION ( 'NONE',  ( 0.000000000000000000, 0.000000000000000000, -1.000000000000000000 ) ) ;
#1177 = EDGE_CURVE ( 'NONE', #155, #606, #4780, .T. ) ;
#1178 = LINE ( 'NONE', #1476, #1906 ) ;
#1179 = AXIS2_PLACEMENT_3D ( 'NONE', #4507, #4845, #1181 ) ;
#1180 = ORIENTED_EDGE ( 'NONE', *, *, #4650, .F. ) ;
#1181 = DIRECTION ( 'NONE',  ( 0.000000000000000000, 0.000000000000000000, 1.000000000000000000 ) ) ;
#1182 = AXIS2_PLACEMENT_3D ( 'NONE', #4769, #289, #608 ) ;
#1183 = DIRECTION ( 'NONE',  ( 0.000000000000000000, 0.000000000000000000, 1.000000000000000000 ) ) ;
#1184 = VECTOR ( 'NONE', #4647, 1000.000000000000114 ) ;
#1185 = AXIS2_PLACEMENT_3D ( 'NONE', #761, #3053, #1183 ) ;
#1186 = CONICAL_SURFACE ( 'NONE', #2520, 0.6214999999999996083, 0.7205971725114357351 ) ;
#1187 = VERTEX_POINT ( 'NONE', #4684 ) ;
#1188 = DIRECTION ( 'NONE',  ( 0.000000000000000000, 1.000000000000000000, 1.054711873393898516E-15 ) ) ;
#1189 = CIRCLE ( 'NONE', #948, 0.8999999999999841460 ) ;
#1190 = AXIS2_PLACEMENT_3D ( 'NONE', #4194, #369, #3013 ) ;
#1191 = DIRECTION ( 'NONE',  ( 1.000000000000000000, 2.100641709190699945E-15, 0.000000000000000000 ) ) ;
#1192 = ORIENTED_EDGE ( 'NONE', *, *, #424, .F. ) ;
#1193 = ORIENTED_EDGE ( 'NONE', *, *, #2859, .F. ) ;
#1194 = CARTESIAN_POINT ( 'NONE',  ( -8.887920983205800596, -0.4201670376886836311, -0.01015434495474695602 ) ) ;
#1195 = AXIS2_PLACEMENT_3D ( 'NONE', #2867, #4370, #616 ) ;
#1196 = CARTESIAN_POINT ( 'NONE',  ( -1.679999999999929772, 0.000000000000000000, 0.6550000000000130163 ) ) ;
#1197 = EDGE_CURVE ( 'NONE', #3535, #735, #3416, .T. ) ;
#1198 = PERSON_AND_ORGANIZATION ( #2338, #3253 ) ;
#1199 = ORIENTED_EDGE ( 'NONE', *, *, #4128, .T. ) ;
#1200 = LINE ( 'NONE', #1617, #4405 ) ;
#1201 = CARTESIAN_POINT ( 'NONE',  ( -10.91999999999999993, 0.000000000000000000, 0.000000000000000000 ) ) ;
#1202 = CARTESIAN_POINT ( 'NONE',  ( -8.977106130260658290, -0.7280575807464707561, -0.007862296986422779785 ) ) ;
#1203 = AXIS2_PLACEMENT_3D ( 'NONE', #361, #2211, #1861 ) ;
#1204 = EDGE_CURVE ( 'NONE', #4081, #3024, #1173, .T. ) ;
#1205 = ADVANCED_FACE ( 'NONE', ( #574 ), #3698, .T. ) ;
#1206 = VERTEX_POINT ( 'NONE', #940 ) ;
#1207 = DIRECTION ( 'NONE',  ( -2.093391161677564061E-15, 1.000000000000000000, 0.000000000000000000 ) ) ;
#1208 = VECTOR ( 'NONE', #3615, 1000.000000000000000 ) ;
#1209 = CARTESIAN_POINT ( 'NONE',  ( -8.086366472866679089, -0.03077575112618477840, 0.7384281901014801974 ) ) ;
#1210 = PRODUCT_DEFINITION_FORMATION_WITH_SPECIFIED_SOURCE ( 'ANY', '', #3187, .NOT_KNOWN. ) ;
#1211 = ADVANCED_FACE ( 'NONE', ( #1688 ), #2423, .F. ) ;
#1212 = ORIENTED_EDGE ( 'NONE', *, *, #387, .T. ) ;
#1213 = CARTESIAN_POINT ( 'NONE',  ( -9.090000000000001634, 0.000000000000000000, 3.129999999999999893 ) ) ;
#1214 = DIRECTION ( 'NONE',  ( 0.000000000000000000, 0.000000000000000000, -1.000000000000000000 ) ) ;
#1215 = AXIS2_PLACEMENT_3D ( 'NONE', #1925, #3435, #75 ) ;
#1216 = FACE_OUTER_BOUND ( 'NONE', #1850, .T. ) ;
#1217 = ORIENTED_EDGE ( 'NONE', *, *, #4151, .T. ) ;
#1218 = ORIENTED_EDGE ( 'NONE', *, *, #4771, .T. ) ;
#1219 = DIRECTION ( 'NONE',  ( -1.000000000000000000, 0.000000000000000000, 0.000000000000000000 ) ) ;
#1220 = CARTESIAN_POINT ( 'NONE',  ( -8.428787838708313274, 2.064596900383116834E-28, 2.174999999999988720 ) ) ;
#1221 = APPROVAL_ROLE ( '' ) ;
#1222 = ORIENTED_EDGE ( 'NONE', *, *, #508, .T. ) ;
#1223 = LINE ( 'NONE', #1247, #2210 ) ;
#1224 = DIRECTION ( 'NONE',  ( 0.7744763656751753045, 0.6326028446115080639, 0.000000000000000000 ) ) ;
#1225 = CARTESIAN_POINT ( 'NONE',  ( -0.4985000000000366915, -4.341999999999999638, 9.331808609502830497E-17 ) ) ;
#1226 = ADVANCED_FACE ( 'NONE', ( #3157 ), #4011, .F. ) ;
#1227 = DIRECTION ( 'NONE',  ( 0.000000000000000000, 0.000000000000000000, -1.000000000000000000 ) ) ;
#1228 = ORIENTED_EDGE ( 'NONE', *, *, #1451, .T. ) ;
#1229 = FACE_OUTER_BOUND ( 'NONE', #4418, .T. ) ;
#1230 = FACE_OUTER_BOUND ( 'NONE', #2995, .T. ) ;
#1231 = DIRECTION ( 'NONE',  ( 0.7071067811870386244, 8.659560562348917794E-17, 0.7071067811860564101 ) ) ;
#1232 = EDGE_CURVE ( 'NONE', #409, #2079, #3458, .T. ) ;
#1233 = ORIENTED_EDGE ( 'NONE', *, *, #3461, .F. ) ;
#1234 = CARTESIAN_POINT ( 'NONE',  ( -0.3385000000000409903, 3.580000000000000071, 0.000000000000000000 ) ) ;
#1235 = DIRECTION ( 'NONE',  ( -1.000000000000000000, 0.000000000000000000, 0.000000000000000000 ) ) ;
#1236 = EDGE_CURVE ( 'NONE', #2126, #1756, #4290, .T. ) ;
#1237 = EDGE_CURVE ( 'NONE', #894, #1206, #1238, .T. ) ;
#1238 = B_SPLINE_CURVE_WITH_KNOTS ( 'NONE', 3,
 ( #2418, #1681, #3901, #1287 ),
 .UNSPECIFIED., .F., .F.,
 ( 4, 4 ),
 ( 2.759959682289050109E-07, 5.030102144821391045E-05 ),
 .UNSPECIFIED. ) ;
#1239 = DIRECTION ( 'NONE',  ( 2.093391161677562877E-15, 1.000000000000000000, 0.000000000000000000 ) ) ;
#1240 = VERTEX_POINT ( 'NONE', #171 ) ;
#1241 = EDGE_LOOP ( 'NONE', ( #3504, #1041, #1710, #1373, #3972 ) ) ;
#1242 = FACE_OUTER_BOUND ( 'NONE', #2150, .T. ) ;
#1243 = DIRECTION ( 'NONE',  ( -0.7514118287111348771, 0.6598335120869416315, 8.080629985474275328E-17 ) ) ;
#1244 = ORIENTED_EDGE ( 'NONE', *, *, #1747, .F. ) ;
#1245 = CARTESIAN_POINT ( 'NONE',  ( 0.000000000000000000, 0.000000000000000000, 0.000000000000000000 ) ) ;
#1246 = ORIENTED_EDGE ( 'NONE', *, *, #1627, .T. ) ;
#1247 = CARTESIAN_POINT ( 'NONE',  ( -1.618500000000001160, -4.201499999999999346, 0.000000000000000000 ) ) ;
#1248 = LINE ( 'NONE', #132, #1266 ) ;
#1249 = DIRECTION ( 'NONE',  ( 0.6585046078685079518, 9.216406402856836661E-17, 0.7525766947068868173 ) ) ;
#1250 = CONICAL_SURFACE ( 'NONE', #1088, 3.129999999999999893, 0.8519663271732759169 ) ;
#1251 = CARTESIAN_POINT ( 'NONE',  ( -8.390000000000000568, 0.000000000000000000, 3.129999999999999893 ) ) ;
#1252 = ORIENTED_EDGE ( 'NONE', *, *, #2879, .T. ) ;
#1253 = CARTESIAN_POINT ( 'NONE',  ( -10.91999999999999993, 0.000000000000000000, 0.000000000000000000 ) ) ;
#1254 = CARTESIAN_POINT ( 'NONE',  ( -7.689999999999999503, 3.833144481331215679E-16, -3.129999999999999893 ) ) ;
#1255 = CARTESIAN_POINT ( 'NONE',  ( -0.8185000000000344222, -2.817999999999999616, 0.000000000000000000 ) ) ;
#1256 = EDGE_CURVE ( 'NONE', #4734, #1361, #1260, .T. ) ;
#1257 = VECTOR ( 'NONE', #2018, 1000.000000000000000 ) ;
#1258 = EDGE_LOOP ( 'NONE', ( #2345, #1890, #801, #451, #4340, #2275, #900 ) ) ;
#1259 = AXIS2_PLACEMENT_3D ( 'NONE', #1646, #4189, #4258 ) ;
#1260 = LINE ( 'NONE', #2708, #70 ) ;
#1261 = FACE_OUTER_BOUND ( 'NONE', #1345, .T. ) ;
#1262 = VECTOR ( 'NONE', #2638, 1000.000000000000000 ) ;
#1263 = DIRECTION ( 'NONE',  ( 1.000000000000000000, -3.168959634848508524E-16, -1.000180237639160754E-15 ) ) ;
#1264 = EDGE_CURVE ( 'NONE', #3024, #3819, #142, .T. ) ;
#1265 = VERTEX_POINT ( 'NONE', #3451 ) ;
#1266 = VECTOR ( 'NONE', #4205, 1000.000000000000000 ) ;
#1267 = ORIENTED_EDGE ( 'NONE', *, *, #4325, .F. ) ;
#1268 = FACE_OUTER_BOUND ( 'NONE', #647, .T. ) ;
#1269 = CONICAL_SURFACE ( 'NONE', #716, 0.7620000000000001217, 0.7205971725114407311 ) ;
#1270 = CIRCLE ( 'NONE', #1967, 2.515000000000001013 ) ;
#1271 = DIRECTION ( 'NONE',  ( -9.912705577010324563E-16, -0.9338561447841048357, -0.3576488513178380235 ) ) ;
#1272 = VERTEX_POINT ( 'NONE', #3925 ) ;
#1273 = SHAPE_DEFINITION_REPRESENTATION ( #3619, #865 ) ;
#1274 = VERTEX_POINT ( 'NONE', #537 ) ;
#1275 = LINE ( 'NONE', #3889, #3469 ) ;
#1276 = CONICAL_SURFACE ( 'NONE', #3718, 3.129999999999999893, 0.8519663271732560439 ) ;
#1277 = DIRECTION ( 'NONE',  ( 1.000000000000000000, 1.991972495380200041E-15, 0.000000000000000000 ) ) ;
#1278 = DIRECTION ( 'NONE',  ( 0.7514118287111033467, -0.6598335120869774917, 8.080629985474714132E-17 ) ) ;
#1279 = VECTOR ( 'NONE', #3308, 1000.000000000000114 ) ;
#1280 = DIRECTION ( 'NONE',  ( 0.000000000000000000, 0.000000000000000000, 1.000000000000000000 ) ) ;
#1281 = VERTEX_POINT ( 'NONE', #4312 ) ;
#1282 = CARTESIAN_POINT ( 'NONE',  ( -0.1739999999999769786, 0.3449999999999999734, 0.5567764362830169844 ) ) ;
#1283 = CARTESIAN_POINT ( 'NONE',  ( 0.04199999999993098143, 3.623638086806798536E-15, -9.582986687853287557E-15 ) ) ;
#1284 = APPROVAL_PERSON_ORGANIZATION ( #2306, #1406, #1221 ) ;
#1285 = VECTOR ( 'NONE', #2894, 1000.000000000000000 ) ;
#1286 = ORIENTED_EDGE ( 'NONE', *, *, #510, .F. ) ;
#1287 = CARTESIAN_POINT ( 'NONE',  ( -8.970426365894919485, 0.4681169167957756061, 0.008033966158370856384 ) ) ;
#1288 = DIRECTION ( 'NONE',  ( 1.000000000000000000, 0.000000000000000000, 0.000000000000000000 ) ) ;
#1289 = EDGE_CURVE ( 'NONE', #894, #3674, #781, .T. ) ;
#1290 = DIRECTION ( 'NONE',  ( 2.100641709190701917E-15, -1.000000000000000000, 0.000000000000000000 ) ) ;
#1291 = CONICAL_SURFACE ( 'NONE', #2392, 0.7600000000000002309, 0.01223516596216942670 ) ;
#1292 = EDGE_LOOP ( 'NONE', ( #2040, #2737, #2966, #3592 ) ) ;
#1293 = DIRECTION ( 'NONE',  ( 2.134256245050205060E-15, 1.000000000000000000, 0.000000000000000000 ) ) ;
#1294 = CARTESIAN_POINT ( 'NONE',  ( -8.096196608164710540, -0.4396871037149926442, -0.03052285352497781726 ) ) ;
#1295 = EDGE_CURVE ( 'NONE', #4271, #3213, #522, .T. ) ;
#1296 = VECTOR ( 'NONE', #746, 999.9999999999998863 ) ;
#1297 = EDGE_CURVE ( 'NONE', #490, #4249, #3537, .T. ) ;
#1298 = DIRECTION ( 'NONE',  ( 0.000000000000000000, 0.000000000000000000, 1.000000000000000000 ) ) ;
#1299 = ORIENTED_EDGE ( 'NONE', *, *, #4511, .F. ) ;
#1300 = EDGE_LOOP ( 'NONE', ( #3688, #4188, #1056, #3331 ) ) ;
#1301 = CYLINDRICAL_SURFACE ( 'NONE', #1509, 2.189999999999970637 ) ;
#1302 = CARTESIAN_POINT ( 'NONE',  ( -0.4985000000000366915, 4.341999999999999638, -9.331808609502830497E-17 ) ) ;
#1303 = DIRECTION ( 'NONE',  ( -0.000000000000000000, 1.000000000000000000, 0.000000000000000000 ) ) ;
#1304 = EDGE_CURVE ( 'NONE', #1032, #4443, #1939, .T. ) ;
#1305 = EDGE_CURVE ( 'NONE', #3928, #2175, #541, .T. ) ;
#1306 = DIRECTION ( 'NONE',  ( 0.000000000000000000, 0.000000000000000000, 1.000000000000000000 ) ) ;
#1307 = DIRECTION ( 'NONE',  ( -1.000000000000000000, 0.000000000000000000, 0.000000000000000000 ) ) ;
#1308 =( BOUNDED_CURVE ( )  B_SPLINE_CURVE ( 3, ( #1664, #1294, #917, #3510 ),
 .UNSPECIFIED., .F., .F. ) 
 B_SPLINE_CURVE_WITH_KNOTS ( ( 4, 4 ),
 ( 3.091489407985966942, 3.094755831082443454 ),
 .UNSPECIFIED. ) 
 CURVE ( )  GEOMETRIC_REPRESENTATION_ITEM ( )  RATIONAL_B_SPLINE_CURVE ( ( 1.000000000000000000, 0.9999991108735437617, 0.9999991108735437617, 1.000000000000000000 ) ) 
 REPRESENTATION_ITEM ( '' )  );
#1309 = VERTEX_POINT ( 'NONE', #1213 ) ;
#1310 = DIRECTION ( 'NONE',  ( -1.000000000000000000, 0.000000000000000000, 0.000000000000000000 ) ) ;
#1311 = CARTESIAN_POINT ( 'NONE',  ( -5.029289321881379671, 0.000000000000000000, 0.000000000000000000 ) ) ;
#1312 = DIRECTION ( 'NONE',  ( 1.000000000000000000, -3.168959634848508524E-16, -1.000180237639160754E-15 ) ) ;
#1313 = VERTEX_POINT ( 'NONE', #831 ) ;
#1314 = CARTESIAN_POINT ( 'NONE',  ( -8.924423137547584872, -0.4245780614042650170, -0.009215262532896527359 ) ) ;
#1315 = CARTESIAN_POINT ( 'NONE',  ( -6.370000000000069384, 5.655575004671662287E-15, -3.169831004110987970E-15 ) ) ;
#1316 = CARTESIAN_POINT ( 'NONE',  ( -8.898454457782548843, 6.456832016198207214E-15, -6.409208236663127237E-16 ) ) ;
#1317 = ORIENTED_EDGE ( 'NONE', *, *, #2914, .T. ) ;
#1318 = EDGE_CURVE ( 'NONE', #3997, #2081, #1355, .T. ) ;
#1319 = ORIENTED_EDGE ( 'NONE', *, *, #2890, .T. ) ;
#1320 = CARTESIAN_POINT ( 'NONE',  ( -10.91999999999999993, 0.000000000000000000, -2.625000000000000000 ) ) ;
#1321 = AXIS2_PLACEMENT_3D ( 'NONE', #601, #256, #4761 ) ;
#1322 = ORIENTED_EDGE ( 'NONE', *, *, #2399, .T. ) ;
#1323 = EDGE_CURVE ( 'NONE', #1663, #37, #4652, .T. ) ;
#1324 = ORIENTED_EDGE ( 'NONE', *, *, #3971, .T. ) ;
#1325 = CARTESIAN_POINT ( 'NONE',  ( -8.890000000000000568, 0.000000000000000000, 0.000000000000000000 ) ) ;
#1326 = CARTESIAN_POINT ( 'NONE',  ( -1.138500000000019829, 3.580000000000000071, 0.000000000000000000 ) ) ;
#1327 = DIRECTION ( 'NONE',  ( -1.000000000000000000, 0.000000000000000000, 0.000000000000000000 ) ) ;
#1328 = CARTESIAN_POINT ( 'NONE',  ( -0.4985000000000350262, 3.580000000000000071, 0.000000000000000000 ) ) ;
#1329 = EDGE_CURVE ( 'NONE', #2926, #3114, #462, .T. ) ;
#1330 = ORIENTED_EDGE ( 'NONE', *, *, #2527, .F. ) ;
#1331 = EDGE_CURVE ( 'NONE', #120, #1063, #696, .T. ) ;
#1332 = LINE ( 'NONE', #558, #2913 ) ;
#1333 = DIRECTION ( 'NONE',  ( 2.100641709190701917E-15, 1.000000000000000000, 0.000000000000000000 ) ) ;
#1334 = DIRECTION ( 'NONE',  ( 0.000000000000000000, 0.000000000000000000, 1.000000000000000000 ) ) ;
#1335 = VERTEX_POINT ( 'NONE', #2365 ) ;
#1336 = FACE_OUTER_BOUND ( 'NONE', #4665, .T. ) ;
#1337 = DIRECTION ( 'NONE',  ( 2.100641709190701917E-15, 1.000000000000000000, 0.000000000000000000 ) ) ;
#1338 = ORIENTED_EDGE ( 'NONE', *, *, #4837, .F. ) ;
#1339 = AXIS2_PLACEMENT_3D ( 'NONE', #3603, #3328, #268 ) ;
#1340 = ORIENTED_EDGE ( 'NONE', *, *, #140, .F. ) ;
#1341 = CIRCLE ( 'NONE', #151, 0.4513331514533774347 ) ;
#1342 = CARTESIAN_POINT ( 'NONE',  ( -8.899739023004091365, 0.4198924285708004467, 0.009847119096734005886 ) ) ;
#1343 = AXIS2_PLACEMENT_3D ( 'NONE', #1105, #340, #1077 ) ;
#1344 = ORIENTED_EDGE ( 'NONE', *, *, #483, .T. ) ;
#1345 = EDGE_LOOP ( 'NONE', ( #4032, #467, #2721, #39 ) ) ;
#1346 = CARTESIAN_POINT ( 'NONE',  ( -7.679999999999929550, -0.04123024671363453852, -4.370156041449631878 ) ) ;
#1347 = AXIS2_PLACEMENT_3D ( 'NONE', #4700, #3127, #538 ) ;
#1348 = EDGE_CURVE ( 'NONE', #606, #155, #2593, .T. ) ;
#1349 = CARTESIAN_POINT ( 'NONE',  ( -6.989999999999999325, 0.000000000000000000, 3.129999999999999893 ) ) ;
#1350 = FACE_OUTER_BOUND ( 'NONE', #1815, .T. ) ;
#1351 = AXIS2_PLACEMENT_3D ( 'NONE', #2772, #844, #157 ) ;
#1352 = EDGE_LOOP ( 'NONE', ( #496, #2185, #1572, #1518 ) ) ;
#1353 = DIRECTION ( 'NONE',  ( 0.000000000000000000, 0.000000000000000000, -1.000000000000000000 ) ) ;
#1354 = CARTESIAN_POINT ( 'NONE',  ( -8.887920983205800596, 0.7291205759919894280, 0.01015434495476505959 ) ) ;
#1355 = B_SPLINE_CURVE_WITH_KNOTS ( 'NONE', 3,
 ( #2341, #2756, #4623, #1653 ),
 .UNSPECIFIED., .F., .F.,
 ( 4, 4 ),
 ( 2.001289382749420160E-07, 1.074039647992110105E-05 ),
 .UNSPECIFIED. ) ;
#1356 = FACE_OUTER_BOUND ( 'NONE', #1456, .T. ) ;
#1357 = VECTOR ( 'NONE', #2964, 1000.000000000000114 ) ;
#1358 = EDGE_CURVE ( 'NONE', #1964, #344, #461, .T. ) ;
#1359 = ADVANCED_FACE ( 'NONE', ( #2394 ), #3141, .F. ) ;
#1360 = VERTEX_POINT ( 'NONE', #4794 ) ;
#1361 = VERTEX_POINT ( 'NONE', #959 ) ;
#1362 = DIRECTION ( 'NONE',  ( 1.000000000000000000, 0.000000000000000000, 0.000000000000000000 ) ) ;
#1363 = AXIS2_PLACEMENT_3D ( 'NONE', #1486, #295, #4775 ) ;
#1364 = CARTESIAN_POINT ( 'NONE',  ( -0.06000000000004299117, -4.479999999999984439, 1.102182119232598313E-16 ) ) ;
#1365 = EDGE_CURVE ( 'NONE', #1000, #1086, #3380, .T. ) ;
#1366 = CIRCLE ( 'NONE', #3086, 1.810000000000000053 ) ;
#1367 = CARTESIAN_POINT ( 'NONE',  ( -1.679999999999929772, 8.021436534415323239E-17, -0.6550000000000130163 ) ) ;
#1368 = ORIENTED_EDGE ( 'NONE', *, *, #1331, .F. ) ;
#1369 = AXIS2_PLACEMENT_3D ( 'NONE', #1326, #4057, #2816 ) ;
#1370 = VERTEX_POINT ( 'NONE', #2467 ) ;
#1371 = AXIS2_PLACEMENT_3D ( 'NONE', #395, #2387, #1899 ) ;
#1372 = LINE ( 'NONE', #896, #4803 ) ;
#1373 = ORIENTED_EDGE ( 'NONE', *, *, #1746, .F. ) ;
#1374 = ORIENTED_EDGE ( 'NONE', *, *, #3694, .F. ) ;
#1375 = AXIS2_PLACEMENT_3D ( 'NONE', #4557, #2343, #2299 ) ;
#1376 = FACE_OUTER_BOUND ( 'NONE', #431, .T. ) ;
#1377 = CARTESIAN_POINT ( 'NONE',  ( -0.02000000000008242407, 3.643285636542862915E-15, -9.520975513119644685E-15 ) ) ;
#1378 = DIRECTION ( 'NONE',  ( 0.000000000000000000, 0.000000000000000000, -1.000000000000000000 ) ) ;
#1379 = AXIS2_PLACEMENT_3D ( 'NONE', #1316, #1727, #3560 ) ;
#1380 = CARTESIAN_POINT ( 'NONE',  ( -7.679999999999929550, 0.04123024671364991511, 0.4494459704215483797 ) ) ;
#1381 = EDGE_LOOP ( 'NONE', ( #3207, #2024, #2955, #3035 ) ) ;
#1382 = CARTESIAN_POINT ( 'NONE',  ( -8.899739023004091365, 0.009847119096731336146, -0.4198924285707955617 ) ) ;
#1383 = ADVANCED_FACE ( 'NONE', ( #588 ), #4480, .T. ) ;
#1384 = DIRECTION ( 'NONE',  ( 1.000000000000000000, 2.134256245050209793E-15, 0.000000000000000000 ) ) ;
#1385 = CARTESIAN_POINT ( 'NONE',  ( -8.934174368666218058, -0.008965638295921420781, 0.4336578416742450370 ) ) ;
#1386 = ORIENTED_EDGE ( 'NONE', *, *, #175, .F. ) ;
#1387 = ORIENTED_EDGE ( 'NONE', *, *, #1556, .F. ) ;
#1388 = EDGE_CURVE ( 'NONE', #344, #1964, #1798, .T. ) ;
#1389 = CARTESIAN_POINT ( 'NONE',  ( -8.970426365894919485, 0.008031748193331125427, 0.4681169548559190874 ) ) ;
#1390 = DIRECTION ( 'NONE',  ( 0.000000000000000000, 0.000000000000000000, 1.000000000000000000 ) ) ;
#1391 = ORIENTED_EDGE ( 'NONE', *, *, #570, .F. ) ;
#1392 = ADVANCED_FACE ( 'NONE', ( #3803 ), #1415, .T. ) ;
#1393 = DIRECTION ( 'NONE',  ( 0.000000000000000000, 0.000000000000000000, 1.000000000000000000 ) ) ;
#1394 = EDGE_CURVE ( 'NONE', #4844, #1172, #3855, .T. ) ;
#1395 = DIRECTION ( 'NONE',  ( -1.000000000000000000, -2.093391161677579838E-15, 0.000000000000000000 ) ) ;
#1396 = CARTESIAN_POINT ( 'NONE',  ( -0.008999999999976740148, 1.576071064387640108, 0.8899999999999999023 ) ) ;
#1397 = ORIENTED_EDGE ( 'NONE', *, *, #3188, .F. ) ;
#1398 = DIRECTION ( 'NONE',  ( -2.093391161677564061E-15, -1.000000000000000000, 0.000000000000000000 ) ) ;
#1399 = LINE ( 'NONE', #1694, #1285 ) ;
#1400 = DIRECTION ( 'NONE',  ( 0.000000000000000000, 0.000000000000000000, -1.000000000000000000 ) ) ;
#1401 = PLANE ( 'NONE',  #4464 ) ;
#1402 = ORIENTED_EDGE ( 'NONE', *, *, #2643, .F. ) ;
#1403 = FACE_OUTER_BOUND ( 'NONE', #181, .T. ) ;
#1404 = FACE_OUTER_BOUND ( 'NONE', #607, .T. ) ;
#1405 = CARTESIAN_POINT ( 'NONE',  ( -0.06000000000003220119, 4.006260725414660051, -2.830000000000000071 ) ) ;
#1406 = APPROVAL ( #82, 'UNSPECIFIED' ) ;
#1407 = VERTEX_POINT ( 'NONE', #4067 ) ;
#1408 = EDGE_LOOP ( 'NONE', ( #2629, #548, #2609, #3499, #1616, #3443, #1218, #4198, #3713, #2227, #1212, #4060, #2259 ) ) ;
#1409 = CARTESIAN_POINT ( 'NONE',  ( -8.946257887015299559, 0.008653525019602693186, 0.4451447359457010311 ) ) ;
#1410 = ADVANCED_FACE ( 'NONE', ( #683 ), #1864, .T. ) ;
#1411 = CARTESIAN_POINT ( 'NONE',  ( -8.390000000000000568, 0.000000000000000000, 0.000000000000000000 ) ) ;
#1412 = ORIENTED_EDGE ( 'NONE', *, *, #4427, .T. ) ;
#1413 = CARTESIAN_POINT ( 'NONE',  ( -8.506105478383004126, -0.4297512495988677905, 0.01997722350647174530 ) ) ;
#1414 = LINE ( 'NONE', #2912, #3167 ) ;
#1415 = CONICAL_SURFACE ( 'NONE', #2905, 2.674999999999999822, 0.7853981633973770027 ) ;
#1416 = ADVANCED_FACE ( 'NONE', ( #3402 ), #2267, .F. ) ;
#1417 = EDGE_LOOP ( 'NONE', ( #2302, #4277, #2320, #3695 ) ) ;
#1418 = AXIS2_PLACEMENT_3D ( 'NONE', #1481, #391, #418 ) ;
#1419 = DIRECTION ( 'NONE',  ( 1.000000000000000000, 0.000000000000000000, 0.000000000000000000 ) ) ;
#1420 = CARTESIAN_POINT ( 'NONE',  ( -1.618499999999999828, -3.580000000000000071, 0.000000000000000000 ) ) ;
#1421 = AXIS2_PLACEMENT_3D ( 'NONE', #3989, #1384, #2559 ) ;
#1422 = EDGE_CURVE ( 'NONE', #4056, #813, #2512, .T. ) ;
#1423 = CARTESIAN_POINT ( 'NONE',  ( -1.458500000000001462, -4.341999999999999638, 9.331808609502830497E-17 ) ) ;
#1424 = DIRECTION ( 'NONE',  ( 1.000000000000000000, -3.168959634848508524E-16, -1.000180237639160754E-15 ) ) ;
#1425 = ORIENTED_EDGE ( 'NONE', *, *, #923, .F. ) ;
#1426 = CARTESIAN_POINT ( 'NONE',  ( -0.8185000000000359766, -3.580000000000000071, 0.000000000000000000 ) ) ;
#1427 = CIRCLE ( 'NONE', #1501, 32.83858062188528493 ) ;
#1428 = CARTESIAN_POINT ( 'NONE',  ( -8.934174368666218058, 0.008965638295934308041, -0.4336578416742271624 ) ) ;
#1429 = DIRECTION ( 'NONE',  ( -1.000000000000000000, 0.000000000000000000, 0.000000000000000000 ) ) ;
#1430 = ORIENTED_EDGE ( 'NONE', *, *, #419, .F. ) ;
#1431 = ORIENTED_EDGE ( 'NONE', *, *, #1770, .T. ) ;
#1432 = FACE_OUTER_BOUND ( 'NONE', #4366, .T. ) ;
#1433 = VECTOR ( 'NONE', #595, 1000.000000000000114 ) ;
#1434 = DIRECTION ( 'NONE',  ( -8.106184467180924397E-16, -0.9338561447841047247, -0.3576488513178380790 ) ) ;
#1435 = CIRCLE ( 'NONE', #4191, 3.084666666666650237 ) ;
#1436 = VERTEX_POINT ( 'NONE', #4868 ) ;
#1437 = DIRECTION ( 'NONE',  ( 1.991972495380191363E-15, 1.000000000000000000, 0.000000000000000000 ) ) ;
#1438 = EDGE_CURVE ( 'NONE', #2242, #4609, #3777, .T. ) ;
#1439 = LINE ( 'NONE', #4488, #4267 ) ;
#1440 = AXIS2_PLACEMENT_3D ( 'NONE', #1568, #2239, #1915 ) ;
#1441 = CARTESIAN_POINT ( 'NONE',  ( -8.912944868525501718, -0.4199914523883239159, 0.009510561286276560458 ) ) ;
#1442 = ORIENTED_EDGE ( 'NONE', *, *, #3677, .F. ) ;
#1443 = CIRCLE ( 'NONE', #4739, 0.6215000000000000524 ) ;
#1444 = EDGE_CURVE ( 'NONE', #3374, #1240, #385, .T. ) ;
#1445 = ORIENTED_EDGE ( 'NONE', *, *, #4626, .T. ) ;
#1446 = CARTESIAN_POINT ( 'NONE',  ( -6.989999999999999325, 0.000000000000000000, 0.000000000000000000 ) ) ;
#1447 = DIRECTION ( 'NONE',  ( 0.000000000000000000, 0.000000000000000000, 1.000000000000000000 ) ) ;
#1448 = CARTESIAN_POINT ( 'NONE',  ( -10.76999999999999957, 0.000000000000000000, 2.305000000000000160 ) ) ;
#1449 = VERTEX_POINT ( 'NONE', #2637 ) ;
#1450 = CARTESIAN_POINT ( 'NONE',  ( -1.458499999999999908, -3.580000000000000071, 0.000000000000000000 ) ) ;
#1451 = EDGE_CURVE ( 'NONE', #1172, #4844, #4871, .T. ) ;
#1452 = PLANE ( 'NONE',  #3312 ) ;
#1453 = EDGE_CURVE ( 'NONE', #2935, #3904, #3696, .T. ) ;
#1454 = DIRECTION ( 'NONE',  ( 0.000000000000000000, 0.000000000000000000, 1.000000000000000000 ) ) ;
#1455 = CIRCLE ( 'NONE', #263, 2.529644660940679746 ) ;
#1456 = EDGE_LOOP ( 'NONE', ( #3085, #4798, #519, #1584 ) ) ;
#1457 = ORIENTED_EDGE ( 'NONE', *, *, #2287, .T. ) ;
#1458 = DIRECTION ( 'NONE',  ( 0.000000000000000000, 0.000000000000000000, 1.000000000000000000 ) ) ;
#1459 = CARTESIAN_POINT ( 'NONE',  ( -0.6585000000000279519, 3.580000000000000071, 0.000000000000000000 ) ) ;
#1460 = CARTESIAN_POINT ( 'NONE',  ( -6.370000000000069384, 5.655575004671662287E-15, -3.169831004110987970E-15 ) ) ;
#1461 = EDGE_LOOP ( 'NONE', ( #770, #4269, #141, #1692, #1060 ) ) ;
#1462 = ORIENTED_EDGE ( 'NONE', *, *, #2730, .T. ) ;
#1463 = CARTESIAN_POINT ( 'NONE',  ( -8.898454457782539961, -0.4199027154032676235, 0.009883352707998917935 ) ) ;
#1464 = FACE_OUTER_BOUND ( 'NONE', #3351, .T. ) ;
#1465 = DIRECTION ( 'NONE',  ( 1.000000000000000000, -3.168959634848508524E-16, -1.000180237639160754E-15 ) ) ;
#1466 = ORIENTED_EDGE ( 'NONE', *, *, #4215, .F. ) ;
#1467 = ORIENTED_EDGE ( 'NONE', *, *, #1323, .T. ) ;
#1468 = CARTESIAN_POINT ( 'NONE',  ( -10.91999999999999993, 0.000000000000000000, 0.000000000000000000 ) ) ;
#1469 = CONICAL_SURFACE ( 'NONE', #438, 0.7620000000000001217, 0.7205971725114839188 ) ;
#1470 = CARTESIAN_POINT ( 'NONE',  ( -8.898454457782539961, 0.009883352707996444220, 0.4199027154032830000 ) ) ;
#1471 = EDGE_CURVE ( 'NONE', #440, #3819, #4553, .T. ) ;
#1472 = LINE ( 'NONE', #2651, #3109 ) ;
#1473 = ORIENTED_EDGE ( 'NONE', *, *, #2376, .F. ) ;
#1474 = CARTESIAN_POINT ( 'NONE',  ( -8.899739023004091365, 0.009847119096731336146, -0.4198924285707955617 ) ) ;
#1475 = DIRECTION ( 'NONE',  ( 1.000000000000000000, -3.168959634848508524E-16, -1.000180237639160754E-15 ) ) ;
#1476 = CARTESIAN_POINT ( 'NONE',  ( -9.780000000000072191, -1.634248253372192261, -0.6258854898061663175 ) ) ;
#1477 = EDGE_CURVE ( 'NONE', #1313, #421, #4020, .T. ) ;
#1478 = EDGE_CURVE ( 'NONE', #1206, #265, #3628, .T. ) ;
#1479 = ORIENTED_EDGE ( 'NONE', *, *, #903, .F. ) ;
#1480 = DIRECTION ( 'NONE',  ( 0.000000000000000000, 0.000000000000000000, 1.000000000000000000 ) ) ;
#1481 = CARTESIAN_POINT ( 'NONE',  ( -6.370000000000069384, 5.655575004671662287E-15, -3.169831004110987970E-15 ) ) ;
#1482 = DIRECTION ( 'NONE',  ( 1.000000000000000000, -3.168959634848508524E-16, -1.000180237639160754E-15 ) ) ;
#1483 = EDGE_LOOP ( 'NONE', ( #643, #4792, #4506, #4838 ) ) ;
#1484 = ORIENTED_EDGE ( 'NONE', *, *, #1047, .T. ) ;
#1485 = DIRECTION ( 'NONE',  ( 0.7514118287111031247, -0.6598335120869778248, 8.080629985474720295E-17 ) ) ;
#1486 = CARTESIAN_POINT ( 'NONE',  ( -10.76999999999999957, 0.000000000000000000, 0.000000000000000000 ) ) ;
#1487 = ORIENTED_EDGE ( 'NONE', *, *, #2181, .F. ) ;
#1488 = ORIENTED_EDGE ( 'NONE', *, *, #387, .F. ) ;
#1489 = AXIS2_PLACEMENT_3D ( 'NONE', #3963, #3595, #579 ) ;
#1490 = CARTESIAN_POINT ( 'NONE',  ( -0.008999999999976729739, -0.3449999999999999734, 0.8899999999999999023 ) ) ;
#1491 = DESIGN_CONTEXT ( 'detailed design', #2566, 'design' ) ;
#1492 = CARTESIAN_POINT ( 'NONE',  ( -0.4739279863823380179, -0.1653642273309663679, 0.6340863824415502448 ) ) ;
#1493 = ORIENTED_EDGE ( 'NONE', *, *, #1746, .T. ) ;
#1494 = DIRECTION ( 'NONE',  ( -1.000000000000000000, 3.168959634848508524E-16, 1.000180237639160754E-15 ) ) ;
#1495 = FACE_OUTER_BOUND ( 'NONE', #2981, .T. ) ;
#1496 = DIRECTION ( 'NONE',  ( 0.000000000000000000, 1.000000000000000000, 1.062864582027955734E-15 ) ) ;
#1497 = EDGE_CURVE ( 'NONE', #1281, #4685, #1341, .T. ) ;
#1498 = CONICAL_SURFACE ( 'NONE', #2678, 3.129999999999999893, 0.8519663271732560439 ) ;
#1499 = AXIS2_PLACEMENT_3D ( 'NONE', #2722, #3919, #1600 ) ;
#1500 = ORIENTED_EDGE ( 'NONE', *, *, #2680, .T. ) ;
#1501 = AXIS2_PLACEMENT_3D ( 'NONE', #4083, #731, #1914 ) ;
#1502 = ORIENTED_EDGE ( 'NONE', *, *, #2169, .T. ) ;
#1503 = AXIS2_PLACEMENT_3D ( 'NONE', #382, #2180, #1809 ) ;
#1504 = CARTESIAN_POINT ( 'NONE',  ( -0.4985000000000350262, -3.580000000000000071, 0.000000000000000000 ) ) ;
#1505 = DIRECTION ( 'NONE',  ( -3.168959634848519371E-16, -1.000000000000000000, -1.054711873393898122E-15 ) ) ;
#1506 = ADVANCED_FACE ( 'NONE', ( #1816 ), #1961, .F. ) ;
#1507 = EDGE_CURVE ( 'NONE', #2623, #842, #416, .T. ) ;
#1508 = AXIS2_PLACEMENT_3D ( 'NONE', #3571, #1419, #1693 ) ;
#1509 = AXIS2_PLACEMENT_3D ( 'NONE', #1083, #3679, #293 ) ;
#1510 = CARTESIAN_POINT ( 'NONE',  ( -1.709999999999999964, 3.580000000000000071, 0.000000000000000000 ) ) ;
#1511 = ORIENTED_EDGE ( 'NONE', *, *, #1394, .F. ) ;
#1512 = ORIENTED_EDGE ( 'NONE', *, *, #3371, .T. ) ;
#1513 = CARTESIAN_POINT ( 'NONE',  ( -0.9785000000000290132, -3.580000000000000071, 0.000000000000000000 ) ) ;
#1514 = EDGE_CURVE ( 'NONE', #500, #2097, #4172, .T. ) ;
#1515 = DIRECTION ( 'NONE',  ( -0.7514118287111084538, -0.6598335120869716075, 0.000000000000000000 ) ) ;
#1516 = EDGE_CURVE ( 'NONE', #813, #3755, #3763, .T. ) ;
#1517 = DIRECTION ( 'NONE',  ( 1.000000000000000000, -2.093391161677579838E-15, 0.000000000000000000 ) ) ;
#1518 = ORIENTED_EDGE ( 'NONE', *, *, #4600, .T. ) ;
#1519 = ORIENTED_EDGE ( 'NONE', *, *, #360, .F. ) ;
#1520 = CARTESIAN_POINT ( 'NONE',  ( -8.990000000000183178, -9.024704034427814099E-15, 4.949117477493075363E-14 ) ) ;
#1521 = CARTESIAN_POINT ( 'NONE',  ( -8.912944868525462638, -0.009510561286262281949, -0.4199914523883171991 ) ) ;
#1522 = AXIS2_PLACEMENT_3D ( 'NONE', #2607, #2284, #4112 ) ;
#1523 = DIRECTION ( 'NONE',  ( 1.000000000000000000, 0.000000000000000000, 0.000000000000000000 ) ) ;
#1524 = EDGE_LOOP ( 'NONE', ( #681, #3355, #2712, #4129 ) ) ;
#1525 = CARTESIAN_POINT ( 'NONE',  ( -0.05999999999997670391, -1.779999999999999805, 2.830000000000000071 ) ) ;
#1526 = CARTESIAN_POINT ( 'NONE',  ( -6.329666666666690311, 0.000000000000000000, 0.000000000000000000 ) ) ;
#1527 = CARTESIAN_POINT ( 'NONE',  ( -0.05999999999997670391, -3.200000000000000178, 0.000000000000000000 ) ) ;
#1528 = VERTEX_POINT ( 'NONE', #737 ) ;
#1529 = ADVANCED_FACE ( 'NONE', ( #67 ), #306, .T. ) ;
#1530 = VERTEX_POINT ( 'NONE', #1573 ) ;
#1531 = DIRECTION ( 'NONE',  ( 0.000000000000000000, 0.000000000000000000, 1.000000000000000000 ) ) ;
#1532 = CARTESIAN_POINT ( 'NONE',  ( -1.458500000000001462, 4.341999999999988091, 0.000000000000000000 ) ) ;
#1533 = VECTOR ( 'NONE', #4537, 999.9999999999998863 ) ;
#1534 = CARTESIAN_POINT ( 'NONE',  ( -8.970426365894919485, 0.4681169548559166449, -0.008031748193315646489 ) ) ;
#1535 = ADVANCED_FACE ( 'NONE', ( #3075 ), #1098, .F. ) ;
#1536 = CIRCLE ( 'NONE', #2157, 0.04999999999999883010 ) ;
#1537 = ORIENTED_EDGE ( 'NONE', *, *, #3091, .T. ) ;
#1538 = DIRECTION ( 'NONE',  ( 0.000000000000000000, -1.000000000000000000, -1.054711873393898319E-15 ) ) ;
#1539 = DIRECTION ( 'NONE',  ( -1.000000000000000000, 0.000000000000000000, 0.000000000000000000 ) ) ;
#1540 = ADVANCED_FACE ( 'NONE', ( #4574 ), #1881, .F. ) ;
#1541 = EDGE_LOOP ( 'NONE', ( #1874, #2885, #2206, #4356 ) ) ;
#1542 = EDGE_CURVE ( 'NONE', #2918, #3373, #2703, .T. ) ;
#1543 = EDGE_LOOP ( 'NONE', ( #1564, #892 ) ) ;
#1544 = CARTESIAN_POINT ( 'NONE',  ( -10.76999999999999957, 0.000000000000000000, 0.000000000000000000 ) ) ;
#1545 = CARTESIAN_POINT ( 'NONE',  ( -1.298500000000018639, -2.958499999999999908, 0.000000000000000000 ) ) ;
#1546 = CALENDAR_DATE ( 2024, 10, 5 ) ;
#1547 = ORIENTED_EDGE ( 'NONE', *, *, #3012, .F. ) ;
#1548 = DIRECTION ( 'NONE',  ( -0.7514118287110528316, -0.6598335120870350012, 0.000000000000000000 ) ) ;
#1549 = DIRECTION ( 'NONE',  ( -0.02571825743831552755, -0.9996692309130739140, -9.674280282820569644E-16 ) ) ;
#1550 = CARTESIAN_POINT ( 'NONE',  ( -8.899739026076780135, -0.4198924397464897096, 0.009846962383075164374 ) ) ;
#1551 = EDGE_LOOP ( 'NONE', ( #129, #536, #4512, #2646, #2025, #380, #1157, #4072, #3078 ) ) ;
#1552 = CARTESIAN_POINT ( 'NONE',  ( -8.977106130260658290, 6.481756413727852622E-15, -5.622549751964386981E-16 ) ) ;
#1553 = CARTESIAN_POINT ( 'NONE',  ( -8.899739023004091365, 0.4198924285708004467, 0.009847119096734005886 ) ) ;
#1554 = ORIENTED_EDGE ( 'NONE', *, *, #1112, .T. ) ;
#1555 = CARTESIAN_POINT ( 'NONE',  ( -0.1599999999999650313, 4.128089751931280027, -2.830000000000000071 ) ) ;
#1556 = EDGE_CURVE ( 'NONE', #2135, #2821, #4327, .T. ) ;
#1557 = CARTESIAN_POINT ( 'NONE',  ( -5.245355339059349475, 3.186925712360181683E-16, -2.529644660940679746 ) ) ;
#1558 = ORIENTED_EDGE ( 'NONE', *, *, #4298, .F. ) ;
#1559 = ORIENTED_EDGE ( 'NONE', *, *, #653, .F. ) ;
#1560 = DIRECTION ( 'NONE',  ( 0.000000000000000000, 0.000000000000000000, 1.000000000000000000 ) ) ;
#1561 = ADVANCED_FACE ( 'NONE', ( #2747 ), #3448, .F. ) ;
#1562 = CARTESIAN_POINT ( 'NONE',  ( -0.008999999999976041054, 0.000000000000000000, 0.000000000000000000 ) ) ;
#1563 = DIRECTION ( 'NONE',  ( 0.000000000000000000, 0.000000000000000000, 1.000000000000000000 ) ) ;
#1564 = ORIENTED_EDGE ( 'NONE', *, *, #3923, .T. ) ;
#1565 = CONICAL_SURFACE ( 'NONE', #1951, 2.729999999999999982, 0.8519663271732857979 ) ;
#1566 = CARTESIAN_POINT ( 'NONE',  ( -1.138500000000019829, 3.580000000000000071, 0.000000000000000000 ) ) ;
#1567 = CARTESIAN_POINT ( 'NONE',  ( -5.919999999999999929, 0.000000000000000000, 2.674999999999999822 ) ) ;
#1568 = CARTESIAN_POINT ( 'NONE',  ( -0.9785000000000290132, -3.580000000000000071, 0.000000000000000000 ) ) ;
#1569 = ADVANCED_FACE ( 'NONE', ( #2359 ), #4789, .F. ) ;
#1570 = AXIS2_PLACEMENT_3D ( 'NONE', #2805, #3555, #2781 ) ;
#1571 = B_SPLINE_CURVE_WITH_KNOTS ( 'NONE', 3,
 ( #1624, #883, #3100, #3076 ),
 .UNSPECIFIED., .F., .F.,
 ( 4, 4 ),
 ( 2.759748586289519758E-07, 5.030102700883269581E-05 ),
 .UNSPECIFIED. ) ;
#1572 = ORIENTED_EDGE ( 'NONE', *, *, #4033, .T. ) ;
#1573 = CARTESIAN_POINT ( 'NONE',  ( -0.3385000000000422671, -4.201499999999999346, 0.000000000000000000 ) ) ;
#1574 = VECTOR ( 'NONE', #4236, 999.9999999999998863 ) ;
#1575 = CARTESIAN_POINT ( 'NONE',  ( -8.974879419968567973, 0.007917185508483326820, 0.6414091257176741667 ) ) ;
#1576 = AXIS2_PLACEMENT_3D ( 'NONE', #4674, #3121, #165 ) ;
#1577 = CIRCLE ( 'NONE', #1185, 2.674999999999999822 ) ;
#1578 = AXIS2_PLACEMENT_3D ( 'NONE', #3967, #656, #2106 ) ;
#1579 = ORIENTED_EDGE ( 'NONE', *, *, #1047, .F. ) ;
#1580 = CARTESIAN_POINT ( 'NONE',  ( -0.008999999999976729739, -0.3449999999999999734, 3.129999999999999893 ) ) ;
#1581 = CARTESIAN_POINT ( 'NONE',  ( -0.8899999999999769207, -2.439999999999999947, 1.649999999999999911 ) ) ;
#1582 = AXIS2_PLACEMENT_3D ( 'NONE', #3494, #3839, #3822 ) ;
#1583 = CARTESIAN_POINT ( 'NONE',  ( -0.6585000000000279519, -3.580000000000000071, 0.000000000000000000 ) ) ;
#1584 = ORIENTED_EDGE ( 'NONE', *, *, #1453, .F. ) ;
#1585 = ORIENTED_EDGE ( 'NONE', *, *, #322, .T. ) ;
#1586 = CARTESIAN_POINT ( 'NONE',  ( -9.879016743286728186, 0.2850000000000068034, 6.055086462108174753E-16 ) ) ;
#1587 = AXIS2_PLACEMENT_3D ( 'NONE', #4058, #354, #674 ) ;
#1588 = FACE_OUTER_BOUND ( 'NONE', #1258, .T. ) ;
#1589 = PERSON_AND_ORGANIZATION ( #2338, #3253 ) ;
#1590 = AXIS2_PLACEMENT_3D ( 'NONE', #4316, #4660, #246 ) ;
#1591 = EDGE_CURVE ( 'NONE', #3019, #100, #3148, .T. ) ;
#1592 = EDGE_LOOP ( 'NONE', ( #2184, #4077, #62, #4463 ) ) ;
#1593 = CARTESIAN_POINT ( 'NONE',  ( -0.6585000000000267306, -2.958499999999999908, 8.471494233101822629E-17 ) ) ;
#1594 = DIRECTION ( 'NONE',  ( 1.991972495380191363E-15, -1.000000000000000000, 0.000000000000000000 ) ) ;
#1595 = PLANE ( 'NONE',  #97 ) ;
#1596 = AXIS2_PLACEMENT_3D ( 'NONE', #634, #4063, #1454 ) ;
#1597 = EDGE_CURVE ( 'NONE', #1274, #4601, #4714, .T. ) ;
#1598 = ORIENTED_EDGE ( 'NONE', *, *, #292, .F. ) ;
#1599 = EDGE_CURVE ( 'NONE', #3545, #1086, #3099, .T. ) ;
#1600 = DIRECTION ( 'NONE',  ( 0.000000000000000000, 0.000000000000000000, 1.000000000000000000 ) ) ;
#1601 = AXIS2_PLACEMENT_3D ( 'NONE', #2058, #185, #1955 ) ;
#1602 = DIRECTION ( 'NONE',  ( 1.000000000000000000, 0.000000000000000000, 0.000000000000000000 ) ) ;
#1603 = CARTESIAN_POINT ( 'NONE',  ( 0.04199999999993100919, 0.08900000000001370704, -9.469011100266811110E-15 ) ) ;
#1604 = ORIENTED_EDGE ( 'NONE', *, *, #2706, .T. ) ;
#1605 = CARTESIAN_POINT ( 'NONE',  ( -10.91999999999999993, 2.663606788145419658E-16, -2.174999999999939870 ) ) ;
#1606 = LINE ( 'NONE', #3158, #1574 ) ;
#1607 = CONICAL_SURFACE ( 'NONE', #2240, 0.6214999999999996083, 0.7205971725115640769 ) ;
#1608 = DIRECTION ( 'NONE',  ( -2.093391161677564061E-15, -1.000000000000000000, 0.000000000000000000 ) ) ;
#1609 = ORIENTED_EDGE ( 'NONE', *, *, #175, .T. ) ;
#1610 = ORIENTED_EDGE ( 'NONE', *, *, #2759, .T. ) ;
#1611 = DIRECTION ( 'NONE',  ( -1.000000000000000000, 0.000000000000000000, 0.000000000000000000 ) ) ;
#1612 = CC_DESIGN_PERSON_AND_ORGANIZATION_ASSIGNMENT ( #2715, #3837, ( #1210 ) ) ;
#1613 = DIRECTION ( 'NONE',  ( 2.093391161677562877E-15, -1.000000000000000000, 0.000000000000000000 ) ) ;
#1614 = EDGE_LOOP ( 'NONE', ( #2864, #1748, #2295, #3125 ) ) ;
#1615 = PERSON_AND_ORGANIZATION_ROLE ( 'classification_officer' ) ;
#1616 = ORIENTED_EDGE ( 'NONE', *, *, #1507, .T. ) ;
#1617 = CARTESIAN_POINT ( 'NONE',  ( -0.05999999999997670391, -1.779999999999999805, 0.8899999999999999023 ) ) ;
#1618 = DIRECTION ( 'NONE',  ( -1.000000000000000000, 0.000000000000000000, 0.000000000000000000 ) ) ;
#1619 = FACE_OUTER_BOUND ( 'NONE', #4377, .T. ) ;
#1620 = ADVANCED_FACE ( 'NONE', ( #1229 ), #4092, .F. ) ;
#1621 = CARTESIAN_POINT ( 'NONE',  ( -0.8185000000000359766, -3.580000000000000071, 0.000000000000000000 ) ) ;
#1622 = ORIENTED_EDGE ( 'NONE', *, *, #860, .F. ) ;
#1623 = PLANE ( 'NONE',  #943 ) ;
#1624 = CARTESIAN_POINT ( 'NONE',  ( -8.970426365894919485, -0.4681169548559036553, 0.008031748193333639041 ) ) ;
#1625 = DIRECTION ( 'NONE',  ( 0.000000000000000000, 0.000000000000000000, 1.000000000000000000 ) ) ;
#1626 = ADVANCED_FACE ( 'NONE', ( #3501, #3869, #487, #4617, #2777 ), #4284, .T. ) ;
#1627 = EDGE_CURVE ( 'NONE', #2175, #2242, #4556, .T. ) ;
#1628 = VERTEX_POINT ( 'NONE', #4597 ) ;
#1629 = CARTESIAN_POINT ( 'NONE',  ( -0.8185000000000359766, -3.580000000000000071, 0.000000000000000000 ) ) ;
#1630 = CARTESIAN_POINT ( 'NONE',  ( -8.990000000000184954, -1.998452149838100711, -0.7653685418201650048 ) ) ;
#1631 = CARTESIAN_POINT ( 'NONE',  ( -8.890000000000000568, 2.730467035502276528E-16, -2.229595535139873963 ) ) ;
#1632 = VERTEX_POINT ( 'NONE', #4228 ) ;
#1633 = ORIENTED_EDGE ( 'NONE', *, *, #360, .T. ) ;
#1634 = CARTESIAN_POINT ( 'NONE',  ( -1.458500000000001462, 4.341999999999999638, -9.331808609502830497E-17 ) ) ;
#1635 = CARTESIAN_POINT ( 'NONE',  ( -8.898884481100550303, -0.009872289598282077763, -0.4198963719348935975 ) ) ;
#1636 = VERTEX_POINT ( 'NONE', #1986 ) ;
#1637 = CALENDAR_DATE ( 2024, 10, 5 ) ;
#1638 = ORIENTED_EDGE ( 'NONE', *, *, #2672, .F. ) ;
#1639 = CARTESIAN_POINT ( 'NONE',  ( -1.298500000000021304, 4.201499999999999346, 0.000000000000000000 ) ) ;
#1640 = CARTESIAN_POINT ( 'NONE',  ( -8.898454457782539961, 0.4199027154032805575, -0.009883352707981071100 ) ) ;
#1641 = CARTESIAN_POINT ( 'NONE',  ( -8.887920983205800596, -0.7291205759919766605, -0.01015434495474718153 ) ) ;
#1642 = AXIS2_PLACEMENT_3D ( 'NONE', #3856, #58, #3486 ) ;
#1643 = CARTESIAN_POINT ( 'NONE',  ( -0.06000000000003220119, -4.006260725414660051, 2.830000000000000071 ) ) ;
#1644 =( BOUNDED_CURVE ( )  B_SPLINE_CURVE ( 3, ( #4184, #756, #4547, #3396 ),
 .UNSPECIFIED., .F., .F. ) 
 B_SPLINE_CURVE_WITH_KNOTS ( ( 4, 4 ),
 ( 2.017018455693568413, 2.056927247995328667 ),
 .UNSPECIFIED. ) 
 CURVE ( )  GEOMETRIC_REPRESENTATION_ITEM ( )  RATIONAL_B_SPLINE_CURVE ( ( 1.000000000000000000, 0.9998672784287389037, 0.9998672784287389037, 1.000000000000000000 ) ) 
 REPRESENTATION_ITEM ( '' )  );
#1645 = EDGE_LOOP ( 'NONE', ( #4731, #3350 ) ) ;
#1646 = CARTESIAN_POINT ( 'NONE',  ( -1.138500000000019829, 3.580000000000000071, 0.000000000000000000 ) ) ;
#1647 = EDGE_CURVE ( 'NONE', #1407, #3508, #2750, .T. ) ;
#1648 = CARTESIAN_POINT ( 'NONE',  ( -8.887920983205800596, -0.01015434495474971596, 0.7291205759919919815 ) ) ;
#1649 = DIRECTION ( 'NONE',  ( -3.168959634848519371E-16, -1.000000000000000000, -1.054711873393898122E-15 ) ) ;
#1650 = VECTOR ( 'NONE', #121, 1000.000000000000000 ) ;
#1651 = AXIS2_PLACEMENT_3D ( 'NONE', #4089, #2660, #4846 ) ;
#1652 = ORIENTED_EDGE ( 'NONE', *, *, #4682, .F. ) ;
#1653 = CARTESIAN_POINT ( 'NONE',  ( -8.898454457782548843, 0.009883635875949103172, -0.4199027087551981952 ) ) ;
#1654 = ADVANCED_FACE ( 'NONE', ( #2414 ), #1623, .T. ) ;
#1655 = CARTESIAN_POINT ( 'NONE',  ( -8.899312703363925436, -0.4198947132203069699, 0.009861272823878639709 ) ) ;
#1656 = EDGE_CURVE ( 'NONE', #1055, #1099, #4642, .T. ) ;
#1657 = CIRCLE ( 'NONE', #4721, 0.4681858524161220947 ) ;
#1658 = DIRECTION ( 'NONE',  ( 1.000000000000000000, -3.168959634848508524E-16, -1.000180237639160754E-15 ) ) ;
#1659 = VERTEX_POINT ( 'NONE', #1021 ) ;
#1660 = CIRCLE ( 'NONE', #1738, 3.084666666666650237 ) ;
#1661 = EDGE_CURVE ( 'NONE', #2865, #3477, #1332, .T. ) ;
#1662 = AXIS2_PLACEMENT_3D ( 'NONE', #3382, #4170, #2687 ) ;
#1663 = VERTEX_POINT ( 'NONE', #3941 ) ;
#1664 = CARTESIAN_POINT ( 'NONE',  ( -7.679999999999929550, -0.4494459704243048415, -0.04123024671362975069 ) ) ;
#1665 = AXIS2_PLACEMENT_3D ( 'NONE', #2082, #1759, #3268 ) ;
#1666 = ORIENTED_EDGE ( 'NONE', *, *, #1542, .T. ) ;
#1667 = ORIENTED_EDGE ( 'NONE', *, *, #2730, .F. ) ;
#1668 = DIRECTION ( 'NONE',  ( 1.000000000000000000, -1.991972495380200041E-15, 0.000000000000000000 ) ) ;
#1669 = CIRCLE ( 'NONE', #2925, 5.004999999999999893 ) ;
#1670 = CARTESIAN_POINT ( 'NONE',  ( -8.099953625012481950, 0.4395990101863293531, -0.03042619762812528300 ) ) ;
#1671 = DIRECTION ( 'NONE',  ( -1.000000000000000000, 0.000000000000000000, 0.000000000000000000 ) ) ;
#1672 = CONICAL_SURFACE ( 'NONE', #4113, 0.6214999999999996083, 0.7205971725114797000 ) ;
#1673 = DIRECTION ( 'NONE',  ( 1.000000000000000000, -2.134256245050209793E-15, 0.000000000000000000 ) ) ;
#1674 = EDGE_LOOP ( 'NONE', ( #3773, #1093, #819, #4790 ) ) ;
#1675 = CARTESIAN_POINT ( 'NONE',  ( -0.6585000000000279519, 3.580000000000000071, 0.000000000000000000 ) ) ;
#1676 = DIRECTION ( 'NONE',  ( 2.093391161677562877E-15, -1.000000000000000000, 0.000000000000000000 ) ) ;
#1677 = CARTESIAN_POINT ( 'NONE',  ( -0.05999999999997670391, 0.000000000000000000, 0.000000000000000000 ) ) ;
#1678 = AXIS2_PLACEMENT_3D ( 'NONE', #3990, #4045, #3623 ) ;
#1679 = CIRCLE ( 'NONE', #3811, 2.189999999999970193 ) ;
#1680 = VERTEX_POINT ( 'NONE', #4014 ) ;
#1681 = CARTESIAN_POINT ( 'NONE',  ( -8.946257887526808616, 0.4451447055832335464, 0.008655093258234528367 ) ) ;
#1682 = CARTESIAN_POINT ( 'NONE',  ( -8.898454457782539961, -0.4199027154032676235, 0.009883352707998917935 ) ) ;
#1683 = EDGE_CURVE ( 'NONE', #2454, #3211, #1763, .T. ) ;
#1684 = DIRECTION ( 'NONE',  ( -1.000000000000000000, -2.093391161677579838E-15, 0.000000000000000000 ) ) ;
#1685 = VECTOR ( 'NONE', #3895, 1000.000000000000114 ) ;
#1686 = VERTEX_POINT ( 'NONE', #3203 ) ;
#1687 = ORIENTED_EDGE ( 'NONE', *, *, #4009, .F. ) ;
#1688 = FACE_OUTER_BOUND ( 'NONE', #4855, .T. ) ;
#1689 = AXIS2_PLACEMENT_3D ( 'NONE', #2710, #3482, #3017 ) ;
#1690 = EDGE_CURVE ( 'NONE', #3940, #979, #4744, .T. ) ;
#1691 = ADVANCED_FACE ( 'NONE', ( #4043 ), #210, .T. ) ;
#1692 = ORIENTED_EDGE ( 'NONE', *, *, #776, .T. ) ;
#1693 = DIRECTION ( 'NONE',  ( 0.000000000000000000, 0.000000000000000000, -1.000000000000000000 ) ) ;
#1694 = CARTESIAN_POINT ( 'NONE',  ( -9.750333333333358610, 3.777627159769848580E-16, -3.084666666666650237 ) ) ;
#1695 = PLANE ( 'NONE',  #2920 ) ;
#1696 = DIRECTION ( 'NONE',  ( -1.000000000000000000, 0.000000000000000000, 0.000000000000000000 ) ) ;
#1697 = VERTEX_POINT ( 'NONE', #3273 ) ;
#1698 = LINE ( 'NONE', #2087, #4175 ) ;
#1699 = CARTESIAN_POINT ( 'NONE',  ( -8.977106130260658290, 0.7280575807464835236, 0.007862296986440827848 ) ) ;
#1700 = DIRECTION ( 'NONE',  ( 1.000000000000000000, -3.168959634848508524E-16, -1.000180237639160754E-15 ) ) ;
#1701 = ORIENTED_EDGE ( 'NONE', *, *, #3193, .T. ) ;
#1702 = EDGE_LOOP ( 'NONE', ( #2325, #2931, #325, #852 ) ) ;
#1703 = CARTESIAN_POINT ( 'NONE',  ( -8.934174368666218058, -0.4336578416742296049, -0.008965638295918922779 ) ) ;
#1704 = CARTESIAN_POINT ( 'NONE',  ( -8.040000000000000924, 3.588215121501745087E-16, 2.729999999999999982 ) ) ;
#1705 = ORIENTED_EDGE ( 'NONE', *, *, #691, .F. ) ;
#1706 = EDGE_CURVE ( 'NONE', #1109, #3062, #818, .T. ) ;
#1707 = CARTESIAN_POINT ( 'NONE',  ( -8.739999999999900737, 0.000000000000000000, 0.000000000000000000 ) ) ;
#1708 = DIRECTION ( 'NONE',  ( -1.000000000000000000, 0.000000000000000000, 0.000000000000000000 ) ) ;
#1709 = LINE ( 'NONE', #3591, #1433 ) ;
#1710 = ORIENTED_EDGE ( 'NONE', *, *, #2187, .F. ) ;
#1711 = ORIENTED_EDGE ( 'NONE', *, *, #3193, .F. ) ;
#1712 = EDGE_CURVE ( 'NONE', #4372, #4234, #1017, .T. ) ;
#1713 = DIRECTION ( 'NONE',  ( 2.093391161677562877E-15, -1.000000000000000000, 0.000000000000000000 ) ) ;
#1714 = EDGE_CURVE ( 'NONE', #3819, #3332, #2898, .T. ) ;
#1715 = DIRECTION ( 'NONE',  ( 1.000000000000000000, -0.000000000000000000, -0.000000000000000000 ) ) ;
#1716 = DIRECTION ( 'NONE',  ( -8.106184467180924397E-16, -0.9338561447841047247, -0.3576488513178380790 ) ) ;
#1717 = DIRECTION ( 'NONE',  ( 1.000000000000000000, -3.168959634848508524E-16, -1.000180237639160754E-15 ) ) ;
#1718 = ORIENTED_EDGE ( 'NONE', *, *, #1856, .T. ) ;
#1719 = FACE_BOUND ( 'NONE', #4202, .T. ) ;
#1720 = DIRECTION ( 'NONE',  ( 0.000000000000000000, 0.000000000000000000, 1.000000000000000000 ) ) ;
#1721 = DIRECTION ( 'NONE',  ( 1.000000000000000000, 0.000000000000000000, 0.000000000000000000 ) ) ;
#1722 = AXIS2_PLACEMENT_3D ( 'NONE', #355, #2280, #2628 ) ;
#1723 = VERTEX_POINT ( 'NONE', #1382 ) ;
#1724 = DIRECTION ( 'NONE',  ( 0.000000000000000000, 0.000000000000000000, 1.000000000000000000 ) ) ;
#1725 = VECTOR ( 'NONE', #4272, 1000.000000000000000 ) ;
#1726 = AXIS2_PLACEMENT_3D ( 'NONE', #3727, #339, #27 ) ;
#1727 = DIRECTION ( 'NONE',  ( 1.000000000000000000, -3.168959634848508524E-16, -1.000180237639160754E-15 ) ) ;
#1728 = ORIENTED_EDGE ( 'NONE', *, *, #32, .F. ) ;
#1729 = AXIS2_PLACEMENT_3D ( 'NONE', #1960, #4229, #4675 ) ;
#1730 = ORIENTED_EDGE ( 'NONE', *, *, #980, .F. ) ;
#1731 = DIRECTION ( 'NONE',  ( -1.000000000000000000, -2.134256245050209793E-15, 0.000000000000000000 ) ) ;
#1732 = CONICAL_SURFACE ( 'NONE', #1729, 2.674999999999999822, 0.7853981633975154475 ) ;
#1733 = EDGE_LOOP ( 'NONE', ( #3011, #3632 ) ) ;
#1734 = CIRCLE ( 'NONE', #4489, 2.174999999999939870 ) ;
#1735 = VERTEX_POINT ( 'NONE', #629 ) ;
#1736 = FACE_OUTER_BOUND ( 'NONE', #3018, .T. ) ;
#1737 = CARTESIAN_POINT ( 'NONE',  ( -8.934174368666218058, 0.4336578416742425390, 0.008965638295936856350 ) ) ;
#1738 = AXIS2_PLACEMENT_3D ( 'NONE', #3368, #4863, #4501 ) ;
#1739 = LINE ( 'NONE', #3244, #3795 ) ;
#1740 = EDGE_CURVE ( 'NONE', #3337, #1240, #4475, .T. ) ;
#1741 = CARTESIAN_POINT ( 'NONE',  ( -7.339999999999999858, 3.343285761672274002E-16, 2.729999999999999982 ) ) ;
#1742 = AXIS2_PLACEMENT_3D ( 'NONE', #1201, #825, #1981 ) ;
#1743 = ORIENTED_EDGE ( 'NONE', *, *, #2, .F. ) ;
#1744 = CARTESIAN_POINT ( 'NONE',  ( -0.06000000000004109685, 3.580000000000000071, 0.000000000000000000 ) ) ;
#1745 = CARTESIAN_POINT ( 'NONE',  ( -8.970426365894919485, 0.008033966158368285523, -0.4681169167957601740 ) ) ;
#1746 = EDGE_CURVE ( 'NONE', #3744, #3388, #1734, .T. ) ;
#1747 = EDGE_CURVE ( 'NONE', #3138, #4833, #3550, .T. ) ;
#1748 = ORIENTED_EDGE ( 'NONE', *, *, #613, .T. ) ;
#1749 = VECTOR ( 'NONE', #614, 1000.000000000000000 ) ;
#1750 = DIRECTION ( 'NONE',  ( 1.000000000000000000, 0.000000000000000000, 0.000000000000000000 ) ) ;
#1751 = AXIS2_PLACEMENT_3D ( 'NONE', #2851, #1721, #586 ) ;
#1752 = CARTESIAN_POINT ( 'NONE',  ( -8.549107518447222276, -0.01887092003856737088, -0.7331759353594060613 ) ) ;
#1753 = EDGE_LOOP ( 'NONE', ( #3247, #2857, #2636, #1038 ) ) ;
#1754 = FACE_OUTER_BOUND ( 'NONE', #2891, .T. ) ;
#1755 = CARTESIAN_POINT ( 'NONE',  ( -0.4985000000000350262, -3.580000000000000071, 0.000000000000000000 ) ) ;
#1756 = VERTEX_POINT ( 'NONE', #4694 ) ;
#1757 = ORIENTED_EDGE ( 'NONE', *, *, #4009, .T. ) ;
#1758 = CIRCLE ( 'NONE', #1839, 0.6215000000000000524 ) ;
#1759 = DIRECTION ( 'NONE',  ( 1.000000000000000000, -3.168959634848508524E-16, -1.000180237639160754E-15 ) ) ;
#1760 = DIRECTION ( 'NONE',  ( 0.000000000000000000, 0.000000000000000000, -1.000000000000000000 ) ) ;
#1761 = FACE_OUTER_BOUND ( 'NONE', #1381, .T. ) ;
#1762 = ORIENTED_EDGE ( 'NONE', *, *, #3038, .F. ) ;
#1763 = LINE ( 'NONE', #3599, #633 ) ;
#1764 = CARTESIAN_POINT ( 'NONE',  ( -7.679999999999929550, 0.000000000000000000, 0.000000000000000000 ) ) ;
#1765 = CARTESIAN_POINT ( 'NONE',  ( -0.05999999999997670391, 2.439999999999999947, 1.649999999999999911 ) ) ;
#1766 = ADVANCED_FACE ( 'NONE', ( #1403 ), #2434, .T. ) ;
#1767 = ORIENTED_EDGE ( 'NONE', *, *, #1941, .F. ) ;
#1768 = ORIENTED_EDGE ( 'NONE', *, *, #4008, .T. ) ;
#1769 = DIRECTION ( 'NONE',  ( 0.000000000000000000, 1.355252715606880049E-16, -1.000000000000000000 ) ) ;
#1770 = EDGE_CURVE ( 'NONE', #862, #3924, #1698, .T. ) ;
#1771 = EDGE_CURVE ( 'NONE', #4115, #2875, #1888, .T. ) ;
#1772 = CARTESIAN_POINT ( 'NONE',  ( -10.91999999999999993, 8.021436534415323239E-17, -0.6550000000000130163 ) ) ;
#1773 = EDGE_LOOP ( 'NONE', ( #958, #182 ) ) ;
#1774 = DIRECTION ( 'NONE',  ( 1.000000000000000000, 1.991972495380200041E-15, 0.000000000000000000 ) ) ;
#1775 = CARTESIAN_POINT ( 'NONE',  ( -1.709999999999999964, 4.006260725414660051, 2.830000000000000071 ) ) ;
#1776 = LINE ( 'NONE', #670, #739 ) ;
#1777 = VERTEX_POINT ( 'NONE', #584 ) ;
#1778 = FACE_OUTER_BOUND ( 'NONE', #401, .T. ) ;
#1779 = FACE_OUTER_BOUND ( 'NONE', #887, .T. ) ;
#1780 = LINE ( 'NONE', #4423, #3479 ) ;
#1781 = DIRECTION ( 'NONE',  ( -1.000000000000000000, 0.000000000000000000, 0.000000000000000000 ) ) ;
#1782 = ORIENTED_EDGE ( 'NONE', *, *, #1712, .T. ) ;
#1783 = CARTESIAN_POINT ( 'NONE',  ( -10.91999999999999993, 0.000000000000000000, 0.000000000000000000 ) ) ;
#1784 = CARTESIAN_POINT ( 'NONE',  ( -0.9785000000000303455, 4.201499999999999346, 0.000000000000000000 ) ) ;
#1785 = CARTESIAN_POINT ( 'NONE',  ( -8.096196608164063946, 0.03052285352499991417, -0.4396871037150013040 ) ) ;
#1786 = ORIENTED_EDGE ( 'NONE', *, *, #1237, .T. ) ;
#1787 = ADVANCED_FACE ( 'NONE', ( #1719, #2160, #4358, #4448 ), #303, .T. ) ;
#1788 = ORIENTED_EDGE ( 'NONE', *, *, #3709, .F. ) ;
#1789 = DIRECTION ( 'NONE',  ( -1.000000000000000000, 0.000000000000000000, 0.000000000000000000 ) ) ;
#1790 = VECTOR ( 'NONE', #3717, 1000.000000000000000 ) ;
#1791 = LINE ( 'NONE', #1059, #575 ) ;
#1792 = EDGE_CURVE ( 'NONE', #3387, #1361, #2631, .T. ) ;
#1793 = EDGE_LOOP ( 'NONE', ( #4538, #3991, #4397, #1935 ) ) ;
#1794 = EDGE_CURVE ( 'NONE', #148, #3477, #4334, .T. ) ;
#1795 =( BOUNDED_CURVE ( )  B_SPLINE_CURVE ( 3, ( #3691, #1785, #658, #304 ),
 .UNSPECIFIED., .F., .F. ) 
 B_SPLINE_CURVE_WITH_KNOTS ( ( 4, 4 ),
 ( 3.091489407985965165, 3.094755831082443454 ),
 .UNSPECIFIED. ) 
 CURVE ( )  GEOMETRIC_REPRESENTATION_ITEM ( )  RATIONAL_B_SPLINE_CURVE ( ( 1.000000000000000000, 0.9999991108735437617, 0.9999991108735437617, 1.000000000000000000 ) ) 
 REPRESENTATION_ITEM ( '' )  );
#1796 = DIRECTION ( 'NONE',  ( 1.000000000000000000, -0.000000000000000000, -0.000000000000000000 ) ) ;
#1797 = CYLINDRICAL_SURFACE ( 'NONE', #3567, 0.3449999999999999178 ) ;
#1798 = CIRCLE ( 'NONE', #1179, 1.750000000000000000 ) ;
#1799 = ADVANCED_FACE ( 'NONE', ( #4862 ), #235, .F. ) ;
#1800 = ORIENTED_EDGE ( 'NONE', *, *, #4279, .T. ) ;
#1801 = CIRCLE ( 'NONE', #2743, 2.455000000000000071 ) ;
#1802 = AXIS2_PLACEMENT_3D ( 'NONE', #3473, #3842, #1958 ) ;
#1803 = ORIENTED_EDGE ( 'NONE', *, *, #3833, .F. ) ;
#1804 = CARTESIAN_POINT ( 'NONE',  ( -1.709999999999999964, 0.000000000000000000, 0.000000000000000000 ) ) ;
#1805 = VECTOR ( 'NONE', #3353, 1000.000000000000000 ) ;
#1806 = CARTESIAN_POINT ( 'NONE',  ( -8.934174368666218058, 0.008965638295934308041, -0.4336578416742271624 ) ) ;
#1807 = DIRECTION ( 'NONE',  ( 1.000000000000000000, 0.000000000000000000, 0.000000000000000000 ) ) ;
#1808 = VERTEX_POINT ( 'NONE', #2996 ) ;
#1809 = DIRECTION ( 'NONE',  ( 0.000000000000000000, 0.000000000000000000, 1.000000000000000000 ) ) ;
#1810 = CARTESIAN_POINT ( 'NONE',  ( -0.4985000000000350262, 3.580000000000000071, 0.000000000000000000 ) ) ;
#1811 = VECTOR ( 'NONE', #4679, 1000.000000000000000 ) ;
#1812 = CARTESIAN_POINT ( 'NONE',  ( -0.5189999999999769242, -2.130885430516110371E-17, 0.8899999999999999023 ) ) ;
#1813 = CONICAL_SURFACE ( 'NONE', #793, 0.8999999999999841460, 0.7853981633974249643 ) ;
#1814 = ORIENTED_EDGE ( 'NONE', *, *, #2680, .F. ) ;
#1815 = EDGE_LOOP ( 'NONE', ( #470, #2371, #3947, #4288 ) ) ;
#1816 = FACE_OUTER_BOUND ( 'NONE', #1614, .T. ) ;
#1817 = AXIS2_PLACEMENT_3D ( 'NONE', #2807, #4730, #2862 ) ;
#1818 = CARTESIAN_POINT ( 'NONE',  ( -7.679999999999929550, 5.655575004671662287E-15, -4.534709080630614667E-15 ) ) ;
#1819 = AXIS2_PLACEMENT_3D ( 'NONE', #1975, #61, #1613 ) ;
#1820 = LINE ( 'NONE', #1772, #493 ) ;
#1821 = CIRCLE ( 'NONE', #1590, 0.2850000000000000311 ) ;
#1822 = EDGE_LOOP ( 'NONE', ( #3228, #3366, #4434, #4391 ) ) ;
#1823 = CARTESIAN_POINT ( 'NONE',  ( -8.974879461024119820, 0.6414106948487114934, 0.007919522128387505508 ) ) ;
#1824 = FACE_OUTER_BOUND ( 'NONE', #2553, .T. ) ;
#1825 = AXIS2_PLACEMENT_3D ( 'NONE', #2751, #4260, #884 ) ;
#1826 = EDGE_CURVE ( 'NONE', #440, #3905, #3322, .T. ) ;
#1827 = VERTEX_POINT ( 'NONE', #3745 ) ;
#1828 = VECTOR ( 'NONE', #2554, 999.9999999999998863 ) ;
#1829 = ORIENTED_EDGE ( 'NONE', *, *, #1831, .T. ) ;
#1830 = DIRECTION ( 'NONE',  ( 0.000000000000000000, 0.000000000000000000, 1.000000000000000000 ) ) ;
#1831 = EDGE_CURVE ( 'NONE', #2762, #2079, #730, .T. ) ;
#1832 = ADVANCED_FACE ( 'NONE', ( #2282 ), #2203, .F. ) ;
#1833 = DIRECTION ( 'NONE',  ( -1.000000000000000000, 0.000000000000000000, 0.000000000000000000 ) ) ;
#1834 = DIRECTION ( 'NONE',  ( -3.209809063279453501E-16, -1.000000000000000000, -1.054711873393899108E-15 ) ) ;
#1835 = EDGE_LOOP ( 'NONE', ( #1598, #94 ) ) ;
#1836 = AXIS2_PLACEMENT_3D ( 'NONE', #4023, #642, #3631 ) ;
#1837 = CARTESIAN_POINT ( 'NONE',  ( -8.898454457782548843, 0.009883635875949103172, -0.4199027087551981952 ) ) ;
#1838 = CARTESIAN_POINT ( 'NONE',  ( -8.887920983205805925, 0.01015434495476566328, -4.370156041449631878 ) ) ;
#1839 = AXIS2_PLACEMENT_3D ( 'NONE', #1583, #1517, #1239 ) ;
#1840 = VERTEX_POINT ( 'NONE', #1051 ) ;
#1841 = ORIENTED_EDGE ( 'NONE', *, *, #893, .F. ) ;
#1842 = CARTESIAN_POINT ( 'NONE',  ( -10.91999999999999993, 4.128089751931280027, -2.830000000000000071 ) ) ;
#1843 = DIRECTION ( 'NONE',  ( 2.093391161677562877E-15, -1.000000000000000000, 0.000000000000000000 ) ) ;
#1844 = DIRECTION ( 'NONE',  ( 1.000000000000000000, -2.134256245050209793E-15, 0.000000000000000000 ) ) ;
#1845 = ORIENTED_EDGE ( 'NONE', *, *, #3279, .T. ) ;
#1846 = ORIENTED_EDGE ( 'NONE', *, *, #1516, .T. ) ;
#1847 = LINE ( 'NONE', #4850, #637 ) ;
#1848 = DIRECTION ( 'NONE',  ( -0.7514118287110500560, -0.6598335120870382209, -8.080629985475458620E-17 ) ) ;
#1849 = DIRECTION ( 'NONE',  ( 0.7071067811865626718, 0.7071067811865324737, -8.659560562354731945E-17 ) ) ;
#1850 = EDGE_LOOP ( 'NONE', ( #2123, #2557, #2829, #3326 ) ) ;
#1851 = ADVANCED_FACE ( 'NONE', ( #1884 ), #4500, .F. ) ;
#1852 = EDGE_LOOP ( 'NONE', ( #460, #823, #3662, #3512 ) ) ;
#1853 = DIRECTION ( 'NONE',  ( 0.000000000000000000, 0.000000000000000000, 1.000000000000000000 ) ) ;
#1854 = CARTESIAN_POINT ( 'NONE',  ( -8.934174368666218058, -0.008964394881392546283, -0.4336578673793581862 ) ) ;
#1855 = CARTESIAN_POINT ( 'NONE',  ( 23.72270470274509790, -16.76751861754659956, -2.830000000000000071 ) ) ;
#1856 = EDGE_CURVE ( 'NONE', #1840, #3928, #4082, .T. ) ;
#1857 = ORIENTED_EDGE ( 'NONE', *, *, #2475, .F. ) ;
#1858 = ADVANCED_FACE ( 'NONE', ( #1859, #1913, #2558 ), #4061, .T. ) ;
#1859 = FACE_OUTER_BOUND ( 'NONE', #907, .T. ) ;
#1860 = FACE_OUTER_BOUND ( 'NONE', #1991, .T. ) ;
#1861 = DIRECTION ( 'NONE',  ( 0.000000000000000000, 0.000000000000000000, 1.000000000000000000 ) ) ;
#1862 = EDGE_LOOP ( 'NONE', ( #1559, #557, #4003, #763 ) ) ;
#1863 = VERTEX_POINT ( 'NONE', #4815 ) ;
#1864 = CYLINDRICAL_SURFACE ( 'NONE', #2356, 2.674999999999999822 ) ;
#1865 = CARTESIAN_POINT ( 'NONE',  ( -7.679999999999929550, 0.04123024671365072696, 0.7428277815978601151 ) ) ;
#1866 = AXIS2_PLACEMENT_3D ( 'NONE', #627, #1696, #3201 ) ;
#1867 = DIRECTION ( 'NONE',  ( 1.000000000000000000, 2.134256245050209793E-15, 0.000000000000000000 ) ) ;
#1868 = ORIENTED_EDGE ( 'NONE', *, *, #3742, .T. ) ;
#1869 = EDGE_LOOP ( 'NONE', ( #4181, #3450, #3918, #3210 ) ) ;
#1870 = DIRECTION ( 'NONE',  ( 0.7514118287111033467, 0.6598335120869774917, -8.080629985474714132E-17 ) ) ;
#1871 = DIRECTION ( 'NONE',  ( 0.000000000000000000, 0.000000000000000000, 1.000000000000000000 ) ) ;
#1872 = AXIS2_PLACEMENT_3D ( 'NONE', #1468, #1066, #2256 ) ;
#1873 = CARTESIAN_POINT ( 'NONE',  ( -8.970426365894919485, 6.479639623363320087E-15, -5.689359435071367182E-16 ) ) ;
#1874 = ORIENTED_EDGE ( 'NONE', *, *, #1497, .F. ) ;
#1875 = ORIENTED_EDGE ( 'NONE', *, *, #3694, .T. ) ;
#1876 = AXIS2_PLACEMENT_3D ( 'NONE', #515, #933, #3948 ) ;
#1877 = DIRECTION ( 'NONE',  ( 0.000000000000000000, 0.000000000000000000, 1.000000000000000000 ) ) ;
#1878 = ADVANCED_FACE ( 'NONE', ( #3367 ), #1893, .F. ) ;
#1879 = CARTESIAN_POINT ( 'NONE',  ( -8.898454457782548843, -0.009883635875936247137, 0.4199027087552159587 ) ) ;
#1880 = CONICAL_SURFACE ( 'NONE', #3302, 0.7281000319985680980, 1.545102098288249959 ) ;
#1881 = CONICAL_SURFACE ( 'NONE', #2990, 0.6214999999999996083, 0.7205971725114797000 ) ;
#1882 = DIRECTION ( 'NONE',  ( 0.000000000000000000, 1.000000000000000000, 1.224646799147353207E-16 ) ) ;
#1883 = ORIENTED_EDGE ( 'NONE', *, *, #2287, .F. ) ;
#1884 = FACE_OUTER_BOUND ( 'NONE', #2868, .T. ) ;
#1885 = DIRECTION ( 'NONE',  ( 1.000000000000000000, 0.000000000000000000, 0.000000000000000000 ) ) ;
#1886 = CARTESIAN_POINT ( 'NONE',  ( -7.679999999999929550, -0.04123024671363127724, 0.4494459704243352061 ) ) ;
#1887 = CIRCLE ( 'NONE', #3149, 0.7018484375000060282 ) ;
#1888 = CIRCLE ( 'NONE', #1578, 0.7600000000000000089 ) ;
#1889 = ADVANCED_FACE ( 'NONE', ( #699 ), #3309, .T. ) ;
#1890 = ORIENTED_EDGE ( 'NONE', *, *, #1, .T. ) ;
#1891 = CONICAL_SURFACE ( 'NONE', #4491, 3.084666666666650237, 0.7853981633973471377 ) ;
#1892 = ORIENTED_EDGE ( 'NONE', *, *, #2705, .F. ) ;
#1893 = CONICAL_SURFACE ( 'NONE', #3943, 0.4681858524161220947, 0.7597039348908314338 ) ;
#1894 = DIRECTION ( 'NONE',  ( 1.000000000000000000, -3.168959634848508524E-16, -1.000180237639160754E-15 ) ) ;
#1895 = CARTESIAN_POINT ( 'NONE',  ( -8.899739027852890061, 6.457239091268311778E-15, -6.396360220680939239E-16 ) ) ;
#1896 = CIRCLE ( 'NONE', #3476, 2.729999999999999982 ) ;
#1897 = ADVANCED_FACE ( 'NONE', ( #1125 ), #1186, .F. ) ;
#1898 = EDGE_CURVE ( 'NONE', #2081, #1723, #3470, .T. ) ;
#1899 = DIRECTION ( 'NONE',  ( 0.000000000000000000, 0.000000000000000000, 1.000000000000000000 ) ) ;
#1900 = EDGE_LOOP ( 'NONE', ( #4476, #897, #1147, #563 ) ) ;
#1901 = VECTOR ( 'NONE', #2627, 1000.000000000000114 ) ;
#1902 = FACE_OUTER_BOUND ( 'NONE', #388, .T. ) ;
#1903 = AXIS2_PLACEMENT_3D ( 'NONE', #1114, #2938, #1062 ) ;
#1904 = FACE_OUTER_BOUND ( 'NONE', #2909, .T. ) ;
#1905 = ORIENTED_EDGE ( 'NONE', *, *, #1197, .T. ) ;
#1906 = VECTOR ( 'NONE', #1072, 1000.000000000000000 ) ;
#1907 = VERTEX_POINT ( 'NONE', #2237 ) ;
#1908 = DIRECTION ( 'NONE',  ( 1.000000000000000000, 0.000000000000000000, 0.000000000000000000 ) ) ;
#1909 = CYLINDRICAL_SURFACE ( 'NONE', #797, 1.810000000000000053 ) ;
#1910 = AXIS2_PLACEMENT_3D ( 'NONE', #1377, #4394, #4007 ) ;
#1911 = CARTESIAN_POINT ( 'NONE',  ( -0.3385000000000396581, -2.958499999999999908, 8.471494233101822629E-17 ) ) ;
#1912 = ORIENTED_EDGE ( 'NONE', *, *, #78, .F. ) ;
#1913 = FACE_BOUND ( 'NONE', #3417, .T. ) ;
#1914 = DIRECTION ( 'NONE',  ( 0.7714311711945163186, -0.6363127753781602225, 0.000000000000000000 ) ) ;
#1915 = DIRECTION ( 'NONE',  ( 2.093391161677562877E-15, 1.000000000000000000, 0.000000000000000000 ) ) ;
#1916 = CIRCLE ( 'NONE', #183, 2.729999999999999982 ) ;
#1917 = EDGE_LOOP ( 'NONE', ( #2473, #3305, #3298, #2075, #1493 ) ) ;
#1918 = CARTESIAN_POINT ( 'NONE',  ( -8.934174368666258914, 6.468151511773293565E-15, -6.051944747101936663E-16 ) ) ;
#1919 = ADVANCED_FACE ( 'NONE', ( #2603 ), #2124, .T. ) ;
#1920 = DIRECTION ( 'NONE',  ( 1.000000000000000000, -3.168959634848508524E-16, -1.000180237639160754E-15 ) ) ;
#1921 = CIRCLE ( 'NONE', #1215, 0.4200025088314099375 ) ;
#1922 = ORIENTED_EDGE ( 'NONE', *, *, #2537, .F. ) ;
#1923 = EDGE_CURVE ( 'NONE', #2126, #4095, #310, .T. ) ;
#1924 = B_SPLINE_CURVE_WITH_KNOTS ( 'NONE', 3,
 ( #4080, #4155, #3687, #1152, #1492, #1046, #3392, #675, #3343, #301 ),
 .UNSPECIFIED., .F., .F.,
 ( 4, 2, 2, 2, 4 ),
 ( 0.5004884703530415591, 0.6253663527647810305, 0.6878052939706508218, 0.7502442351765206130, 1.000000000000000000 ),
 .UNSPECIFIED. ) ;
#1925 = CARTESIAN_POINT ( 'NONE',  ( -8.899739027852890061, 6.457239091268311778E-15, -6.396360220680939239E-16 ) ) ;
#1926 = ORIENTED_EDGE ( 'NONE', *, *, #1079, .F. ) ;
#1927 = VERTEX_POINT ( 'NONE', #110 ) ;
#1928 = CARTESIAN_POINT ( 'NONE',  ( -0.9785000000000290132, 3.580000000000000071, 0.000000000000000000 ) ) ;
#1929 = CARTESIAN_POINT ( 'NONE',  ( -8.887920983205795267, 0.01015434495476534582, 4.370156041449649642 ) ) ;
#1930 = PERSON_AND_ORGANIZATION_ROLE ( 'creator' ) ;
#1931 = ORIENTED_EDGE ( 'NONE', *, *, #2672, .T. ) ;
#1932 = CARTESIAN_POINT ( 'NONE',  ( -8.899739026076780135, 0.4198924397465024216, -0.009846962383056913348 ) ) ;
#1933 = DIRECTION ( 'NONE',  ( 0.000000000000000000, 0.000000000000000000, 1.000000000000000000 ) ) ;
#1934 = CARTESIAN_POINT ( 'NONE',  ( -8.489053083937051269, 0.7338585963536258250, 0.02041592648599182061 ) ) ;
#1935 = ORIENTED_EDGE ( 'NONE', *, *, #811, .F. ) ;
#1936 = CARTESIAN_POINT ( 'NONE',  ( -0.9785000000000277920, -2.958499999999999908, 7.611179856700799969E-17 ) ) ;
#1937 = CARTESIAN_POINT ( 'NONE',  ( -0.9785000000000290132, 3.580000000000000071, 0.000000000000000000 ) ) ;
#1938 = ORIENTED_EDGE ( 'NONE', *, *, #923, .T. ) ;
#1939 = LINE ( 'NONE', #1580, #2196 ) ;
#1940 = CARTESIAN_POINT ( 'NONE',  ( -0.3385000000000409903, -3.580000000000000071, 0.000000000000000000 ) ) ;
#1941 = EDGE_CURVE ( 'NONE', #3535, #3684, #394, .T. ) ;
#1942 = LINE ( 'NONE', #4149, #1533 ) ;
#1943 = ORIENTED_EDGE ( 'NONE', *, *, #1305, .T. ) ;
#1944 = ORIENTED_EDGE ( 'NONE', *, *, #3881, .T. ) ;
#1945 = CARTESIAN_POINT ( 'NONE',  ( -8.899739023004089589, -0.009847119096717751527, 0.4198924285707926751 ) ) ;
#1946 = EDGE_CURVE ( 'NONE', #4311, #4718, #3865, .T. ) ;
#1947 = EDGE_CURVE ( 'NONE', #3905, #3477, #4612, .T. ) ;
#1948 = CARTESIAN_POINT ( 'NONE',  ( -8.898454457782539961, -0.009883352707983581245, -0.4199027154032652365 ) ) ;
#1949 = CALENDAR_DATE ( 2024, 10, 5 ) ;
#1950 = ORIENTED_EDGE ( 'NONE', *, *, #1365, .T. ) ;
#1951 = AXIS2_PLACEMENT_3D ( 'NONE', #725, #4444, #3741 ) ;
#1952 =( BOUNDED_CURVE ( )  B_SPLINE_CURVE ( 3, ( #921, #3540, #3174, #2409 ),
 .UNSPECIFIED., .F., .F. ) 
 B_SPLINE_CURVE_WITH_KNOTS ( ( 4, 4 ),
 ( 4.229028245631490712, 4.266166851486039135 ),
 .UNSPECIFIED. ) 
 CURVE ( )  GEOMETRIC_REPRESENTATION_ITEM ( )  RATIONAL_B_SPLINE_CURVE ( ( 1.000000000000000000, 0.9998850636323421970, 0.9998850636323421970, 1.000000000000000000 ) ) 
 REPRESENTATION_ITEM ( '' )  );
#1953 = DIRECTION ( 'NONE',  ( -3.168959634848519371E-16, -1.000000000000000000, -1.054711873393898122E-15 ) ) ;
#1954 = DIRECTION ( 'NONE',  ( 1.000000000000000000, -3.168959634848508524E-16, -1.000180237639160754E-15 ) ) ;
#1955 = DIRECTION ( 'NONE',  ( 0.000000000000000000, 0.000000000000000000, 1.000000000000000000 ) ) ;
#1956 = AXIS2_PLACEMENT_3D ( 'NONE', #2451, #3930, #2810 ) ;
#1957 = ORIENTED_EDGE ( 'NONE', *, *, #3922, .T. ) ;
#1958 = DIRECTION ( 'NONE',  ( 0.000000000000000000, 0.000000000000000000, 1.000000000000000000 ) ) ;
#1959 = CONICAL_SURFACE ( 'NONE', #1182, 2.155000000000000249, 0.3490658503989581551 ) ;
#1960 = CARTESIAN_POINT ( 'NONE',  ( -10.16000000000000014, 0.000000000000000000, 0.000000000000000000 ) ) ;
#1961 = CONICAL_SURFACE ( 'NONE', #3783, 0.7620000000000001217, 0.7205971725114839188 ) ;
#1962 = DIRECTION ( 'NONE',  ( -1.000000000000000000, 0.000000000000000000, 0.000000000000000000 ) ) ;
#1963 = CIRCLE ( 'NONE', #1343, 0.7439711327449154421 ) ;
#1964 = VERTEX_POINT ( 'NONE', #4278 ) ;
#1965 = CARTESIAN_POINT ( 'NONE',  ( -1.618500000000001160, 4.201499999999999346, 0.000000000000000000 ) ) ;
#1966 = CARTESIAN_POINT ( 'NONE',  ( -8.739999999999900737, 2.663606788145407825E-16, -2.174999999999930100 ) ) ;
#1967 = AXIS2_PLACEMENT_3D ( 'NONE', #4052, #2910, #1034 ) ;
#1968 = DIRECTION ( 'NONE',  ( -2.093391161677564061E-15, -1.000000000000000000, 0.000000000000000000 ) ) ;
#1969 = CIRCLE ( 'NONE', #4729, 2.140000000000110258 ) ;
#1970 = ORIENTED_EDGE ( 'NONE', *, *, #1947, .F. ) ;
#1971 = EDGE_CURVE ( 'NONE', #2086, #4013, #1657, .T. ) ;
#1972 = ORIENTED_EDGE ( 'NONE', *, *, #1143, .T. ) ;
#1973 = LINE ( 'NONE', #3063, #2735 ) ;
#1974 = AXIS2_PLACEMENT_3D ( 'NONE', #3764, #1833, #726 ) ;
#1975 = CARTESIAN_POINT ( 'NONE',  ( -0.3385000000000409903, 3.580000000000000071, 0.000000000000000000 ) ) ;
#1976 = ORIENTED_EDGE ( 'NONE', *, *, #1771, .F. ) ;
#1977 = DATE_TIME_ROLE ( 'classification_date' ) ;
#1978 = ORIENTED_EDGE ( 'NONE', *, *, #60, .F. ) ;
#1979 = CARTESIAN_POINT ( 'NONE',  ( -6.329666666666690311, 3.777627159769848580E-16, -3.084666666666650237 ) ) ;
#1980 = EDGE_CURVE ( 'NONE', #1449, #2681, #1275, .T. ) ;
#1981 = DIRECTION ( 'NONE',  ( 0.000000000000000000, 0.000000000000000000, 1.000000000000000000 ) ) ;
#1982 = CARTESIAN_POINT ( 'NONE',  ( -8.947399443907880112, -0.7284128417255385513, -0.008625755391202886632 ) ) ;
#1983 = VECTOR ( 'NONE', #2560, 1000.000000000000000 ) ;
#1984 = CARTESIAN_POINT ( 'NONE',  ( -0.06000000000003220119, -3.200000000000000178, 2.830000000000000071 ) ) ;
#1985 = ORIENTED_EDGE ( 'NONE', *, *, #986, .T. ) ;
#1986 = CARTESIAN_POINT ( 'NONE',  ( -9.750333333333358610, 3.777627159769848580E-16, -3.084666666666650237 ) ) ;
#1987 = VECTOR ( 'NONE', #3936, 1000.000000000000000 ) ;
#1988 = CARTESIAN_POINT ( 'NONE',  ( -2.000000000000000000, 3.200000000000000178, 2.830000000000000071 ) ) ;
#1989 = CARTESIAN_POINT ( 'NONE',  ( -8.890000000000000568, 0.000000000000000000, 0.000000000000000000 ) ) ;
#1990 = CIRCLE ( 'NONE', #2232, 32.83866989281899862 ) ;
#1991 = EDGE_LOOP ( 'NONE', ( #3570, #435, #4673, #1473 ) ) ;
#1992 = CARTESIAN_POINT ( 'NONE',  ( -7.679999999999929550, -9.439837746593051335E-15, 4.818093866362320122E-14 ) ) ;
#1993 = AXIS2_PLACEMENT_3D ( 'NONE', #3637, #248, #1271 ) ;
#1994 = CARTESIAN_POINT ( 'NONE',  ( -0.8899999999999769207, 3.200000000000000178, 2.830000000000000071 ) ) ;
#1995 = AXIS2_PLACEMENT_3D ( 'NONE', #4627, #517, #1290 ) ;
#1996 = CARTESIAN_POINT ( 'NONE',  ( -0.06000000000004109685, -3.580000000000000071, 0.000000000000000000 ) ) ;
#1997 = ORIENTED_EDGE ( 'NONE', *, *, #1112, .F. ) ;
#1998 = ORIENTED_EDGE ( 'NONE', *, *, #867, .F. ) ;
#1999 = LINE ( 'NONE', #4632, #1725 ) ;
#2000 = DIRECTION ( 'NONE',  ( -3.045511720464554415E-16, -1.000000000000000000, -1.054711873393898911E-15 ) ) ;
#2001 = EDGE_CURVE ( 'NONE', #1272, #4176, #3231, .T. ) ;
#2002 = ORIENTED_EDGE ( 'NONE', *, *, #1794, .F. ) ;
#2003 = APPROVAL_ROLE ( '' ) ;
#2004 = ORIENTED_EDGE ( 'NONE', *, *, #2812, .T. ) ;
#2005 = DIRECTION ( 'NONE',  ( 0.000000000000000000, 1.000000000000000000, 1.355252715606880049E-16 ) ) ;
#2006 = DIRECTION ( 'NONE',  ( 0.000000000000000000, 0.000000000000000000, -1.000000000000000000 ) ) ;
#2007 = CYLINDRICAL_SURFACE ( 'NONE', #417, 0.3449999999999999178 ) ;
#2008 = ADVANCED_FACE ( 'NONE', ( #3492 ), #2600, .T. ) ;
#2009 = EDGE_CURVE ( 'NONE', #862, #2623, #1200, .T. ) ;
#2010 = DIRECTION ( 'NONE',  ( 0.000000000000000000, 0.000000000000000000, 1.000000000000000000 ) ) ;
#2011 = VERTEX_POINT ( 'NONE', #131 ) ;
#2012 = CARTESIAN_POINT ( 'NONE',  ( -8.899739026076780135, 0.4198924397465024216, -0.009846962383056913348 ) ) ;
#2013 = DIRECTION ( 'NONE',  ( -1.000000000000000000, 0.000000000000000000, 0.000000000000000000 ) ) ;
#2014 = CARTESIAN_POINT ( 'NONE',  ( -8.974879419968567973, -0.007917185508470463845, -0.6414091257176561811 ) ) ;
#2015 = EDGE_CURVE ( 'NONE', #4867, #26, #3115, .T. ) ;
#2016 = EDGE_LOOP ( 'NONE', ( #3682, #3215 ) ) ;
#2017 = DIRECTION ( 'NONE',  ( 1.000000000000000000, -0.000000000000000000, -0.000000000000000000 ) ) ;
#2018 = DIRECTION ( 'NONE',  ( -1.000000000000000000, 0.000000000000000000, 0.000000000000000000 ) ) ;
#2019 = DIRECTION ( 'NONE',  ( -1.000000000000000000, 3.168959634848508524E-16, 1.000180237639160754E-15 ) ) ;
#2020 = ORIENTED_EDGE ( 'NONE', *, *, #2029, .F. ) ;
#2021 = ORIENTED_EDGE ( 'NONE', *, *, #3252, .T. ) ;
#2022 = LINE ( 'NONE', #2764, #3779 ) ;
#2023 = AXIS2_PLACEMENT_3D ( 'NONE', #3939, #4012, #4396 ) ;
#2024 = ORIENTED_EDGE ( 'NONE', *, *, #4571, .F. ) ;
#2025 = ORIENTED_EDGE ( 'NONE', *, *, #4482, .T. ) ;
#2026 = DIRECTION ( 'NONE',  ( 1.000000000000000000, -2.134256245050209793E-15, 0.000000000000000000 ) ) ;
#2027 = CARTESIAN_POINT ( 'NONE',  ( -8.506105478383215512, 0.4297512495988752290, -0.01997722350643933720 ) ) ;
#2028 = CARTESIAN_POINT ( 'NONE',  ( -0.1739999999999769786, -2.130885430516110371E-17, 3.129999999999999893 ) ) ;
#2029 = EDGE_CURVE ( 'NONE', #3755, #3239, #2110, .T. ) ;
#2030 = CARTESIAN_POINT ( 'NONE',  ( -0.9785000000000277920, -2.958499999999999908, 8.471494233101806605E-17 ) ) ;
#2031 = AXIS2_PLACEMENT_3D ( 'NONE', #4244, #1219, #430 ) ;
#2032 = DIRECTION ( 'NONE',  ( 0.000000000000000000, 0.000000000000000000, 1.000000000000000000 ) ) ;
#2033 = ORIENTED_EDGE ( 'NONE', *, *, #2700, .F. ) ;
#2034 = DIRECTION ( 'NONE',  ( -1.000000000000000000, 0.000000000000000000, 0.000000000000000000 ) ) ;
#2035 = CARTESIAN_POINT ( 'NONE',  ( -7.679999999999929550, -0.04123024671363181848, 0.7428277815978668874 ) ) ;
#2036 = CARTESIAN_POINT ( 'NONE',  ( -8.972652807384328355, -0.007974469051752766657, -0.5547630424865641618 ) ) ;
#2037 = EDGE_CURVE ( 'NONE', #4734, #43, #843, .T. ) ;
#2038 = AXIS2_PLACEMENT_3D ( 'NONE', #1918, #3032, #4164 ) ;
#2039 = AXIS2_PLACEMENT_3D ( 'NONE', #4728, #1724, #665 ) ;
#2040 = ORIENTED_EDGE ( 'NONE', *, *, #146, .F. ) ;
#2041 = AXIS2_PLACEMENT_3D ( 'NONE', #882, #2335, #828 ) ;
#2042 = DIRECTION ( 'NONE',  ( 1.000000000000000000, -3.168959634848508524E-16, -1.000180237639160754E-15 ) ) ;
#2043 = DIRECTION ( 'NONE',  ( 0.000000000000000000, -1.000000000000000000, 0.000000000000000000 ) ) ;
#2044 = EDGE_CURVE ( 'NONE', #2821, #2453, #1223, .T. ) ;
#2045 = ADVANCED_FACE ( 'NONE', ( #63 ), #2606, .F. ) ;
#2046 = CONICAL_SURFACE ( 'NONE', #2202, 0.4681858524161220947, 0.7597039348908314338 ) ;
#2047 = VECTOR ( 'NONE', #3794, 1000.000000000000227 ) ;
#2048 = CARTESIAN_POINT ( 'NONE',  ( -10.76999999999999957, 2.914659381970640931E-16, -2.305000000000000160 ) ) ;
#2049 = VERTEX_POINT ( 'NONE', #1593 ) ;
#2050 = AXIS2_PLACEMENT_3D ( 'NONE', #4097, #1796, #1393 ) ;
#2051 = VERTEX_POINT ( 'NONE', #4546 ) ;
#2052 = CARTESIAN_POINT ( 'NONE',  ( -10.91999999999999993, 0.000000000000000000, 0.000000000000000000 ) ) ;
#2053 = AXIS2_PLACEMENT_3D ( 'NONE', #945, #2815, #2127 ) ;
#2054 = ORIENTED_EDGE ( 'NONE', *, *, #420, .F. ) ;
#2055 = ORIENTED_EDGE ( 'NONE', *, *, #4573, .T. ) ;
#2056 = AXIS2_PLACEMENT_3D ( 'NONE', #3608, #1731, #3237 ) ;
#2057 = CARTESIAN_POINT ( 'NONE',  ( -0.9785000000000290132, 3.580000000000000071, 0.000000000000000000 ) ) ;
#2058 = CARTESIAN_POINT ( 'NONE',  ( -5.174644660940660224, 0.000000000000000000, 0.000000000000000000 ) ) ;
#2059 = DIRECTION ( 'NONE',  ( 2.100641709190701917E-15, 1.000000000000000000, 0.000000000000000000 ) ) ;
#2060 = VECTOR ( 'NONE', #4148, 1000.000000000000000 ) ;
#2061 = DIRECTION ( 'NONE',  ( 2.134256245050205060E-15, -1.000000000000000000, 0.000000000000000000 ) ) ;
#2062 = ORIENTED_EDGE ( 'NONE', *, *, #3564, .F. ) ;
#2063 = DIRECTION ( 'NONE',  ( 0.000000000000000000, 0.000000000000000000, 1.000000000000000000 ) ) ;
#2064 = CARTESIAN_POINT ( 'NONE',  ( -5.390710678118679766, 0.000000000000000000, 0.000000000000000000 ) ) ;
#2065 = CARTESIAN_POINT ( 'NONE',  ( -8.899739027852890061, 6.457239091268311778E-15, -6.396360220680939239E-16 ) ) ;
#2066 = AXIS2_PLACEMENT_3D ( 'NONE', #1127, #2264, #3747 ) ;
#2067 = AXIS2_PLACEMENT_3D ( 'NONE', #2501, #4324, #2176 ) ;
#2068 = EDGE_CURVE ( 'NONE', #1436, #2667, #3515, .T. ) ;
#2069 = ORIENTED_EDGE ( 'NONE', *, *, #924, .T. ) ;
#2070 = CYLINDRICAL_SURFACE ( 'NONE', #1347, 2.674999999999999822 ) ;
#2071 = DIRECTION ( 'NONE',  ( 0.000000000000000000, 1.000000000000000000, 1.054711873393898319E-15 ) ) ;
#2072 = ADVANCED_FACE ( 'NONE', ( #4638 ), #399, .T. ) ;
#2073 = ORIENTED_EDGE ( 'NONE', *, *, #2322, .F. ) ;
#2074 = EDGE_CURVE ( 'NONE', #3387, #1863, #3093, .T. ) ;
#2075 = ORIENTED_EDGE ( 'NONE', *, *, #4752, .T. ) ;
#2076 = DIRECTION ( 'NONE',  ( 1.000000000000000000, -0.000000000000000000, -0.000000000000000000 ) ) ;
#2077 = VECTOR ( 'NONE', #1539, 1000.000000000000000 ) ;
#2078 = DIRECTION ( 'NONE',  ( -1.000000000000000000, 0.000000000000000000, 0.000000000000000000 ) ) ;
#2079 = VERTEX_POINT ( 'NONE', #2740 ) ;
#2080 = EDGE_CURVE ( 'NONE', #1863, #597, #2524, .T. ) ;
#2081 = VERTEX_POINT ( 'NONE', #3285 ) ;
#2082 = CARTESIAN_POINT ( 'NONE',  ( -9.879016743286728186, 6.767568246419961423E-15, 3.398181960692559894E-16 ) ) ;
#2083 = FACE_OUTER_BOUND ( 'NONE', #1082, .T. ) ;
#2084 = CARTESIAN_POINT ( 'NONE',  ( -7.679999999999929550, -0.04123024671363784838, -0.4494459704215327811 ) ) ;
#2085 = LINE ( 'NONE', #1741, #3357 ) ;
#2086 = VERTEX_POINT ( 'NONE', #2937 ) ;
#2087 = CARTESIAN_POINT ( 'NONE',  ( -0.008999999999976740148, 1.576071064387640108, 0.8899999999999999023 ) ) ;
#2088 = DIRECTION ( 'NONE',  ( 1.000000000000000000, -2.100641709190699945E-15, 0.000000000000000000 ) ) ;
#2089 = CARTESIAN_POINT ( 'NONE',  ( -0.008999999999975570944, -0.3449999999999999734, 0.8899999999999999023 ) ) ;
#2090 = ORIENTED_EDGE ( 'NONE', *, *, #565, .T. ) ;
#2091 = CARTESIAN_POINT ( 'NONE',  ( -10.91999999999999993, 0.000000000000000000, 0.000000000000000000 ) ) ;
#2092 = DIRECTION ( 'NONE',  ( 2.134256245050205060E-15, -1.000000000000000000, 0.000000000000000000 ) ) ;
#2093 = DIRECTION ( 'NONE',  ( 0.000000000000000000, -1.000000000000000000, -1.054711873393898319E-15 ) ) ;
#2094 = VERTEX_POINT ( 'NONE', #668 ) ;
#2095 = LINE ( 'NONE', #987, #1749 ) ;
#2096 = ADVANCED_FACE ( 'NONE', ( #2147 ), #2367, .F. ) ;
#2097 = VERTEX_POINT ( 'NONE', #2957 ) ;
#2098 = VERTEX_POINT ( 'NONE', #3635 ) ;
#2099 = CARTESIAN_POINT ( 'NONE',  ( -0.9785000000000277920, 2.958499999999999908, -8.471494233101806605E-17 ) ) ;
#2100 = DIRECTION ( 'NONE',  ( 1.000000000000000000, -2.093391161677579838E-15, 0.000000000000000000 ) ) ;
#2101 = ADVANCED_FACE ( 'NONE', ( #2172 ), #1301, .T. ) ;
#2102 = EDGE_CURVE ( 'NONE', #4381, #4293, #3153, .T. ) ;
#2103 = DIRECTION ( 'NONE',  ( 1.000000000000000000, -3.168959634848508524E-16, -1.000180237639160754E-15 ) ) ;
#2104 = CARTESIAN_POINT ( 'NONE',  ( -8.887920983205798819, 4.370156041449646978, 0.01015434495476890027 ) ) ;
#2105 = VERTEX_POINT ( 'NONE', #4774 ) ;
#2106 = DIRECTION ( 'NONE',  ( 0.000000000000000000, 0.000000000000000000, -1.000000000000000000 ) ) ;
#2107 = CIRCLE ( 'NONE', #376, 0.6215000000000000524 ) ;
#2108 = CYLINDRICAL_SURFACE ( 'NONE', #3626, 0.7599999999999997868 ) ;
#2109 = LINE ( 'NONE', #2089, #1983 ) ;
#2110 = B_SPLINE_CURVE_WITH_KNOTS ( 'NONE', 3,
 ( #1932, #4204, #902, #3444 ),
 .UNSPECIFIED., .F., .F.,
 ( 4, 4 ),
 ( 0.9687194804849620366, 1.000000000000000000 ),
 .UNSPECIFIED. ) ;
#2111 = ORIENTED_EDGE ( 'NONE', *, *, #3164, .F. ) ;
#2112 = EDGE_LOOP ( 'NONE', ( #736, #3638, #1829, #4651 ) ) ;
#2113 = CARTESIAN_POINT ( 'NONE',  ( -10.91999999999999993, 0.000000000000000000, 0.000000000000000000 ) ) ;
#2114 = CONICAL_SURFACE ( 'NONE', #2352, 0.6214999999999996083, 0.7205971725114357351 ) ;
#2115 = AXIS2_PLACEMENT_3D ( 'NONE', #3974, #2565, #214 ) ;
#2116 = AXIS2_PLACEMENT_3D ( 'NONE', #1552, #1894, #760 ) ;
#2117 = CARTESIAN_POINT ( 'NONE',  ( -8.977106130260658290, -0.7280575807464707561, -0.007862296986422779785 ) ) ;
#2118 = EDGE_LOOP ( 'NONE', ( #2746, #3190, #3132, #3787 ) ) ;
#2119 = DIRECTION ( 'NONE',  ( 1.000000000000000000, -3.168959634848508524E-16, -1.000180237639160754E-15 ) ) ;
#2120 = AXIS2_PLACEMENT_3D ( 'NONE', #512, #2724, #91 ) ;
#2121 = ORIENTED_EDGE ( 'NONE', *, *, #2044, .T. ) ;
#2122 = AXIS2_PLACEMENT_3D ( 'NONE', #4816, #1095, #1126 ) ;
#2123 = ORIENTED_EDGE ( 'NONE', *, *, #1514, .F. ) ;
#2124 = CONICAL_SURFACE ( 'NONE', #4100, 2.729999999999999982, 0.8519663271732368370 ) ;
#2125 = EDGE_CURVE ( 'NONE', #3838, #4207, #4646, .T. ) ;
#2126 = VERTEX_POINT ( 'NONE', #3658 ) ;
#2127 = DIRECTION ( 'NONE',  ( 1.991972495380191363E-15, 1.000000000000000000, 0.000000000000000000 ) ) ;
#2128 = DIRECTION ( 'NONE',  ( -1.000000000000000000, -2.162693482493780038E-15, 0.000000000000000000 ) ) ;
#2129 = AXIS2_PLACEMENT_3D ( 'NONE', #2698, #505, #2718 ) ;
#2130 = CIRCLE ( 'NONE', #1024, 0.7620000000000001217 ) ;
#2131 = CARTESIAN_POINT ( 'NONE',  ( -8.898454457782539961, -0.009883352707983581245, -0.4199027154032652365 ) ) ;
#2132 = DIRECTION ( 'NONE',  ( 0.7071067811870386244, 0.000000000000000000, -0.7071067811860564101 ) ) ;
#2133 = AXIS2_PLACEMENT_3D ( 'NONE', #2377, #2328, #449 ) ;
#2134 = ADVANCED_FACE ( 'NONE', ( #1754 ), #402, .F. ) ;
#2135 = VERTEX_POINT ( 'NONE', #3172 ) ;
#2136 = DIRECTION ( 'NONE',  ( 0.000000000000000000, 0.000000000000000000, 1.000000000000000000 ) ) ;
#2137 = FACE_OUTER_BOUND ( 'NONE', #4232, .T. ) ;
#2138 = CLOSED_SHELL ( 'NONE', ( #288, #1205, #2072, #2666, #4767, #4542, #3589, #444, #3198, #3945, #2250, #2263, #1561, #1016, #2555, #3712, #540, #594, #2375, #1529, #4160, #4096, #4274, #4040, #3951, #3405, #829, #1410, #4064, #3096, #3034, #1506, #2976, #1175, #3372, #2096, #1569, #1104, #4857, #283, #2134, #1540, #4520, #1832, #2624, #1392, #571, #1535, #1144, #3614, #1919, #2344, #3404, #2368, #1015, #4687, #3124, #1057, #85, #446, #4388, #2728, #2045, #2278, #3558, #2008, #4445, #4239, #53, #3410, #1620, #3438, #1897, #4000, #3274, #1799, #3346, #2963, #323, #4656, #358, #930, #1766, #2586, #4179, #680, #4307, #955, #1787, #1889, #1150, #3612, #3556, #4266, #4336, #347, #2446, #3220, #2922, #661, #195, #2921, #1654, #2616, #1858, #205, #3858, #2490, #2886, #1851, #114, #713, #2827, #3338, #961, #1383, #1136, #1359, #1168, #535, #54, #2101, #3286, #4723, #4070, #1626, #3518, #229, #1691, #4802, #3364, #3606, #2787, #2562, #2429, #1416, #3453, #4158, #4187, #3436, #2261, #4389, #3103, #59, #3129, #200, #806, #1226, #2649, #4629, #3775, #4305, #1878, #3128, #2438, #769, #3044, #4725, #2339 ) ) ;
#2139 = EDGE_LOOP ( 'NONE', ( #1622, #4707, #807, #742 ) ) ;
#2140 = ORIENTED_EDGE ( 'NONE', *, *, #1295, .T. ) ;
#2141 = CONICAL_SURFACE ( 'NONE', #1678, 0.6214999999999996083, 0.7205971725115640769 ) ;
#2142 = LINE ( 'NONE', #4750, #3797 ) ;
#2143 = VECTOR ( 'NONE', #533, 1000.000000000000000 ) ;
#2144 = DIRECTION ( 'NONE',  ( -1.000000000000000000, 0.000000000000000000, 0.000000000000000000 ) ) ;
#2145 = ORIENTED_EDGE ( 'NONE', *, *, #292, .T. ) ;
#2146 =( BOUNDED_CURVE ( )  B_SPLINE_CURVE ( 3, ( #2843, #3241, #4737, #4351 ),
 .UNSPECIFIED., .F., .F. ) 
 B_SPLINE_CURVE_WITH_KNOTS ( ( 4, 4 ),
 ( 4.225692442114063141, 4.228458888241132030 ),
 .UNSPECIFIED. ) 
 CURVE ( )  GEOMETRIC_REPRESENTATION_ITEM ( )  RATIONAL_B_SPLINE_CURVE ( ( 1.000000000000000000, 0.9999993622314203856, 0.9999993622314203856, 1.000000000000000000 ) ) 
 REPRESENTATION_ITEM ( '' )  );
#2147 = FACE_OUTER_BOUND ( 'NONE', #4066, .T. ) ;
#2148 = ORIENTED_EDGE ( 'NONE', *, *, #3735, .F. ) ;
#2149 = APPLICATION_CONTEXT ( 'configuration controlled 3d designs of mechanical parts and assemblies' ) ;
#2150 = EDGE_LOOP ( 'NONE', ( #2300, #1246, #124, #1667 ) ) ;
#2151 = CONICAL_SURFACE ( 'NONE', #1689, 2.729999999999999982, 0.8519663271732560439 ) ;
#2152 = DIRECTION ( 'NONE',  ( -0.7071067811867760566, 0.000000000000000000, 0.7071067811863189778 ) ) ;
#2153 = CARTESIAN_POINT ( 'NONE',  ( -6.370000000000069384, 5.655575004671662287E-15, -3.169831004110987970E-15 ) ) ;
#2154 = B_SPLINE_CURVE_WITH_KNOTS ( 'NONE', 3,
 ( #928, #1575, #849, #4598 ),
 .UNSPECIFIED., .F., .F.,
 ( 4, 4 ),
 ( 2.449048580083549967E-07, 0.0002602690256980239882 ),
 .UNSPECIFIED. ) ;
#2155 = EDGE_CURVE ( 'NONE', #26, #573, #2130, .T. ) ;
#2156 = DIRECTION ( 'NONE',  ( -8.049760909405136270E-16, -0.9338561447841048357, -0.3576488513178380235 ) ) ;
#2157 = AXIS2_PLACEMENT_3D ( 'NONE', #914, #3232, #983 ) ;
#2158 = FACE_OUTER_BOUND ( 'NONE', #3785, .T. ) ;
#2159 = ORIENTED_EDGE ( 'NONE', *, *, #4716, .F. ) ;
#2160 = FACE_OUTER_BOUND ( 'NONE', #2290, .T. ) ;
#2161 = PLANE ( 'NONE',  #2748 ) ;
#2162 = DIRECTION ( 'NONE',  ( 0.000000000000000000, -1.776356839400250465E-15, 1.000000000000000000 ) ) ;
#2163 = EDGE_CURVE ( 'NONE', #2841, #3194, #3456, .T. ) ;
#2164 = EDGE_CURVE ( 'NONE', #1206, #3873, #3586, .T. ) ;
#2165 = ORIENTED_EDGE ( 'NONE', *, *, #3645, .F. ) ;
#2166 = ORIENTED_EDGE ( 'NONE', *, *, #3742, .F. ) ;
#2167 = DIRECTION ( 'NONE',  ( 0.000000000000000000, 0.000000000000000000, 1.000000000000000000 ) ) ;
#2168 = FACE_OUTER_BOUND ( 'NONE', #1917, .T. ) ;
#2169 = EDGE_CURVE ( 'NONE', #871, #3428, #4167, .T. ) ;
#2170 = CARTESIAN_POINT ( 'NONE',  ( -7.679999999999929550, 6.456832016198207214E-15, 6.496297480671751281E-16 ) ) ;
#2171 = ORIENTED_EDGE ( 'NONE', *, *, #3826, .T. ) ;
#2172 = FACE_OUTER_BOUND ( 'NONE', #3206, .T. ) ;
#2173 = CARTESIAN_POINT ( 'NONE',  ( -9.750333333333358610, 0.000000000000000000, 0.000000000000000000 ) ) ;
#2174 = EDGE_LOOP ( 'NONE', ( #1299, #1286, #1322, #3593 ) ) ;
#2175 = VERTEX_POINT ( 'NONE', #2793 ) ;
#2176 = DIRECTION ( 'NONE',  ( 0.000000000000000000, 0.000000000000000000, 1.000000000000000000 ) ) ;
#2177 = CARTESIAN_POINT ( 'NONE',  ( -8.934174368666218058, 0.008964394881405433543, 0.4336578673793760608 ) ) ;
#2178 = CARTESIAN_POINT ( 'NONE',  ( -10.16000000000000014, 0.000000000000000000, -2.674999999999999822 ) ) ;
#2179 = ORIENTED_EDGE ( 'NONE', *, *, #294, .F. ) ;
#2180 = DIRECTION ( 'NONE',  ( -1.000000000000000000, 0.000000000000000000, 0.000000000000000000 ) ) ;
#2181 = EDGE_CURVE ( 'NONE', #503, #76, #1145, .T. ) ;
#2182 = CARTESIAN_POINT ( 'NONE',  ( -0.5189999571879641005, -1.984069773748421558E-07, 0.6549999693428087966 ) ) ;
#2183 = CARTESIAN_POINT ( 'NONE',  ( -8.958341921918679063, -0.008344534971422718980, 0.4566310267794200239 ) ) ;
#2184 = ORIENTED_EDGE ( 'NONE', *, *, #3807, .F. ) ;
#2185 = ORIENTED_EDGE ( 'NONE', *, *, #2818, .T. ) ;
#2186 = DIRECTION ( 'NONE',  ( -1.000000000000000000, 0.000000000000000000, 0.000000000000000000 ) ) ;
#2187 = EDGE_CURVE ( 'NONE', #3388, #1756, #2999, .T. ) ;
#2188 = DIRECTION ( 'NONE',  ( 1.000000000000000000, 0.000000000000000000, 0.000000000000000000 ) ) ;
#2189 = CARTESIAN_POINT ( 'NONE',  ( -8.373838290319401523, -9.219963193079579908E-15, 4.887490200971807718E-14 ) ) ;
#2190 = ORIENTED_EDGE ( 'NONE', *, *, #1946, .F. ) ;
#2191 = AXIS2_PLACEMENT_3D ( 'NONE', #4523, #3418, #1877 ) ;
#2192 = EDGE_CURVE ( 'NONE', #3853, #3293, #1270, .T. ) ;
#2193 = CARTESIAN_POINT ( 'NONE',  ( -0.5189999571879641005, -1.984069773748421558E-07, 0.6549999693428087966 ) ) ;
#2194 = EDGE_CURVE ( 'NONE', #3019, #597, #2547, .T. ) ;
#2195 = LINE ( 'NONE', #2642, #19 ) ;
#2196 = VECTOR ( 'NONE', #3527, 1000.000000000000000 ) ;
#2197 = FACE_OUTER_BOUND ( 'NONE', #1592, .T. ) ;
#2198 = VERTEX_POINT ( 'NONE', #3358 ) ;
#2199 = CIRCLE ( 'NONE', #2985, 0.7281000319985680980 ) ;
#2200 = ORIENTED_EDGE ( 'NONE', *, *, #2254, .F. ) ;
#2201 = FACE_OUTER_BOUND ( 'NONE', #3987, .T. ) ;
#2202 = AXIS2_PLACEMENT_3D ( 'NONE', #810, #2317, #3006 ) ;
#2203 = CONICAL_SURFACE ( 'NONE', #549, 0.7620000000000001217, 0.7205971725114832527 ) ;
#2204 = CARTESIAN_POINT ( 'NONE',  ( -1.298500000000021304, -4.201499999999999346, 0.000000000000000000 ) ) ;
#2205 = CARTESIAN_POINT ( 'NONE',  ( -7.679999999999929550, -0.04123024671363507282, 4.370156041449649642 ) ) ;
#2206 = ORIENTED_EDGE ( 'NONE', *, *, #2537, .T. ) ;
#2207 = CARTESIAN_POINT ( 'NONE',  ( -1.709999999999999964, 0.000000000000000000, 0.000000000000000000 ) ) ;
#2208 = VECTOR ( 'NONE', #2006, 1000.000000000000000 ) ;
#2209 = FACE_OUTER_BOUND ( 'NONE', #2400, .T. ) ;
#2210 = VECTOR ( 'NONE', #1548, 1000.000000000000227 ) ;
#2211 = DIRECTION ( 'NONE',  ( -1.000000000000000000, 0.000000000000000000, 0.000000000000000000 ) ) ;
#2212 = CONICAL_SURFACE ( 'NONE', #1351, 2.189999999999970637, 0.7853981633964605136 ) ;
#2213 = ORIENTED_EDGE ( 'NONE', *, *, #2826, .F. ) ;
#2214 = VERTEX_POINT ( 'NONE', #52 ) ;
#2215 = CARTESIAN_POINT ( 'NONE',  ( -10.91999999999999993, 0.000000000000000000, 0.000000000000000000 ) ) ;
#2216 = CARTESIAN_POINT ( 'NONE',  ( -1.458499999999999908, 3.580000000000000071, 0.000000000000000000 ) ) ;
#2217 = AXIS2_PLACEMENT_3D ( 'NONE', #2817, #1671, #4328 ) ;
#2218 = EDGE_CURVE ( 'NONE', #2051, #3545, #4103, .T. ) ;
#2219 = CARTESIAN_POINT ( 'NONE',  ( -0.008999999999976729739, -0.3449999999999999734, 0.5567764362830179836 ) ) ;
#2220 = EDGE_LOOP ( 'NONE', ( #1228, #3221 ) ) ;
#2221 = ORIENTED_EDGE ( 'NONE', *, *, #4663, .T. ) ;
#2222 = FACE_OUTER_BOUND ( 'NONE', #1461, .T. ) ;
#2223 = CYLINDRICAL_SURFACE ( 'NONE', #2298, 2.674999999999999822 ) ;
#2224 = CONICAL_SURFACE ( 'NONE', #3016, 2.729999999999999982, 0.8519663271732368370 ) ;
#2225 = EDGE_CURVE ( 'NONE', #3114, #1074, #2271, .T. ) ;
#2226 = CARTESIAN_POINT ( 'NONE',  ( -0.3385000000000409903, 3.580000000000000071, 0.000000000000000000 ) ) ;
#2227 = ORIENTED_EDGE ( 'NONE', *, *, #3061, .F. ) ;
#2228 = AXIS2_PLACEMENT_3D ( 'NONE', #4669, #1303, #2796 ) ;
#2229 = B_SPLINE_CURVE_WITH_KNOTS ( 'NONE', 3,
 ( #2366, #4291, #913, #4213 ),
 .UNSPECIFIED., .F., .F.,
 ( 4, 4 ),
 ( 2.759748586289519758E-07, 5.030102700883260094E-05 ),
 .UNSPECIFIED. ) ;
#2230 = ORIENTED_EDGE ( 'NONE', *, *, #2622, .F. ) ;
#2231 = CARTESIAN_POINT ( 'NONE',  ( -0.06000000000003920947, -2.680000000000015703, 0.000000000000000000 ) ) ;
#2232 = AXIS2_PLACEMENT_3D ( 'NONE', #2245, #2032, #4 ) ;
#2233 = EDGE_CURVE ( 'NONE', #1628, #3970, #3711, .T. ) ;
#2234 = CARTESIAN_POINT ( 'NONE',  ( -8.899739023004091365, 0.009847119096731336146, -0.4198924285707955617 ) ) ;
#2235 = ORIENTED_EDGE ( 'NONE', *, *, #3371, .F. ) ;
#2236 = VECTOR ( 'NONE', #1080, 1000.000000000000000 ) ;
#2237 = CARTESIAN_POINT ( 'NONE',  ( -8.990000000000184954, -1.634248253372192705, -0.6258854898061672056 ) ) ;
#2238 = DIRECTION ( 'NONE',  ( 0.000000000000000000, -1.000000000000000000, -1.355252715606880049E-16 ) ) ;
#2239 = DIRECTION ( 'NONE',  ( 1.000000000000000000, -2.093391161677579838E-15, 0.000000000000000000 ) ) ;
#2240 = AXIS2_PLACEMENT_3D ( 'NONE', #792, #4196, #1608 ) ;
#2241 = EDGE_LOOP ( 'NONE', ( #4572, #4139, #1445, #3120 ) ) ;
#2242 = VERTEX_POINT ( 'NONE', #1555 ) ;
#2243 = DIRECTION ( 'NONE',  ( 1.000000000000000000, -2.134256245050209793E-15, 0.000000000000000000 ) ) ;
#2244 = DIRECTION ( 'NONE',  ( -1.000000000000000000, 0.000000000000000000, 0.000000000000000000 ) ) ;
#2245 = CARTESIAN_POINT ( 'NONE',  ( 23.72277371219070119, 16.76757526204890070, 2.830000000000000071 ) ) ;
#2246 = EDGE_LOOP ( 'NONE', ( #968, #1387, #429, #2588 ) ) ;
#2247 = EDGE_LOOP ( 'NONE', ( #662, #4754, #2171, #2381 ) ) ;
#2248 = DIRECTION ( 'NONE',  ( 0.000000000000000000, -1.000000000000000000, -1.355252715606880049E-16 ) ) ;
#2249 = CIRCLE ( 'NONE', #3749, 0.04999999999999883010 ) ;
#2250 = ADVANCED_FACE ( 'NONE', ( #2222 ), #2297, .T. ) ;
#2251 = DIRECTION ( 'NONE',  ( 0.7071067811865626718, -0.7071067811865324737, 8.659560562354731945E-17 ) ) ;
#2252 = DIRECTION ( 'NONE',  ( -1.000000000000000000, 0.000000000000000000, 0.000000000000000000 ) ) ;
#2253 = EDGE_LOOP ( 'NONE', ( #307, #3003, #4584, #4866 ) ) ;
#2254 = EDGE_CURVE ( 'NONE', #3194, #3838, #3036, .T. ) ;
#2255 = ORIENTED_EDGE ( 'NONE', *, *, #3881, .F. ) ;
#2256 = DIRECTION ( 'NONE',  ( 0.000000000000000000, 0.000000000000000000, 1.000000000000000000 ) ) ;
#2257 = CARTESIAN_POINT ( 'NONE',  ( -8.894943300285328647, -0.009973872217678477620, 0.4199908461147839889 ) ) ;
#2258 = DIRECTION ( 'NONE',  ( -1.000000000000000000, 0.000000000000000000, 0.000000000000000000 ) ) ;
#2259 = ORIENTED_EDGE ( 'NONE', *, *, #1477, .F. ) ;
#2260 = DIRECTION ( 'NONE',  ( 1.000000000000000000, 0.000000000000000000, 0.000000000000000000 ) ) ;
#2261 = ADVANCED_FACE ( 'NONE', ( #4554 ), #4339, .F. ) ;
#2262 = CARTESIAN_POINT ( 'NONE',  ( -8.934174368666218058, -0.008964394881392546283, -0.4336578673793581862 ) ) ;
#2263 = ADVANCED_FACE ( 'NONE', ( #2982 ), #2837, .F. ) ;
#2264 = DIRECTION ( 'NONE',  ( -1.000000000000000000, 0.000000000000000000, 0.000000000000000000 ) ) ;
#2265 = VERTEX_POINT ( 'NONE', #4487 ) ;
#2266 = ORIENTED_EDGE ( 'NONE', *, *, #3890, .F. ) ;
#2267 = PLANE ( 'NONE',  #1726 ) ;
#2268 = DIRECTION ( 'NONE',  ( 1.991972495380191363E-15, -1.000000000000000000, 0.000000000000000000 ) ) ;
#2269 = ORIENTED_EDGE ( 'NONE', *, *, #2413, .F. ) ;
#2270 = VERTEX_POINT ( 'NONE', #814 ) ;
#2271 = LINE ( 'NONE', #1162, #3234 ) ;
#2272 = CIRCLE ( 'NONE', #1722, 3.129999999999999893 ) ;
#2273 = AXIS2_PLACEMENT_3D ( 'NONE', #1928, #4219, #3440 ) ;
#2274 = DIRECTION ( 'NONE',  ( 0.000000000000000000, 0.000000000000000000, 1.000000000000000000 ) ) ;
#2275 = ORIENTED_EDGE ( 'NONE', *, *, #3012, .T. ) ;
#2276 = ORIENTED_EDGE ( 'NONE', *, *, #2475, .T. ) ;
#2277 = DIRECTION ( 'NONE',  ( 1.000000000000000000, -3.168959634848508524E-16, -1.000180237639160754E-15 ) ) ;
#2278 = ADVANCED_FACE ( 'NONE', ( #3830 ), #711, .F. ) ;
#2279 = CIRCLE ( 'NONE', #1012, 0.6215000000000000524 ) ;
#2280 = DIRECTION ( 'NONE',  ( -1.000000000000000000, 0.000000000000000000, 0.000000000000000000 ) ) ;
#2281 = ORIENTED_EDGE ( 'NONE', *, *, #2706, .F. ) ;
#2282 = FACE_OUTER_BOUND ( 'NONE', #298, .T. ) ;
#2283 = CARTESIAN_POINT ( 'NONE',  ( -5.209999999999999964, 0.000000000000000000, 2.564999999999999947 ) ) ;
#2284 = DIRECTION ( 'NONE',  ( -1.000000000000000000, 0.000000000000000000, 0.000000000000000000 ) ) ;
#2285 = VECTOR ( 'NONE', #2876, 1000.000000000000000 ) ;
#2286 = VECTOR ( 'NONE', #2697, 999.9999999999998863 ) ;
#2287 = EDGE_CURVE ( 'NONE', #1530, #4867, #2291, .T. ) ;
#2288 = EDGE_CURVE ( 'NONE', #842, #4758, #72, .T. ) ;
#2289 = ORIENTED_EDGE ( 'NONE', *, *, #3260, .T. ) ;
#2290 = EDGE_LOOP ( 'NONE', ( #2179, #4616, #4152, #4459 ) ) ;
#2291 = CIRCLE ( 'NONE', #3472, 0.6215000000000000524 ) ;
#2292 = DIRECTION ( 'NONE',  ( 0.000000000000000000, -1.000000000000000000, -1.054711873393898319E-15 ) ) ;
#2293 = FACE_OUTER_BOUND ( 'NONE', #2754, .T. ) ;
#2294 = CONICAL_SURFACE ( 'NONE', #2053, 0.7620000000000001217, 0.7205971725114407311 ) ;
#2295 = ORIENTED_EDGE ( 'NONE', *, *, #32, .T. ) ;
#2296 = VECTOR ( 'NONE', #4354, 1000.000000000000114 ) ;
#2297 = CYLINDRICAL_SURFACE ( 'NONE', #4407, 2.189999999999970637 ) ;
#2298 = AXIS2_PLACEMENT_3D ( 'NONE', #4801, #3335, #2548 ) ;
#2299 = DIRECTION ( 'NONE',  ( -3.045511720464554415E-16, -1.000000000000000000, -1.054711873393898911E-15 ) ) ;
#2300 = ORIENTED_EDGE ( 'NONE', *, *, #3806, .F. ) ;
#2301 = CONICAL_SURFACE ( 'NONE', #1825, 0.7620000000000001217, 0.7205971725114839188 ) ;
#2302 = ORIENTED_EDGE ( 'NONE', *, *, #2474, .F. ) ;
#2303 = CARTESIAN_POINT ( 'NONE',  ( -0.3385000000000422671, 4.201499999999999346, 0.000000000000000000 ) ) ;
#2304 = CARTESIAN_POINT ( 'NONE',  ( -0.02000000000008242407, 3.643285636542862915E-15, -9.520975513119644685E-15 ) ) ;
#2305 = CONICAL_SURFACE ( 'NONE', #3573, 0.6214999999999996083, 0.7205971725114790338 ) ;
#2306 = PERSON_AND_ORGANIZATION ( #2338, #3253 ) ;
#2307 = EDGE_LOOP ( 'NONE', ( #2878, #4433, #4135, #1158 ) ) ;
#2308 =( BOUNDED_CURVE ( )  B_SPLINE_CURVE ( 3, ( #1202, #1982, #4640, #1641 ),
 .UNSPECIFIED., .F., .F. ) 
 B_SPLINE_CURVE_WITH_KNOTS ( ( 4, 4 ),
 ( 4.225692442114063141, 4.228458888241132030 ),
 .UNSPECIFIED. ) 
 CURVE ( )  GEOMETRIC_REPRESENTATION_ITEM ( )  RATIONAL_B_SPLINE_CURVE ( ( 1.000000000000000000, 0.9999993622314203856, 0.9999993622314203856, 1.000000000000000000 ) ) 
 REPRESENTATION_ITEM ( '' )  );
#2309 = DIRECTION ( 'NONE',  ( 0.000000000000000000, 0.000000000000000000, 1.000000000000000000 ) ) ;
#2310 = CONICAL_SURFACE ( 'NONE', #4580, 2.729999999999999982, 0.8519663271732759169 ) ;
#2311 = LINE ( 'NONE', #904, #2208 ) ;
#2312 = CARTESIAN_POINT ( 'NONE',  ( -0.4985000000000366915, -4.341999999999999638, 9.331808609502830497E-17 ) ) ;
#2313 = EDGE_CURVE ( 'NONE', #3882, #4758, #13, .T. ) ;
#2314 = AXIS2_PLACEMENT_3D ( 'NONE', #2104, #2503, #4692 ) ;
#2315 = VERTEX_POINT ( 'NONE', #346 ) ;
#2316 = CARTESIAN_POINT ( 'NONE',  ( -10.91999999999999993, 0.000000000000000000, 0.000000000000000000 ) ) ;
#2317 = DIRECTION ( 'NONE',  ( -1.000000000000000000, 3.168959634848508524E-16, 1.000180237639160754E-15 ) ) ;
#2318 = LOCAL_TIME ( 8, 33, 44.00000000000000000, #3513 ) ;
#2319 = EDGE_CURVE ( 'NONE', #2105, #1000, #1847, .T. ) ;
#2320 = ORIENTED_EDGE ( 'NONE', *, *, #145, .T. ) ;
#2321 = DIRECTION ( 'NONE',  ( -1.000000000000000000, 3.168959634848508524E-16, 1.000180237639160754E-15 ) ) ;
#2322 = EDGE_CURVE ( 'NONE', #3684, #4685, #2470, .T. ) ;
#2323 = EDGE_CURVE ( 'NONE', #1086, #1000, #4027, .T. ) ;
#2324 = CARTESIAN_POINT ( 'NONE',  ( -9.879016743286728186, -0.2849999999999932587, 3.922531215199487874E-17 ) ) ;
#2325 = ORIENTED_EDGE ( 'NONE', *, *, #3976, .F. ) ;
#2326 = ORIENTED_EDGE ( 'NONE', *, *, #924, .F. ) ;
#2327 = FACE_BOUND ( 'NONE', #2834, .T. ) ;
#2328 = DIRECTION ( 'NONE',  ( -1.000000000000000000, -2.100641709190699945E-15, 0.000000000000000000 ) ) ;
#2329 = APPROVAL_ROLE ( '' ) ;
#2330 = ORIENTED_EDGE ( 'NONE', *, *, #4571, .T. ) ;
#2331 = DIRECTION ( 'NONE',  ( -0.7514118287111084538, 0.6598335120869716075, 0.000000000000000000 ) ) ;
#2332 = CARTESIAN_POINT ( 'NONE',  ( -8.940000000000230429, -2.045144957077170922, -0.7832509843860052667 ) ) ;
#2333 = FACE_OUTER_BOUND ( 'NONE', #3235, .T. ) ;
#2334 = ORIENTED_EDGE ( 'NONE', *, *, #3908, .F. ) ;
#2335 = DIRECTION ( 'NONE',  ( -1.000000000000000000, 0.000000000000000000, 0.000000000000000000 ) ) ;
#2336 = DIRECTION ( 'NONE',  ( -0.6585046078685301563, 9.216406402856598770E-17, -0.7525766947068672774 ) ) ;
#2337 = CARTESIAN_POINT ( 'NONE',  ( -8.740000000000000213, 3.343285761672274002E-16, 2.729999999999999982 ) ) ;
#2338 = PERSON ( 'UNSPECIFIED', 'UNSPECIFIED', 'UNSPECIFIED', ('UNSPECIFIED'), ('UNSPECIFIED'), ('UNSPECIFIED') ) ;
#2339 = ADVANCED_FACE ( 'NONE', ( #1902 ), #554, .F. ) ;
#2340 = EDGE_LOOP ( 'NONE', ( #2523, #981, #2425, #3554 ) ) ;
#2341 = CARTESIAN_POINT ( 'NONE',  ( -8.887920983205800596, 0.01015434495476219730, -0.4201670376886811886 ) ) ;
#2342 = DIRECTION ( 'NONE',  ( -1.000000000000000000, 3.168959634848508524E-16, 1.000180237639160754E-15 ) ) ;
#2343 = DIRECTION ( 'NONE',  ( 1.000000000000000000, -3.168959634848508524E-16, -1.000180237639160754E-15 ) ) ;
#2344 = ADVANCED_FACE ( 'NONE', ( #3106 ), #2070, .T. ) ;
#2345 = ORIENTED_EDGE ( 'NONE', *, *, #2322, .T. ) ;
#2346 = EDGE_CURVE ( 'NONE', #2926, #1777, #3902, .T. ) ;
#2347 = ORIENTED_EDGE ( 'NONE', *, *, #1747, .T. ) ;
#2348 = DIRECTION ( 'NONE',  ( 0.000000000000000000, -1.000000000000000000, -1.046559164759841496E-15 ) ) ;
#2349 = CARTESIAN_POINT ( 'NONE',  ( -8.970426365894919485, -0.008031748193318219084, -0.4681169548559012128 ) ) ;
#2350 = COORDINATED_UNIVERSAL_TIME_OFFSET ( 8, 0, .AHEAD. ) ;
#2351 = EDGE_LOOP ( 'NONE', ( #4493, #3433, #2880, #1997 ) ) ;
#2352 = AXIS2_PLACEMENT_3D ( 'NONE', #864, #3533, #2401 ) ;
#2353 = DIRECTION ( 'NONE',  ( 1.000000000000000000, 1.991972495380200041E-15, 0.000000000000000000 ) ) ;
#2354 = CYLINDRICAL_SURFACE ( 'NONE', #1582, 1.750000000000000222 ) ;
#2355 = CARTESIAN_POINT ( 'NONE',  ( -0.8185000000000376419, -4.341999999999999638, 9.331808609502830497E-17 ) ) ;
#2356 = AXIS2_PLACEMENT_3D ( 'NONE', #2215, #2186, #48 ) ;
#2357 = DIRECTION ( 'NONE',  ( 0.7514118287111057892, 0.6598335120869746051, 0.000000000000000000 ) ) ;
#2358 = ORIENTED_EDGE ( 'NONE', *, *, #2037, .T. ) ;
#2359 = FACE_OUTER_BOUND ( 'NONE', #3051, .T. ) ;
#2360 = CARTESIAN_POINT ( 'NONE',  ( -8.040000000000000924, 3.343285761672274002E-16, 2.729999999999999982 ) ) ;
#2361 = PLANE ( 'NONE',  #4653 ) ;
#2362 = AXIS2_PLACEMENT_3D ( 'NONE', #1155, #2676, #2998 ) ;
#2363 = AXIS2_PLACEMENT_3D ( 'NONE', #1744, #3670, #2505 ) ;
#2364 = ORIENTED_EDGE ( 'NONE', *, *, #2225, .F. ) ;
#2365 = CARTESIAN_POINT ( 'NONE',  ( -10.86999999999999922, 3.275930187719169848E-16, -2.674999999999999822 ) ) ;
#2366 = CARTESIAN_POINT ( 'NONE',  ( -8.970426365894919485, -0.008031748193318219084, -0.4681169548559012128 ) ) ;
#2367 = CONICAL_SURFACE ( 'NONE', #2682, 0.7620000000000001217, 0.7205971725114407311 ) ;
#2368 = ADVANCED_FACE ( 'NONE', ( #857 ), #4555, .T. ) ;
#2369 = CYLINDRICAL_SURFACE ( 'NONE', #2630, 1.750000000000000222 ) ;
#2370 = VECTOR ( 'NONE', #1400, 1000.000000000000000 ) ;
#2371 = ORIENTED_EDGE ( 'NONE', *, *, #2192, .T. ) ;
#2372 = ORIENTED_EDGE ( 'NONE', *, *, #751, .T. ) ;
#2373 = CARTESIAN_POINT ( 'NONE',  ( -8.894943300285328647, -0.4199908461147786598, -0.009973872217676009108 ) ) ;
#2374 = AXIS2_PLACEMENT_3D ( 'NONE', #1045, #4079, #695 ) ;
#2375 = ADVANCED_FACE ( 'NONE', ( #2419 ), #3699, .T. ) ;
#2376 = EDGE_CURVE ( 'NONE', #550, #503, #870, .T. ) ;
#2377 = CARTESIAN_POINT ( 'NONE',  ( -0.06000000000004109685, 3.580000000000000071, 0.000000000000000000 ) ) ;
#2378 = ORIENTED_EDGE ( 'NONE', *, *, #2496, .F. ) ;
#2379 = PERSON_AND_ORGANIZATION ( #2338, #3253 ) ;
#2380 = AXIS2_PLACEMENT_3D ( 'NONE', #766, #4515, #1871 ) ;
#2381 = ORIENTED_EDGE ( 'NONE', *, *, #2323, .T. ) ;
#2382 = CARTESIAN_POINT ( 'NONE',  ( -8.972652827871797854, -0.007976746342958225891, 0.5547638080230651303 ) ) ;
#2383 = DIRECTION ( 'NONE',  ( 0.6585046078685301563, 0.000000000000000000, -0.7525766947068672774 ) ) ;
#2384 = LINE ( 'NONE', #4614, #809 ) ;
#2385 = EDGE_CURVE ( 'NONE', #3213, #1187, #2872, .T. ) ;
#2386 = CIRCLE ( 'NONE', #1522, 2.729999999999999982 ) ;
#2387 = DIRECTION ( 'NONE',  ( -1.000000000000000000, 0.000000000000000000, 0.000000000000000000 ) ) ;
#2388 = ORIENTED_EDGE ( 'NONE', *, *, #113, .F. ) ;
#2389 = DIRECTION ( 'NONE',  ( -1.000000000000000000, -2.093391161677579838E-15, 0.000000000000000000 ) ) ;
#2390 = CARTESIAN_POINT ( 'NONE',  ( -8.898454457782548843, -0.009883635875936247137, 0.4199027087552159587 ) ) ;
#2391 = LINE ( 'NONE', #139, #3407 ) ;
#2392 = AXIS2_PLACEMENT_3D ( 'NONE', #1460, #666, #4437 ) ;
#2393 = ORIENTED_EDGE ( 'NONE', *, *, #4536, .F. ) ;
#2394 = FACE_OUTER_BOUND ( 'NONE', #758, .T. ) ;
#2395 = CARTESIAN_POINT ( 'NONE',  ( -8.887920983205800596, 0.4201670376886965652, 0.01015434495476473346 ) ) ;
#2396 = CONICAL_SURFACE ( 'NONE', #1379, 0.4200190127578620758, 0.02569422850663167016 ) ;
#2397 = CARTESIAN_POINT ( 'NONE',  ( -8.898454457782548843, 6.456832016198207214E-15, -6.409208236663127237E-16 ) ) ;
#2398 = ORIENTED_EDGE ( 'NONE', *, *, #2376, .T. ) ;
#2399 = EDGE_CURVE ( 'NONE', #1027, #4004, #2907, .T. ) ;
#2400 = EDGE_LOOP ( 'NONE', ( #2166, #2792, #3725, #2768 ) ) ;
#2401 = DIRECTION ( 'NONE',  ( -2.093391161677564061E-15, -1.000000000000000000, 0.000000000000000000 ) ) ;
#2402 = CARTESIAN_POINT ( 'NONE',  ( -9.440000000000001279, 0.000000000000000000, 0.000000000000000000 ) ) ;
#2403 = VERTEX_POINT ( 'NONE', #3186 ) ;
#2404 = SECURITY_CLASSIFICATION_LEVEL ( 'unclassified' ) ;
#2405 = EDGE_CURVE ( 'NONE', #2198, #3104, #1606, .T. ) ;
#2406 = ORIENTED_EDGE ( 'NONE', *, *, #1204, .F. ) ;
#2407 = CARTESIAN_POINT ( 'NONE',  ( -8.899739027852890061, 6.457239091268311778E-15, -6.396360220680939239E-16 ) ) ;
#2408 = FACE_OUTER_BOUND ( 'NONE', #3299, .T. ) ;
#2409 = CARTESIAN_POINT ( 'NONE',  ( -7.679999999999929550, -0.7428277815978597820, -0.04123024671363013927 ) ) ;
#2410 = LINE ( 'NONE', #115, #3493 ) ;
#2411 = EDGE_CURVE ( 'NONE', #722, #4311, #4313, .T. ) ;
#2412 = VERTEX_POINT ( 'NONE', #934 ) ;
#2413 = EDGE_CURVE ( 'NONE', #3781, #3108, #2229, .T. ) ;
#2414 = FACE_OUTER_BOUND ( 'NONE', #4047, .T. ) ;
#2415 = LINE ( 'NONE', #2435, #3864 ) ;
#2416 = CARTESIAN_POINT ( 'NONE',  ( -0.008999999999976740148, 3.200000000000000178, 0.8899999999999999023 ) ) ;
#2417 = ORIENTED_EDGE ( 'NONE', *, *, #3490, .F. ) ;
#2418 = CARTESIAN_POINT ( 'NONE',  ( -8.934174368666218058, 0.4336578416742425390, 0.008965638295936856350 ) ) ;
#2419 = FACE_OUTER_BOUND ( 'NONE', #4548, .T. ) ;
#2420 = CARTESIAN_POINT ( 'NONE',  ( -1.618499999999999828, 3.580000000000000071, 0.000000000000000000 ) ) ;
#2421 = ORIENTED_EDGE ( 'NONE', *, *, #621, .F. ) ;
#2422 = DIRECTION ( 'NONE',  ( 1.000000000000000000, -2.100641709190699945E-15, 0.000000000000000000 ) ) ;
#2423 = CYLINDRICAL_SURFACE ( 'NONE', #620, 2.174999999999939870 ) ;
#2424 = APPROVAL ( #107, 'UNSPECIFIED' ) ;
#2425 = ORIENTED_EDGE ( 'NONE', *, *, #1478, .T. ) ;
#2426 = EDGE_LOOP ( 'NONE', ( #3526, #14, #3110, #1193 ) ) ;
#2427 = DIRECTION ( 'NONE',  ( 0.000000000000000000, 0.000000000000000000, 1.000000000000000000 ) ) ;
#2428 = DIRECTION ( 'NONE',  ( -1.000000000000000000, 0.000000000000000000, 0.000000000000000000 ) ) ;
#2429 = ADVANCED_FACE ( 'NONE', ( #1336 ), #544, .T. ) ;
#2430 = CARTESIAN_POINT ( 'NONE',  ( -5.390710678118679766, 0.000000000000000000, 0.000000000000000000 ) ) ;
#2431 = CIRCLE ( 'NONE', #851, 0.6215000000000000524 ) ;
#2432 = FACE_OUTER_BOUND ( 'NONE', #2479, .T. ) ;
#2433 = ORIENTED_EDGE ( 'NONE', *, *, #4751, .F. ) ;
#2434 = CYLINDRICAL_SURFACE ( 'NONE', #2445, 2.674999999999999822 ) ;
#2435 = CARTESIAN_POINT ( 'NONE',  ( -0.3385000000000422671, -4.201499999999999346, 0.000000000000000000 ) ) ;
#2436 = DIRECTION ( 'NONE',  ( 1.000000000000000000, -3.168959634848508524E-16, -1.000180237639160754E-15 ) ) ;
#2437 = AXIS2_PLACEMENT_3D ( 'NONE', #4727, #564, #2881 ) ;
#2438 = ADVANCED_FACE ( 'NONE', ( #1261 ), #1880, .F. ) ;
#2439 = ORIENTED_EDGE ( 'NONE', *, *, #590, .T. ) ;
#2440 = VECTOR ( 'NONE', #2783, 1000.000000000000114 ) ;
#2441 = ORIENTED_EDGE ( 'NONE', *, *, #1297, .F. ) ;
#2442 = DIRECTION ( 'NONE',  ( 2.134256245050205060E-15, 1.000000000000000000, 0.000000000000000000 ) ) ;
#2443 = CARTESIAN_POINT ( 'NONE',  ( -1.710000000000001519, -4.281848437500016757, 0.000000000000000000 ) ) ;
#2444 = CIRCLE ( 'NONE', #4098, 0.6215000000000000524 ) ;
#2445 = AXIS2_PLACEMENT_3D ( 'NONE', #1783, #190, #2136 ) ;
#2446 = ADVANCED_FACE ( 'NONE', ( #3876 ), #3506, .T. ) ;
#2447 = CARTESIAN_POINT ( 'NONE',  ( -9.780000000000072191, -2.012459992009754561, -0.7707332745898906046 ) ) ;
#2448 = ORIENTED_EDGE ( 'NONE', *, *, #631, .F. ) ;
#2449 = AXIS2_PLACEMENT_3D ( 'NONE', #4800, #3306, #245 ) ;
#2450 = CARTESIAN_POINT ( 'NONE',  ( -1.458499999999998353, 2.818000000000010274, -9.331808609502702307E-17 ) ) ;
#2451 = CARTESIAN_POINT ( 'NONE',  ( -8.899739027852890061, 6.457239091268311778E-15, -6.396360220680939239E-16 ) ) ;
#2452 = CONICAL_SURFACE ( 'NONE', #3159, 0.6214999999999996083, 0.7205971725114797000 ) ;
#2453 = VERTEX_POINT ( 'NONE', #2443 ) ;
#2454 = VERTEX_POINT ( 'NONE', #1630 ) ;
#2455 = AXIS2_PLACEMENT_3D ( 'NONE', #2430, #1327, #3985 ) ;
#2456 = DIRECTION ( 'NONE',  ( 1.000000000000000000, 0.000000000000000000, 0.000000000000000000 ) ) ;
#2457 = DIRECTION ( 'NONE',  ( 2.093391161677562877E-15, 1.000000000000000000, 0.000000000000000000 ) ) ;
#2458 = B_SPLINE_CURVE_WITH_KNOTS ( 'NONE', 3,
 ( #1553, #365, #4456, #3376 ),
 .UNSPECIFIED., .F., .F.,
 ( 4, 4 ),
 ( 0.03128080825712626495, 1.000000000000000000 ),
 .UNSPECIFIED. ) ;
#2459 = DIRECTION ( 'NONE',  ( 0.7071067811865654473, -0.7071067811865296981, 0.000000000000000000 ) ) ;
#2460 = AXIS2_PLACEMENT_3D ( 'NONE', #167, #192, #1334 ) ;
#2461 = DIRECTION ( 'NONE',  ( 0.000000000000000000, 0.000000000000000000, -1.000000000000000000 ) ) ;
#2462 = ORIENTED_EDGE ( 'NONE', *, *, #631, .T. ) ;
#2463 = CARTESIAN_POINT ( 'NONE',  ( -8.549107518447261356, 0.7331759353594203832, -0.01887092003856407837 ) ) ;
#2464 = DIRECTION ( 'NONE',  ( 1.000000000000000000, -2.093391161677569977E-15, 0.000000000000000000 ) ) ;
#2465 = LINE ( 'NONE', #3969, #4424 ) ;
#2466 = VERTEX_POINT ( 'NONE', #2757 ) ;
#2467 = CARTESIAN_POINT ( 'NONE',  ( -8.373838290319403299, -2.012459992009755005, -0.7707332745898922699 ) ) ;
#2468 = EDGE_CURVE ( 'NONE', #4447, #3535, #1044, .T. ) ;
#2469 = DIRECTION ( 'NONE',  ( -1.000000000000000000, 3.168959634848508524E-16, 1.000180237639160754E-15 ) ) ;
#2470 =( BOUNDED_CURVE ( )  B_SPLINE_CURVE ( 3, ( #1113, #2619, #765, #4125 ),
 .UNSPECIFIED., .F., .F. ) 
 B_SPLINE_CURVE_WITH_KNOTS ( ( 4, 4 ),
 ( 3.188399990043085275, 3.191695899193309760 ),
 .UNSPECIFIED. ) 
 CURVE ( )  GEOMETRIC_REPRESENTATION_ITEM ( )  RATIONAL_B_SPLINE_CURVE ( ( 1.000000000000000000, 0.9999990947487775728, 0.9999990947487775728, 1.000000000000000000 ) ) 
 REPRESENTATION_ITEM ( '' )  );
#2471 = CARTESIAN_POINT ( 'NONE',  ( -1.458499999999999908, -3.580000000000000071, 0.000000000000000000 ) ) ;
#2472 = AXIS2_PLACEMENT_3D ( 'NONE', #3406, #30, #4615 ) ;
#2473 = ORIENTED_EDGE ( 'NONE', *, *, #534, .F. ) ;
#2474 = EDGE_CURVE ( 'NONE', #4848, #1335, #516, .T. ) ;
#2475 = EDGE_CURVE ( 'NONE', #4350, #938, #2199, .T. ) ;
#2476 = FACE_OUTER_BOUND ( 'NONE', #587, .T. ) ;
#2477 = DIRECTION ( 'NONE',  ( 1.000000000000000000, 0.000000000000000000, 0.000000000000000000 ) ) ;
#2478 = EDGE_LOOP ( 'NONE', ( #2417, #4227, #1938, #2020 ) ) ;
#2479 = EDGE_LOOP ( 'NONE', ( #4289, #2657, #3647, #193 ) ) ;
#2480 = DIRECTION ( 'NONE',  ( -1.000000000000000000, 2.093391161677569977E-15, 0.000000000000000000 ) ) ;
#2481 = LINE ( 'NONE', #624, #4861 ) ;
#2482 = CARTESIAN_POINT ( 'NONE',  ( -8.898454457782548843, -0.4199027087552006376, -0.009883635875933775156 ) ) ;
#2483 = ORIENTED_EDGE ( 'NONE', *, *, #4594, .F. ) ;
#2484 = DIRECTION ( 'NONE',  ( 1.000000000000000000, -3.168959634848508524E-16, -1.000180237639160754E-15 ) ) ;
#2485 = CARTESIAN_POINT ( 'NONE',  ( -8.924423283223461567, 0.009215258785149555223, 0.4245781617575241640 ) ) ;
#2486 = CARTESIAN_POINT ( 'NONE',  ( -7.679999999999929550, 0.4494459704243334852, 0.04123024671364511340 ) ) ;
#2487 = EDGE_LOOP ( 'NONE', ( #3860, #1317, #1800, #514 ) ) ;
#2488 = ORIENTED_EDGE ( 'NONE', *, *, #1008, .F. ) ;
#2489 = DIRECTION ( 'NONE',  ( -1.000000000000000000, -2.093391161677579838E-15, 0.000000000000000000 ) ) ;
#2490 = ADVANCED_FACE ( 'NONE', ( #4021 ), #589, .F. ) ;
#2491 = LINE ( 'NONE', #3975, #3899 ) ;
#2492 = ORIENTED_EDGE ( 'NONE', *, *, #4559, .F. ) ;
#2493 = CARTESIAN_POINT ( 'NONE',  ( -8.099953625011835356, -0.4395990101863275212, 0.03042619762817543039 ) ) ;
#2494 = CARTESIAN_POINT ( 'NONE',  ( -0.06000000000004109685, -3.580000000000000071, 0.000000000000000000 ) ) ;
#2495 = EDGE_CURVE ( 'NONE', #3315, #1927, #4630, .T. ) ;
#2496 = EDGE_CURVE ( 'NONE', #265, #3674, #1107, .T. ) ;
#2497 = ORIENTED_EDGE ( 'NONE', *, *, #1507, .F. ) ;
#2498 = EDGE_LOOP ( 'NONE', ( #729, #596 ) ) ;
#2499 = CC_DESIGN_APPROVAL ( #2424, ( #4824 ) ) ;
#2500 = CARTESIAN_POINT ( 'NONE',  ( -7.679999999999930438, -0.7428277815978523435, 0.04123024671365243393 ) ) ;
#2501 = CARTESIAN_POINT ( 'NONE',  ( -8.781212161291847451, 0.000000000000000000, 0.000000000000000000 ) ) ;
#2502 = CARTESIAN_POINT ( 'NONE',  ( -9.879016743286728186, 6.767568246419961423E-15, 3.398181960692559894E-16 ) ) ;
#2503 = DIRECTION ( 'NONE',  ( -0.02571825743831420916, -1.046212995340499925E-15, 0.9996692309130739140 ) ) ;
#2504 = ORIENTED_EDGE ( 'NONE', *, *, #1514, .T. ) ;
#2505 = DIRECTION ( 'NONE',  ( 2.100641709190701917E-15, -1.000000000000000000, 0.000000000000000000 ) ) ;
#2506 = CARTESIAN_POINT ( 'NONE',  ( -0.06000000000004109685, -3.580000000000000071, 0.000000000000000000 ) ) ;
#2507 = CARTESIAN_POINT ( 'NONE',  ( -7.339999999999999858, 0.000000000000000000, 0.000000000000000000 ) ) ;
#2508 = AXIS2_PLACEMENT_3D ( 'NONE', #4540, #1089, #1830 ) ;
#2509 = ORIENTED_EDGE ( 'NONE', *, *, #424, .T. ) ;
#2510 = ORIENTED_EDGE ( 'NONE', *, *, #868, .F. ) ;
#2511 = CARTESIAN_POINT ( 'NONE',  ( -5.390710678118679766, 3.275930187719169848E-16, -2.674999999999999822 ) ) ;
#2512 = CIRCLE ( 'NONE', #2038, 0.4337505116027510765 ) ;
#2513 = AXIS2_PLACEMENT_3D ( 'NONE', #3949, #1288, #566 ) ;
#2514 = DIRECTION ( 'NONE',  ( 1.000000000000000000, -0.000000000000000000, -0.000000000000000000 ) ) ;
#2515 = ORIENTED_EDGE ( 'NONE', *, *, #3243, .F. ) ;
#2516 = CARTESIAN_POINT ( 'NONE',  ( -8.972652827871797854, 0.5547638080230625768, 0.007976746342973718706 ) ) ;
#2517 = EDGE_CURVE ( 'NONE', #3508, #1407, #1801, .T. ) ;
#2518 = AXIS2_PLACEMENT_3D ( 'NONE', #997, #4695, #3578 ) ;
#2519 = EDGE_LOOP ( 'NONE', ( #1169, #4558, #3520, #4596 ) ) ;
#2520 = AXIS2_PLACEMENT_3D ( 'NONE', #21, #334, #1094 ) ;
#2521 = CARTESIAN_POINT ( 'NONE',  ( -0.06000000000004299117, 4.479999999999984439, -1.102182119232598313E-16 ) ) ;
#2522 = AXIS2_PLACEMENT_3D ( 'NONE', #700, #1475, #4449 ) ;
#2523 = ORIENTED_EDGE ( 'NONE', *, *, #4573, .F. ) ;
#2524 = CIRCLE ( 'NONE', #3314, 0.7620000000000001217 ) ;
#2525 = EDGE_CURVE ( 'NONE', #4734, #1436, #1097, .T. ) ;
#2526 = PLANE ( 'NONE',  #4026 ) ;
#2527 = EDGE_CURVE ( 'NONE', #688, #89, #222, .T. ) ;
#2528 = DIRECTION ( 'NONE',  ( 1.000000000000000000, -3.168959634848508524E-16, -1.000180237639160754E-15 ) ) ;
#2529 = AXIS2_PLACEMENT_3D ( 'NONE', #1566, #2353, #824 ) ;
#2530 = FACE_OUTER_BOUND ( 'NONE', #3568, .T. ) ;
#2531 = CARTESIAN_POINT ( 'NONE',  ( -10.91999999999999993, 0.000000000000000000, -2.625000000000000000 ) ) ;
#2532 = CIRCLE ( 'NONE', #3161, 2.729999999999999982 ) ;
#2533 = EDGE_LOOP ( 'NONE', ( #4703, #2358, #4637, #3748 ) ) ;
#2534 = DIRECTION ( 'NONE',  ( 1.000000000000000000, -3.168959634848508524E-16, -1.000180237639160754E-15 ) ) ;
#2535 = ADVANCED_FACE ( 'NONE', ( #2168 ), #1959, .T. ) ;
#2536 = DIRECTION ( 'NONE',  ( 2.093391161677562877E-15, 1.000000000000000000, 0.000000000000000000 ) ) ;
#2537 = EDGE_CURVE ( 'NONE', #4109, #2755, #853, .T. ) ;
#2538 = CARTESIAN_POINT ( 'NONE',  ( -8.972652807384328355, 0.5547630424865795939, -0.007974469051750164572 ) ) ;
#2539 = ORIENTED_EDGE ( 'NONE', *, *, #1471, .F. ) ;
#2540 = VERTEX_POINT ( 'NONE', #2882 ) ;
#2541 = AXIS2_PLACEMENT_3D ( 'NONE', #2900, #236, #4360 ) ;
#2542 = DIRECTION ( 'NONE',  ( 0.000000000000000000, 1.000000000000000000, 1.054711873393898516E-15 ) ) ;
#2543 = AXIS2_PLACEMENT_3D ( 'NONE', #1003, #2883, #316 ) ;
#2544 = AXIS2_PLACEMENT_3D ( 'NONE', #3217, #4738, #946 ) ;
#2545 = CARTESIAN_POINT ( 'NONE',  ( -7.679999999999929550, 5.655575004671662287E-15, -4.534709080630614667E-15 ) ) ;
#2546 = ORIENTED_EDGE ( 'NONE', *, *, #3829, .F. ) ;
#2547 = LINE ( 'NONE', #2662, #4724 ) ;
#2548 = DIRECTION ( 'NONE',  ( 0.000000000000000000, 0.000000000000000000, 1.000000000000000000 ) ) ;
#2549 = CIRCLE ( 'NONE', #99, 0.7281000319985680980 ) ;
#2550 = CARTESIAN_POINT ( 'NONE',  ( -10.16000000000000014, 0.000000000000000000, 0.000000000000000000 ) ) ;
#2551 = ORIENTED_EDGE ( 'NONE', *, *, #4751, .T. ) ;
#2552 = AXIS2_PLACEMENT_3D ( 'NONE', #3831, #443, #3039 ) ;
#2553 = EDGE_LOOP ( 'NONE', ( #363, #2255, #3485, #1957 ) ) ;
#2554 = DIRECTION ( 'NONE',  ( 0.7071067811865000552, 0.000000000000000000, -0.7071067811865950903 ) ) ;
#2555 = ADVANCED_FACE ( 'NONE', ( #4068 ), #4788, .T. ) ;
#2556 = DIRECTION ( 'NONE',  ( -1.000180237639160359E-15, 1.054711873393898516E-15, -1.000000000000000000 ) ) ;
#2557 = ORIENTED_EDGE ( 'NONE', *, *, #4294, .T. ) ;
#2558 = FACE_BOUND ( 'NONE', #176, .T. ) ;
#2559 = DIRECTION ( 'NONE',  ( 2.134256245050205060E-15, -1.000000000000000000, 0.000000000000000000 ) ) ;
#2560 = DIRECTION ( 'NONE',  ( -1.000000000000000000, -3.285461128743950066E-16, -4.452630116751089825E-32 ) ) ;
#2561 = EDGE_CURVE ( 'NONE', #4081, #440, #960, .T. ) ;
#2562 = ADVANCED_FACE ( 'NONE', ( #1432 ), #3145, .F. ) ;
#2563 = ORIENTED_EDGE ( 'NONE', *, *, #4273, .F. ) ;
#2564 = VERTEX_POINT ( 'NONE', #1001 ) ;
#2565 = DIRECTION ( 'NONE',  ( -1.000000000000000000, 0.000000000000000000, 0.000000000000000000 ) ) ;
#2566 = APPLICATION_CONTEXT ( 'configuration controlled 3d designs of mechanical parts and assemblies' ) ;
#2567 = FACE_OUTER_BOUND ( 'NONE', #3750, .T. ) ;
#2568 = VERTEX_POINT ( 'NONE', #3675 ) ;
#2569 = CARTESIAN_POINT ( 'NONE',  ( -0.3419643733384910567, 0.2996655870611998340, 0.5826207612974696470 ) ) ;
#2570 = CARTESIAN_POINT ( 'NONE',  ( -8.887920983205800596, -0.4201670376886836311, -0.01015434495474695602 ) ) ;
#2571 = ORIENTED_EDGE ( 'NONE', *, *, #4600, .F. ) ;
#2572 = VERTEX_POINT ( 'NONE', #2933 ) ;
#2573 = FACE_OUTER_BOUND ( 'NONE', #4827, .T. ) ;
#2574 = CARTESIAN_POINT ( 'NONE',  ( -8.891432142092646984, -0.01006410857729408796, 0.4200789557418539988 ) ) ;
#2575 = DIRECTION ( 'NONE',  ( -0.7714311711935651905, 0.6363127753793133001, 0.000000000000000000 ) ) ;
#2576 = ORIENTED_EDGE ( 'NONE', *, *, #4626, .F. ) ;
#2577 = DIRECTION ( 'NONE',  ( 1.000000000000000000, -2.134256245050209793E-15, 0.000000000000000000 ) ) ;
#2578 = CARTESIAN_POINT ( 'NONE',  ( -0.1600000000000900147, -4.128089751931540263, -2.830000000000000071 ) ) ;
#2579 = FACE_OUTER_BOUND ( 'NONE', #1835, .T. ) ;
#2580 = EDGE_CURVE ( 'NONE', #1680, #3854, #2279, .T. ) ;
#2581 = ORIENTED_EDGE ( 'NONE', *, *, #2812, .F. ) ;
#2582 = ORIENTED_EDGE ( 'NONE', *, *, #1365, .F. ) ;
#2583 = DIRECTION ( 'NONE',  ( -1.000000000000000000, 0.000000000000000000, 0.000000000000000000 ) ) ;
#2584 = DIRECTION ( 'NONE',  ( 0.000000000000000000, 0.000000000000000000, 1.000000000000000000 ) ) ;
#2585 = EDGE_CURVE ( 'NONE', #3477, #148, #2596, .T. ) ;
#2586 = ADVANCED_FACE ( 'NONE', ( #3229 ), #465, .T. ) ;
#2587 = FACE_OUTER_BOUND ( 'NONE', #1124, .T. ) ;
#2588 = ORIENTED_EDGE ( 'NONE', *, *, #2102, .T. ) ;
#2589 = AXIS2_PLACEMENT_3D ( 'NONE', #3762, #375, #299 ) ;
#2590 = ORIENTED_EDGE ( 'NONE', *, *, #2585, .F. ) ;
#2591 = CARTESIAN_POINT ( 'NONE',  ( -1.458499999999999908, -3.580000000000000071, 0.000000000000000000 ) ) ;
#2592 = DIRECTION ( 'NONE',  ( -1.000000000000000000, 0.000000000000000000, 0.000000000000000000 ) ) ;
#2593 = CIRCLE ( 'NONE', #3624, 0.2849999999999999756 ) ;
#2594 = FACE_OUTER_BOUND ( 'NONE', #4622, .T. ) ;
#2595 = ORIENTED_EDGE ( 'NONE', *, *, #423, .T. ) ;
#2596 = CIRCLE ( 'NONE', #2115, 3.084666666666650237 ) ;
#2597 = ORIENTED_EDGE ( 'NONE', *, *, #4662, .F. ) ;
#2598 = FACE_OUTER_BOUND ( 'NONE', #130, .T. ) ;
#2599 = CIRCLE ( 'NONE', #77, 2.174999999999939870 ) ;
#2600 = CONICAL_SURFACE ( 'NONE', #469, 3.129999999999999893, 0.8519663271732560439 ) ;
#2601 = CARTESIAN_POINT ( 'NONE',  ( -0.9785000000000290132, -3.580000000000000071, 0.000000000000000000 ) ) ;
#2602 = ORIENTED_EDGE ( 'NONE', *, *, #2802, .F. ) ;
#2603 = FACE_OUTER_BOUND ( 'NONE', #257, .T. ) ;
#2604 = AXIS2_PLACEMENT_3D ( 'NONE', #3892, #1618, #1933 ) ;
#2605 = CARTESIAN_POINT ( 'NONE',  ( -8.898454457782548843, 6.456832016198207214E-15, -6.409208236663127237E-16 ) ) ;
#2606 = CONICAL_SURFACE ( 'NONE', #2529, 0.7620000000000001217, 0.7205971725114839188 ) ;
#2607 = CARTESIAN_POINT ( 'NONE',  ( -8.040000000000000924, 0.000000000000000000, 0.000000000000000000 ) ) ;
#2608 = CIRCLE ( 'NONE', #1026, 0.4200025088314099375 ) ;
#2609 = ORIENTED_EDGE ( 'NONE', *, *, #1770, .F. ) ;
#2610 = VERTEX_POINT ( 'NONE', #1364 ) ;
#2611 = DIRECTION ( 'NONE',  ( -1.000000000000000000, 0.000000000000000000, 0.000000000000000000 ) ) ;
#2612 = DIRECTION ( 'NONE',  ( -1.000000000000000000, -2.093391161677579838E-15, 0.000000000000000000 ) ) ;
#2613 = AXIS2_PLACEMENT_3D ( 'NONE', #1929, #4154, #3511 ) ;
#2614 = CARTESIAN_POINT ( 'NONE',  ( -8.898884473509687254, -0.009872289793563313390, 0.4198963623211262597 ) ) ;
#2615 = VECTOR ( 'NONE', #1515, 1000.000000000000114 ) ;
#2616 = ADVANCED_FACE ( 'NONE', ( #4364 ), #3629, .F. ) ;
#2617 = ORIENTED_EDGE ( 'NONE', *, *, #1556, .T. ) ;
#2618 = EDGE_LOOP ( 'NONE', ( #3879, #989, #1768, #1319 ) ) ;
#2619 = CARTESIAN_POINT ( 'NONE',  ( -8.506105478383004126, 0.01997722350647201592, 0.4297512495988826675 ) ) ;
#2620 = CARTESIAN_POINT ( 'NONE',  ( -8.549107518447295107, 0.01887092003857810535, 0.7331759353594221595 ) ) ;
#2621 = AXIS2_PLACEMENT_3D ( 'NONE', #3844, #92, #3551 ) ;
#2622 = EDGE_CURVE ( 'NONE', #500, #2098, #2142, .T. ) ;
#2623 = VERTEX_POINT ( 'NONE', #640 ) ;
#2624 = ADVANCED_FACE ( 'NONE', ( #709 ), #3384, .T. ) ;
#2625 = CONICAL_SURFACE ( 'NONE', #4119, 0.7620000000000001217, 0.7205971725114839188 ) ;
#2626 = ORIENTED_EDGE ( 'NONE', *, *, #4451, .F. ) ;
#2627 = DIRECTION ( 'NONE',  ( 0.7514118287111315464, -0.6598335120869454062, 8.080629985474323400E-17 ) ) ;
#2628 = DIRECTION ( 'NONE',  ( 0.000000000000000000, 0.000000000000000000, 1.000000000000000000 ) ) ;
#2629 = ORIENTED_EDGE ( 'NONE', *, *, #3916, .F. ) ;
#2630 = AXIS2_PLACEMENT_3D ( 'NONE', #2688, #55, #3784 ) ;
#2631 = LINE ( 'NONE', #4136, #2047 ) ;
#2632 = LINE ( 'NONE', #3721, #3552 ) ;
#2633 = FACE_OUTER_BOUND ( 'NONE', #543, .T. ) ;
#2634 = CONICAL_SURFACE ( 'NONE', #741, 0.8999999999999841460, 0.7853981633974249643 ) ;
#2635 = ORIENTED_EDGE ( 'NONE', *, *, #4421, .F. ) ;
#2636 = ORIENTED_EDGE ( 'NONE', *, *, #868, .T. ) ;
#2637 = CARTESIAN_POINT ( 'NONE',  ( -7.679999999999929550, -0.7428277815978597820, -0.04123024671363013927 ) ) ;
#2638 = DIRECTION ( 'NONE',  ( 0.7514118287111031247, 0.6598335120869778248, -8.080629985474720295E-17 ) ) ;
#2639 = DIRECTION ( 'NONE',  ( 2.162693482493780038E-15, -1.000000000000000000, 0.000000000000000000 ) ) ;
#2640 = VERTEX_POINT ( 'NONE', #2684 ) ;
#2641 = ORIENTED_EDGE ( 'NONE', *, *, #3525, .F. ) ;
#2642 = CARTESIAN_POINT ( 'NONE',  ( -1.618499999999998717, 2.958499999999999908, -7.611179856700799969E-17 ) ) ;
#2643 = EDGE_CURVE ( 'NONE', #43, #2667, #3937, .T. ) ;
#2644 = CARTESIAN_POINT ( 'NONE',  ( -0.05999999999997670391, -2.439999999999999947, 0.8899999999999999023 ) ) ;
#2645 = VECTOR ( 'NONE', #280, 1000.000000000000114 ) ;
#2646 = ORIENTED_EDGE ( 'NONE', *, *, #3709, .T. ) ;
#2647 = ORIENTED_EDGE ( 'NONE', *, *, #1304, .F. ) ;
#2648 = CARTESIAN_POINT ( 'NONE',  ( -1.138500000000021384, -4.341999999999997861, 0.000000000000000000 ) ) ;
#2649 = ADVANCED_FACE ( 'NONE', ( #2293 ), #3541, .T. ) ;
#2650 = CARTESIAN_POINT ( 'NONE',  ( -0.6585000000000267306, -2.958499999999999908, 7.611179856700799969E-17 ) ) ;
#2651 = CARTESIAN_POINT ( 'NONE',  ( -9.879016743286728186, 0.08900000000001687117, 4.227881962889109018E-16 ) ) ;
#2652 = ORIENTED_EDGE ( 'NONE', *, *, #254, .F. ) ;
#2653 =( BOUNDED_CURVE ( )  B_SPLINE_CURVE ( 3, ( #3329, #4071, #1752, #687 ),
 .UNSPECIFIED., .F., .F. ) 
 B_SPLINE_CURVE_WITH_KNOTS ( ( 4, 4 ),
 ( 2.017018455693564860, 2.056927247995328667 ),
 .UNSPECIFIED. ) 
 CURVE ( )  GEOMETRIC_REPRESENTATION_ITEM ( )  RATIONAL_B_SPLINE_CURVE ( ( 1.000000000000000000, 0.9998672784287387927, 0.9998672784287387927, 1.000000000000000000 ) ) 
 REPRESENTATION_ITEM ( '' )  );
#2654 = DIRECTION ( 'NONE',  ( 1.991972495380191363E-15, 1.000000000000000000, 0.000000000000000000 ) ) ;
#2655 = DIRECTION ( 'NONE',  ( 1.000000000000000000, -3.168959634848508524E-16, -1.000180237639160754E-15 ) ) ;
#2656 = DIRECTION ( 'NONE',  ( -8.049760909405136270E-16, -0.9338561447841048357, -0.3576488513178380235 ) ) ;
#2657 = ORIENTED_EDGE ( 'NONE', *, *, #2723, .T. ) ;
#2658 = ORIENTED_EDGE ( 'NONE', *, *, #2861, .F. ) ;
#2659 = DIRECTION ( 'NONE',  ( -1.000000000000000000, 0.000000000000000000, 0.000000000000000000 ) ) ;
#2660 = DIRECTION ( 'NONE',  ( -1.000000000000000000, 0.000000000000000000, 0.000000000000000000 ) ) ;
#2661 = ORIENTED_EDGE ( 'NONE', *, *, #2155, .T. ) ;
#2662 = CARTESIAN_POINT ( 'NONE',  ( -0.8185000000000376419, 4.341999999999999638, -9.331808609502830497E-17 ) ) ;
#2663 = CONICAL_SURFACE ( 'NONE', #539, 2.529644660940679746, 0.7853981633975904986 ) ;
#2664 = DIRECTION ( 'NONE',  ( 2.100641709190701917E-15, -1.000000000000000000, 0.000000000000000000 ) ) ;
#2665 = ORIENTED_EDGE ( 'NONE', *, *, #329, .T. ) ;
#2666 = ADVANCED_FACE ( 'NONE', ( #788 ), #149, .T. ) ;
#2667 = VERTEX_POINT ( 'NONE', #1532 ) ;
#2668 = CARTESIAN_POINT ( 'NONE',  ( -8.977106130260658290, -0.007862296986431772591, -0.7280552080212900901 ) ) ;
#2669 = DIRECTION ( 'NONE',  ( 1.000000000000000000, -3.168959634848508524E-16, -1.000180237639160754E-15 ) ) ;
#2670 = AXIS2_PLACEMENT_3D ( 'NONE', #3528, #492, #3208 ) ;
#2671 =( NAMED_UNIT ( * ) PLANE_ANGLE_UNIT ( ) SI_UNIT ( $, .RADIAN. ) );
#2672 = EDGE_CURVE ( 'NONE', #76, #3422, #437, .T. ) ;
#2673 = ORIENTED_EDGE ( 'NONE', *, *, #2187, .T. ) ;
#2674 = EDGE_CURVE ( 'NONE', #4504, #4485, #3033, .T. ) ;
#2675 = CARTESIAN_POINT ( 'NONE',  ( -8.890000000000000568, 0.000000000000000000, 0.000000000000000000 ) ) ;
#2676 = DIRECTION ( 'NONE',  ( -1.000000000000000000, -2.093391161677579838E-15, 0.000000000000000000 ) ) ;
#2677 = FACE_OUTER_BOUND ( 'NONE', #3041, .T. ) ;
#2678 = AXIS2_PLACEMENT_3D ( 'NONE', #260, #211, #3649 ) ;
#2679 = AXIS2_PLACEMENT_3D ( 'NONE', #755, #778, #410 ) ;
#2680 = EDGE_CURVE ( 'NONE', #2105, #3813, #2444, .T. ) ;
#2681 = VERTEX_POINT ( 'NONE', #4479 ) ;
#2682 = AXIS2_PLACEMENT_3D ( 'NONE', #2887, #1774, #4439 ) ;
#2683 = DIRECTION ( 'NONE',  ( 0.000000000000000000, -8.967462575111175259E-16, 1.000000000000000000 ) ) ;
#2684 = CARTESIAN_POINT ( 'NONE',  ( -8.898454457782539961, -0.009883352707983581245, -0.4199027154032652365 ) ) ;
#2685 = EDGE_LOOP ( 'NONE', ( #2510, #1730, #1841, #4320, #2780 ) ) ;
#2686 = AXIS2_PLACEMENT_3D ( 'NONE', #300, #4133, #2156 ) ;
#2687 = DIRECTION ( 'NONE',  ( 0.000000000000000000, 0.000000000000000000, 1.000000000000000000 ) ) ;
#2688 = CARTESIAN_POINT ( 'NONE',  ( -9.780000000000070415, -8.774356223274818732E-15, 5.028131716266557763E-14 ) ) ;
#2689 = ORIENTED_EDGE ( 'NONE', *, *, #1477, .T. ) ;
#2690 = AXIS2_PLACEMENT_3D ( 'NONE', #4335, #1962, #2803 ) ;
#2691 = ORIENTED_EDGE ( 'NONE', *, *, #472, .F. ) ;
#2692 = FACE_OUTER_BOUND ( 'NONE', #1352, .T. ) ;
#2693 = CARTESIAN_POINT ( 'NONE',  ( -0.6585000000000292841, 4.201499999999999346, 0.000000000000000000 ) ) ;
#2694 = AXIS2_PLACEMENT_3D ( 'NONE', #972, #2528, #3665 ) ;
#2695 = APPROVAL_STATUS ( 'not_yet_approved' ) ;
#2696 = ORIENTED_EDGE ( 'NONE', *, *, #3677, .T. ) ;
#2697 = DIRECTION ( 'NONE',  ( -0.7514118287111062333, 0.6598335120869741610, 8.080629985474675922E-17 ) ) ;
#2698 = CARTESIAN_POINT ( 'NONE',  ( -7.679999999999929550, 6.456832016198207214E-15, 6.496297480671751281E-16 ) ) ;
#2699 = CARTESIAN_POINT ( 'NONE',  ( -0.3385000000000409903, 3.580000000000000071, 0.000000000000000000 ) ) ;
#2700 = EDGE_CURVE ( 'NONE', #3332, #148, #3403, .T. ) ;
#2701 = VECTOR ( 'NONE', #3261, 1000.000000000000000 ) ;
#2702 = ORIENTED_EDGE ( 'NONE', *, *, #3091, .F. ) ;
#2703 = LINE ( 'NONE', #848, #3542 ) ;
#2704 = CARTESIAN_POINT ( 'NONE',  ( -9.090000000000001634, 3.833144481331215679E-16, -3.129999999999999893 ) ) ;
#2705 = EDGE_CURVE ( 'NONE', #2094, #3422, #1963, .T. ) ;
#2706 = EDGE_CURVE ( 'NONE', #2412, #1964, #3804, .T. ) ;
#2707 = ORIENTED_EDGE ( 'NONE', *, *, #1683, .F. ) ;
#2708 = CARTESIAN_POINT ( 'NONE',  ( -1.138500000000018497, 2.817999999999999616, 0.000000000000000000 ) ) ;
#2709 = DIRECTION ( 'NONE',  ( 1.000000000000000000, -2.093391161677579838E-15, 0.000000000000000000 ) ) ;
#2710 = CARTESIAN_POINT ( 'NONE',  ( -9.440000000000001279, 0.000000000000000000, 0.000000000000000000 ) ) ;
#2711 = ORIENTED_EDGE ( 'NONE', *, *, #4541, .T. ) ;
#2712 = ORIENTED_EDGE ( 'NONE', *, *, #832, .T. ) ;
#2713 = FACE_OUTER_BOUND ( 'NONE', #3981, .T. ) ;
#2714 = CARTESIAN_POINT ( 'NONE',  ( -1.618499999999999828, 3.580000000000000071, 0.000000000000000000 ) ) ;
#2715 = PERSON_AND_ORGANIZATION ( #2338, #3253 ) ;
#2716 = ORIENTED_EDGE ( 'NONE', *, *, #1304, .T. ) ;
#2717 = DIRECTION ( 'NONE',  ( 1.000000000000000000, -3.168959634848508524E-16, -1.000180237639160754E-15 ) ) ;
#2718 = DIRECTION ( 'NONE',  ( 0.000000000000000000, 0.000000000000000000, 1.000000000000000000 ) ) ;
#2719 = FACE_OUTER_BOUND ( 'NONE', #338, .T. ) ;
#2720 = DIRECTION ( 'NONE',  ( -1.000000000000000000, 0.000000000000000000, 0.000000000000000000 ) ) ;
#2721 = ORIENTED_EDGE ( 'NONE', *, *, #4233, .T. ) ;
#2722 = CARTESIAN_POINT ( 'NONE',  ( -0.1599999999999660028, 0.000000000000000000, 0.000000000000000000 ) ) ;
#2723 = EDGE_CURVE ( 'NONE', #3854, #1680, #393, .T. ) ;
#2724 = DIRECTION ( 'NONE',  ( 1.000000000000000000, 0.000000000000000000, 0.000000000000000000 ) ) ;
#2725 = FACE_OUTER_BOUND ( 'NONE', #1069, .T. ) ;
#2726 = ORIENTED_EDGE ( 'NONE', *, *, #1714, .T. ) ;
#2727 = DIRECTION ( 'NONE',  ( 0.000000000000000000, -1.000000000000000000, -1.054711873393898319E-15 ) ) ;
#2728 = ADVANCED_FACE ( 'NONE', ( #1134 ), #225, .F. ) ;
#2729 = CARTESIAN_POINT ( 'NONE',  ( -8.946257887526808616, -0.4451447055832206123, -0.008655093258216580918 ) ) ;
#2730 = EDGE_CURVE ( 'NONE', #688, #4609, #941, .T. ) ;
#2731 = DIRECTION ( 'NONE',  ( 0.000000000000000000, -1.000000000000000000, -1.054711873393898319E-15 ) ) ;
#2732 = ORIENTED_EDGE ( 'NONE', *, *, #1647, .F. ) ;
#2733 = VERTEX_POINT ( 'NONE', #49 ) ;
#2734 = CARTESIAN_POINT ( 'NONE',  ( -8.781212161291847451, 0.000000000000000000, 2.189999999999970193 ) ) ;
#2735 = VECTOR ( 'NONE', #2348, 1000.000000000000000 ) ;
#2736 = CARTESIAN_POINT ( 'NONE',  ( -8.899312703363925436, -0.009861272823863396694, -0.4198947132203116883 ) ) ;
#2737 = ORIENTED_EDGE ( 'NONE', *, *, #3005, .F. ) ;
#2738 = DIRECTION ( 'NONE',  ( 1.000000000000000000, 0.000000000000000000, 0.000000000000000000 ) ) ;
#2739 = ORIENTED_EDGE ( 'NONE', *, *, #2674, .F. ) ;
#2740 = CARTESIAN_POINT ( 'NONE',  ( -0.8185000000000376419, -4.341999999999999638, 9.331808609502830497E-17 ) ) ;
#2741 = CARTESIAN_POINT ( 'NONE',  ( -25.49277371326439834, -16.76757526291260092, -2.830000000000000071 ) ) ;
#2742 = CARTESIAN_POINT ( 'NONE',  ( -8.781212161291847451, 2.706221762817471649E-16, -2.189999999999970193 ) ) ;
#2743 = AXIS2_PLACEMENT_3D ( 'NONE', #2113, #3654, #4822 ) ;
#2744 = AXIS2_PLACEMENT_3D ( 'NONE', #1159, #2659, #1480 ) ;
#2745 = FACE_OUTER_BOUND ( 'NONE', #2253, .T. ) ;
#2746 = ORIENTED_EDGE ( 'NONE', *, *, #1971, .F. ) ;
#2747 = FACE_OUTER_BOUND ( 'NONE', #51, .T. ) ;
#2748 = AXIS2_PLACEMENT_3D ( 'NONE', #1764, #977, #1720 ) ;
#2749 = LINE ( 'NONE', #2801, #4332 ) ;
#2750 = CIRCLE ( 'NONE', #625, 2.455000000000000071 ) ;
#2751 = CARTESIAN_POINT ( 'NONE',  ( -0.4985000000000350262, -3.580000000000000071, 0.000000000000000000 ) ) ;
#2752 = AXIS2_PLACEMENT_3D ( 'NONE', #2283, #3796, #411 ) ;
#2753 = VECTOR ( 'NONE', #1310, 1000.000000000000000 ) ;
#2754 = EDGE_LOOP ( 'NONE', ( #1922, #3381, #3828, #2055, #1978 ) ) ;
#2755 = VERTEX_POINT ( 'NONE', #1865 ) ;
#2756 = CARTESIAN_POINT ( 'NONE',  ( -8.891432142092646984, 0.01006410857730689890, -0.4200789557418551645 ) ) ;
#2757 = CARTESIAN_POINT ( 'NONE',  ( -8.890000000000000568, 0.000000000000000000, 2.305000000000000160 ) ) ;
#2758 = VECTOR ( 'NONE', #2248, 1000.000000000000000 ) ;
#2759 = EDGE_CURVE ( 'NONE', #735, #894, #2458, .T. ) ;
#2760 = DIRECTION ( 'NONE',  ( 1.000000000000000000, -1.991972495380200041E-15, 0.000000000000000000 ) ) ;
#2761 = AXIS2_PLACEMENT_3D ( 'NONE', #2304, #798, #2000 ) ;
#2762 = VERTEX_POINT ( 'NONE', #3752 ) ;
#2763 = EDGE_LOOP ( 'NONE', ( #1705, #1412, #297, #1431 ) ) ;
#2764 = CARTESIAN_POINT ( 'NONE',  ( -8.390000000000000568, 0.000000000000000000, 3.129999999999999893 ) ) ;
#2765 = EDGE_CURVE ( 'NONE', #3737, #3010, #1577, .T. ) ;
#2766 = EDGE_CURVE ( 'NONE', #1436, #100, #4190, .T. ) ;
#2767 = CARTESIAN_POINT ( 'NONE',  ( 0.04199999999993095368, -0.08900000000000649059, -9.676856044585354148E-15 ) ) ;
#2768 = ORIENTED_EDGE ( 'NONE', *, *, #1323, .F. ) ;
#2769 = AXIS2_PLACEMENT_3D ( 'NONE', #978, #2877, #4380 ) ;
#2770 = ORIENTED_EDGE ( 'NONE', *, *, #294, .T. ) ;
#2771 = DIRECTION ( 'NONE',  ( 0.000000000000000000, 0.000000000000000000, 1.000000000000000000 ) ) ;
#2772 = CARTESIAN_POINT ( 'NONE',  ( -8.940000000000228653, -9.040548832602042669E-15, 4.944116576304884037E-14 ) ) ;
#2773 = LINE ( 'NONE', #4302, #1987 ) ;
#2774 = CIRCLE ( 'NONE', #2856, 0.4513331514533774347 ) ;
#2775 = CARTESIAN_POINT ( 'NONE',  ( -7.689999999999999503, 0.000000000000000000, 3.129999999999999893 ) ) ;
#2776 = ORIENTED_EDGE ( 'NONE', *, *, #774, .T. ) ;
#2777 = FACE_BOUND ( 'NONE', #509, .T. ) ;
#2778 = DIRECTION ( 'NONE',  ( 1.000000000000000000, -3.168959634848508524E-16, -1.000180237639160754E-15 ) ) ;
#2779 = DIRECTION ( 'NONE',  ( -1.000180237639160359E-15, 1.054711873393898516E-15, -1.000000000000000000 ) ) ;
#2780 = ORIENTED_EDGE ( 'NONE', *, *, #1740, .F. ) ;
#2781 = DIRECTION ( 'NONE',  ( 0.000000000000000000, 1.000000000000000000, 1.054711873393898516E-15 ) ) ;
#2782 = CONICAL_SURFACE ( 'NONE', #425, 0.8999999999999841460, 0.7853981633974249643 ) ;
#2783 = DIRECTION ( 'NONE',  ( -0.9396926207859540581, 4.188538737675452870E-17, -0.3420201433255429802 ) ) ;
#2784 = CIRCLE ( 'NONE', #4287, 0.4200190127578620758 ) ;
#2785 = CARTESIAN_POINT ( 'NONE',  ( -8.899739023004087812, -0.4198924285707903437, -0.009847119096715921394 ) ) ;
#2786 = ORIENTED_EDGE ( 'NONE', *, *, #1197, .F. ) ;
#2787 = ADVANCED_FACE ( 'NONE', ( #4870 ), #2046, .F. ) ;
#2788 = ORIENTED_EDGE ( 'NONE', *, *, #2906, .T. ) ;
#2789 = CARTESIAN_POINT ( 'NONE',  ( -0.06000000000004299117, 4.479999999999984439, -1.102182119232598313E-16 ) ) ;
#2790 = DIRECTION ( 'NONE',  ( 0.000000000000000000, 0.000000000000000000, 1.000000000000000000 ) ) ;
#2791 = ORIENTED_EDGE ( 'NONE', *, *, #4473, .T. ) ;
#2792 = ORIENTED_EDGE ( 'NONE', *, *, #113, .T. ) ;
#2793 = CARTESIAN_POINT ( 'NONE',  ( -0.1599999999999650313, 4.128089751931280027, 2.830000000000000071 ) ) ;
#2794 = EDGE_CURVE ( 'NONE', #4315, #43, #2749, .T. ) ;
#2795 = CARTESIAN_POINT ( 'NONE',  ( -7.679999999999930438, 0.7428277815978647780, -0.04123024671363698102 ) ) ;
#2796 = DIRECTION ( 'NONE',  ( 1.000000000000000000, 0.000000000000000000, 0.000000000000000000 ) ) ;
#2797 = FACE_OUTER_BOUND ( 'NONE', #1292, .T. ) ;
#2798 = CARTESIAN_POINT ( 'NONE',  ( -10.91999999999999993, -0.3450000000000039702, 0.5567764362830160962 ) ) ;
#2799 = ORIENTED_EDGE ( 'NONE', *, *, #2029, .T. ) ;
#2800 = DIRECTION ( 'NONE',  ( 0.000000000000000000, 1.000000000000000000, 0.000000000000000000 ) ) ;
#2801 = CARTESIAN_POINT ( 'NONE',  ( -1.458499999999998353, 2.817999999999999616, 0.000000000000000000 ) ) ;
#2802 = EDGE_CURVE ( 'NONE', #4249, #964, #3474, .T. ) ;
#2803 = DIRECTION ( 'NONE',  ( 0.000000000000000000, 0.000000000000000000, 1.000000000000000000 ) ) ;
#2804 = VERTEX_POINT ( 'NONE', #2390 ) ;
#2805 = CARTESIAN_POINT ( 'NONE',  ( -8.977106130260658290, 6.481756413727852622E-15, -5.622549751964386981E-16 ) ) ;
#2806 = DIRECTION ( 'NONE',  ( 1.000000000000000000, -3.168959634848508524E-16, -1.000180237639160754E-15 ) ) ;
#2807 = CARTESIAN_POINT ( 'NONE',  ( -10.91999999999999993, 0.000000000000000000, 0.000000000000000000 ) ) ;
#2808 = ORIENTED_EDGE ( 'NONE', *, *, #1794, .T. ) ;
#2809 = ORIENTED_EDGE ( 'NONE', *, *, #420, .T. ) ;
#2810 = DIRECTION ( 'NONE',  ( -3.168959634848519371E-16, -1.000000000000000000, -1.054711873393898122E-15 ) ) ;
#2811 = CARTESIAN_POINT ( 'NONE',  ( -0.8899999999999769207, -3.200000000000000178, 1.649999999999999911 ) ) ;
#2812 = EDGE_CURVE ( 'NONE', #1756, #3104, #2599, .T. ) ;
#2813 = VERTEX_POINT ( 'NONE', #3122 ) ;
#2814 = ORIENTED_EDGE ( 'NONE', *, *, #2015, .F. ) ;
#2815 = DIRECTION ( 'NONE',  ( 1.000000000000000000, -1.991972495380200041E-15, 0.000000000000000000 ) ) ;
#2816 = DIRECTION ( 'NONE',  ( 1.991972495380191363E-15, -1.000000000000000000, 0.000000000000000000 ) ) ;
#2817 = CARTESIAN_POINT ( 'NONE',  ( -1.709999999999999964, 0.000000000000000000, 0.000000000000000000 ) ) ;
#2818 = EDGE_CURVE ( 'NONE', #2903, #2466, #3307, .T. ) ;
#2819 = CONICAL_SURFACE ( 'NONE', #4237, 2.305000000000000160, 0.7853981633971250931 ) ;
#2820 = CARTESIAN_POINT ( 'NONE',  ( -1.298500000000018639, 2.958499999999999908, 0.000000000000000000 ) ) ;
#2821 = VERTEX_POINT ( 'NONE', #138 ) ;
#2822 = CARTESIAN_POINT ( 'NONE',  ( -0.008999999999976819945, 0.3449999999999999734, 3.129999999999999893 ) ) ;
#2823 = CARTESIAN_POINT ( 'NONE',  ( -8.972652827871797854, 0.007976746342971127030, -0.5547638080230471447 ) ) ;
#2824 = DIRECTION ( 'NONE',  ( 0.000000000000000000, -1.000000000000000000, -1.054711873393898319E-15 ) ) ;
#2825 = VECTOR ( 'NONE', #3847, 1000.000000000000227 ) ;
#2826 = EDGE_CURVE ( 'NONE', #1530, #573, #2415, .T. ) ;
#2827 = ADVANCED_FACE ( 'NONE', ( #1230 ), #3920, .T. ) ;
#2828 = AXIS2_PLACEMENT_3D ( 'NONE', #3280, #312, #4049 ) ;
#2829 = ORIENTED_EDGE ( 'NONE', *, *, #4832, .T. ) ;
#2830 = CARTESIAN_POINT ( 'NONE',  ( -0.4985000000000350262, 3.580000000000000071, 0.000000000000000000 ) ) ;
#2831 = AXIS2_PLACEMENT_3D ( 'NONE', #3549, #2778, #4285 ) ;
#2832 = AXIS2_PLACEMENT_3D ( 'NONE', #874, #2717, #4250 ) ;
#2833 = CARTESIAN_POINT ( 'NONE',  ( -8.970426365894919485, 6.479639623363320087E-15, -5.689359435071367182E-16 ) ) ;
#2834 = EDGE_LOOP ( 'NONE', ( #3959, #2732 ) ) ;
#2835 =( BOUNDED_CURVE ( )  B_SPLINE_CURVE ( 3, ( #3445, #2027, #1670, #64 ),
 .UNSPECIFIED., .F., .F. ) 
 B_SPLINE_CURVE_WITH_KNOTS ( ( 4, 4 ),
 ( 3.188399990043085275, 3.191695899193307984 ),
 .UNSPECIFIED. ) 
 CURVE ( )  GEOMETRIC_REPRESENTATION_ITEM ( )  RATIONAL_B_SPLINE_CURVE ( ( 1.000000000000000000, 0.9999990947487775728, 0.9999990947487775728, 1.000000000000000000 ) ) 
 REPRESENTATION_ITEM ( '' )  );
#2836 = AXIS2_PLACEMENT_3D ( 'NONE', #4471, #1549, #4137 ) ;
#2837 = CONICAL_SURFACE ( 'NONE', #1190, 2.174999999999930100, 0.3490658503987321137 ) ;
#2838 = EDGE_LOOP ( 'NONE', ( #3669, #3956, #3977, #2492, #1579 ) ) ;
#2839 = CARTESIAN_POINT ( 'NONE',  ( -5.245355339059349475, 0.000000000000000000, 0.000000000000000000 ) ) ;
#2840 = CONICAL_SURFACE ( 'NONE', #11, 0.6214999999999996083, 0.7205971725114790338 ) ;
#2841 = VERTEX_POINT ( 'NONE', #1282 ) ;
#2842 = ORIENTED_EDGE ( 'NONE', *, *, #483, .F. ) ;
#2843 = CARTESIAN_POINT ( 'NONE',  ( -8.977106130260658290, -0.007862296986425328094, 0.7280575807464860771 ) ) ;
#2844 = CARTESIAN_POINT ( 'NONE',  ( -8.899739023004091365, 0.4198924285708004467, 0.009847119096734005886 ) ) ;
#2845 = APPROVAL ( #2695, 'UNSPECIFIED' ) ;
#2846 = DIRECTION ( 'NONE',  ( -1.000000000000000000, 0.000000000000000000, 0.000000000000000000 ) ) ;
#2847 = CARTESIAN_POINT ( 'NONE',  ( -8.890000000000000568, 0.000000000000000000, 2.229595535139873963 ) ) ;
#2848 = ORIENTED_EDGE ( 'NONE', *, *, #4536, .T. ) ;
#2849 = CARTESIAN_POINT ( 'NONE',  ( -7.679999999999930438, 0.7428277815978647780, -0.04123024671363698102 ) ) ;
#2850 = PLANE ( 'NONE',  #2989 ) ;
#2851 = CARTESIAN_POINT ( 'NONE',  ( -0.8899999999999769207, 2.439999999999999947, 1.649999999999999911 ) ) ;
#2852 = AXIS2_PLACEMENT_3D ( 'NONE', #2065, #2436, #1649 ) ;
#2853 = EDGE_CURVE ( 'NONE', #2265, #2094, #474, .T. ) ;
#2854 = AXIS2_PLACEMENT_3D ( 'NONE', #1245, #1563, #2738 ) ;
#2855 = ORIENTED_EDGE ( 'NONE', *, *, #4429, .F. ) ;
#2856 = AXIS2_PLACEMENT_3D ( 'NONE', #4569, #826, #3912 ) ;
#2857 = ORIENTED_EDGE ( 'NONE', *, *, #1542, .F. ) ;
#2858 = CARTESIAN_POINT ( 'NONE',  ( -0.008999999999976740148, 3.200000000000000178, 0.8899999999999999023 ) ) ;
#2859 = EDGE_CURVE ( 'NONE', #3428, #3360, #1571, .T. ) ;
#2860 = CIRCLE ( 'NONE', #422, 0.6550000000000130163 ) ;
#2861 = EDGE_CURVE ( 'NONE', #3819, #440, #4791, .T. ) ;
#2862 = DIRECTION ( 'NONE',  ( 0.000000000000000000, 0.000000000000000000, 1.000000000000000000 ) ) ;
#2863 = CONICAL_SURFACE ( 'NONE', #3973, 0.6214999999999996083, 0.7205971725114790338 ) ;
#2864 = ORIENTED_EDGE ( 'NONE', *, *, #4151, .F. ) ;
#2865 = VERTEX_POINT ( 'NONE', #3522 ) ;
#2866 = AXIS2_PLACEMENT_3D ( 'NONE', #4054, #4757, #4390 ) ;
#2867 = CARTESIAN_POINT ( 'NONE',  ( -9.090000000000001634, 0.000000000000000000, 0.000000000000000000 ) ) ;
#2868 = EDGE_LOOP ( 'NONE', ( #1101, #244, #1488, #2716 ) ) ;
#2869 = ORIENTED_EDGE ( 'NONE', *, *, #1444, .F. ) ;
#2870 = FACE_OUTER_BOUND ( 'NONE', #2478, .T. ) ;
#2871 = DIRECTION ( 'NONE',  ( -0.6585046078685301563, 0.000000000000000000, 0.7525766947068672774 ) ) ;
#2872 = B_SPLINE_CURVE_WITH_KNOTS ( 'NONE', 3,
 ( #1703, #2729, #96, #3848 ),
 .UNSPECIFIED., .F., .F.,
 ( 4, 4 ),
 ( 2.759959682289050109E-07, 5.030102144821391045E-05 ),
 .UNSPECIFIED. ) ;
#2873 = CARTESIAN_POINT ( 'NONE',  ( -0.06000000000003920947, 2.680000000000015703, 0.000000000000000000 ) ) ;
#2874 = FACE_OUTER_BOUND ( 'NONE', #1117, .T. ) ;
#2875 = VERTEX_POINT ( 'NONE', #560 ) ;
#2876 = DIRECTION ( 'NONE',  ( -0.7514118287111348771, -0.6598335120869416315, -8.080629985474275328E-17 ) ) ;
#2877 = DIRECTION ( 'NONE',  ( 1.000000000000000000, -3.168959634848508524E-16, -1.000180237639160754E-15 ) ) ;
#2878 = ORIENTED_EDGE ( 'NONE', *, *, #1295, .F. ) ;
#2879 = EDGE_CURVE ( 'NONE', #1109, #550, #4018, .T. ) ;
#2880 = ORIENTED_EDGE ( 'NONE', *, *, #4279, .F. ) ;
#2881 = DIRECTION ( 'NONE',  ( 1.991972495380191363E-15, 1.000000000000000000, 0.000000000000000000 ) ) ;
#2882 = CARTESIAN_POINT ( 'NONE',  ( -6.639999999999999680, 3.560456460721061291E-16, 2.729999999999999982 ) ) ;
#2883 = DIRECTION ( 'NONE',  ( 1.000000000000000000, -2.162693482493780038E-15, 0.000000000000000000 ) ) ;
#2884 = EDGE_CURVE ( 'NONE', #1436, #4734, #858, .T. ) ;
#2885 = ORIENTED_EDGE ( 'NONE', *, *, #1143, .F. ) ;
#2886 = ADVANCED_FACE ( 'NONE', ( #3180 ), #1732, .T. ) ;
#2887 = CARTESIAN_POINT ( 'NONE',  ( -1.458499999999999908, 3.580000000000000071, 0.000000000000000000 ) ) ;
#2888 = DIRECTION ( 'NONE',  ( -1.000000000000000000, 0.000000000000000000, 0.000000000000000000 ) ) ;
#2889 = DIRECTION ( 'NONE',  ( -2.093391161677564061E-15, 1.000000000000000000, 0.000000000000000000 ) ) ;
#2890 = EDGE_CURVE ( 'NONE', #2572, #3272, #1100, .T. ) ;
#2891 = EDGE_LOOP ( 'NONE', ( #1500, #1344, #3483, #593 ) ) ;
#2892 = EDGE_CURVE ( 'NONE', #281, #265, #2154, .T. ) ;
#2893 = LINE ( 'NONE', #4323, #3950 ) ;
#2894 = DIRECTION ( 'NONE',  ( -0.6585046078685409254, 9.216406402856482906E-17, -0.7525766947068578405 ) ) ;
#2895 = DIRECTION ( 'NONE',  ( 1.000000000000000000, -3.168959634848508524E-16, -1.000180237639160754E-15 ) ) ;
#2896 = FACE_OUTER_BOUND ( 'NONE', #939, .T. ) ;
#2897 = EDGE_LOOP ( 'NONE', ( #3400, #1252, #837, #2652 ) ) ;
#2898 = LINE ( 'NONE', #3294, #2753 ) ;
#2899 = DIRECTION ( 'NONE',  ( 1.000000000000000000, -2.162693482493780038E-15, 0.000000000000000000 ) ) ;
#2900 = CARTESIAN_POINT ( 'NONE',  ( -6.989999999999999325, 0.000000000000000000, 0.000000000000000000 ) ) ;
#2901 = CIRCLE ( 'NONE', #3377, 1.750000000000000222 ) ;
#2902 = VERTEX_POINT ( 'NONE', #2704 ) ;
#2903 = VERTEX_POINT ( 'NONE', #4309 ) ;
#2904 = DIRECTION ( 'NONE',  ( 1.000000000000000000, -0.000000000000000000, -0.000000000000000000 ) ) ;
#2905 = AXIS2_PLACEMENT_3D ( 'NONE', #1076, #3004, #4821 ) ;
#2906 = EDGE_CURVE ( 'NONE', #2926, #1840, #4209, .T. ) ;
#2907 = CIRCLE ( 'NONE', #2670, 32.83866989281899862 ) ;
#2908 = CARTESIAN_POINT ( 'NONE',  ( -8.972652827871797854, -0.5547638080230496982, -0.007976746342955701868 ) ) ;
#2909 = EDGE_LOOP ( 'NONE', ( #3834, #3514, #4102, #2062 ) ) ;
#2910 = DIRECTION ( 'NONE',  ( -1.000000000000000000, 0.000000000000000000, 0.000000000000000000 ) ) ;
#2911 = VECTOR ( 'NONE', #4118, 1000.000000000000000 ) ;
#2912 = CARTESIAN_POINT ( 'NONE',  ( -10.16000000000000014, 3.275930187719169848E-16, 2.674999999999999822 ) ) ;
#2913 = VECTOR ( 'NONE', #259, 1000.000000000000000 ) ;
#2914 = EDGE_CURVE ( 'NONE', #4234, #4611, #457, .T. ) ;
#2915 = VECTOR ( 'NONE', #1176, 1000.000000000000000 ) ;
#2916 = ORIENTED_EDGE ( 'NONE', *, *, #2723, .F. ) ;
#2917 = AXIS2_PLACEMENT_3D ( 'NONE', #1581, #4579, #1214 ) ;
#2918 = VERTEX_POINT ( 'NONE', #118 ) ;
#2919 = CARTESIAN_POINT ( 'NONE',  ( -0.05999999999997670391, 1.576071064387640108, 0.8899999999999999023 ) ) ;
#2920 = AXIS2_PLACEMENT_3D ( 'NONE', #922, #2846, #1306 ) ;
#2921 = ADVANCED_FACE ( 'NONE', ( #4359 ), #2108, .F. ) ;
#2922 = ADVANCED_FACE ( 'NONE', ( #2928 ), #2850, .F. ) ;
#2923 = DIRECTION ( 'NONE',  ( -1.000000000000000000, 0.000000000000000000, 0.000000000000000000 ) ) ;
#2924 = DIRECTION ( 'NONE',  ( -1.000000000000000000, -2.093391161677579838E-15, 0.000000000000000000 ) ) ;
#2925 = AXIS2_PLACEMENT_3D ( 'NONE', #1171, #4563, #3420 ) ;
#2926 = VERTEX_POINT ( 'NONE', #3275 ) ;
#2927 = DIRECTION ( 'NONE',  ( 1.000000000000000000, -1.991972495380200041E-15, 0.000000000000000000 ) ) ;
#2928 = FACE_OUTER_BOUND ( 'NONE', #3156, .T. ) ;
#2929 = CARTESIAN_POINT ( 'NONE',  ( -0.1599999999999660028, 0.000000000000000000, 0.000000000000000000 ) ) ;
#2930 = CONICAL_SURFACE ( 'NONE', #1118, 2.174999999999930100, 0.3490658503987321137 ) ;
#2931 = ORIENTED_EDGE ( 'NONE', *, *, #1331, .T. ) ;
#2932 = ORIENTED_EDGE ( 'NONE', *, *, #28, .F. ) ;
#2933 = CARTESIAN_POINT ( 'NONE',  ( -5.029289321881379671, 0.000000000000000000, -2.675000000000001599 ) ) ;
#2934 = DIRECTION ( 'NONE',  ( -1.000000000000000000, 0.000000000000000000, 0.000000000000000000 ) ) ;
#2935 = VERTEX_POINT ( 'NONE', #4720 ) ;
#2936 = CIRCLE ( 'NONE', #4197, 2.140000000000110258 ) ;
#2937 = CARTESIAN_POINT ( 'NONE',  ( -8.970426365894919485, 0.008033966158368285523, -0.4681169167957601740 ) ) ;
#2938 = DIRECTION ( 'NONE',  ( 1.000000000000000000, 0.000000000000000000, 0.000000000000000000 ) ) ;
#2939 = ORIENTED_EDGE ( 'NONE', *, *, #2233, .T. ) ;
#2940 = EDGE_CURVE ( 'NONE', #3873, #2214, #313, .T. ) ;
#2941 = ORIENTED_EDGE ( 'NONE', *, *, #3735, .T. ) ;
#2942 = CARTESIAN_POINT ( 'NONE',  ( -8.489053083937013966, 0.02041592648599052651, -0.7338585963536113921 ) ) ;
#2943 = CYLINDRICAL_SURFACE ( 'NONE', #16, 0.6550000000000130163 ) ;
#2944 = CARTESIAN_POINT ( 'NONE',  ( -0.9785000000000290132, 3.580000000000000071, 0.000000000000000000 ) ) ;
#2945 = EDGE_CURVE ( 'NONE', #4056, #2086, #2983, .T. ) ;
#2946 = ORIENTED_EDGE ( 'NONE', *, *, #3427, .F. ) ;
#2947 = DIRECTION ( 'NONE',  ( 0.000000000000000000, 1.000000000000000000, 1.054711873393898319E-15 ) ) ;
#2948 = DIRECTION ( 'NONE',  ( -1.000000000000000000, -2.134256245050209793E-15, 0.000000000000000000 ) ) ;
#2949 = DIRECTION ( 'NONE',  ( 0.000000000000000000, 1.711898167082375464E-15, -1.000000000000000000 ) ) ;
#2950 = ORIENTED_EDGE ( 'NONE', *, *, #1236, .F. ) ;
#2951 = ORIENTED_EDGE ( 'NONE', *, *, #3432, .F. ) ;
#2952 = DIRECTION ( 'NONE',  ( 0.000000000000000000, 0.000000000000000000, 1.000000000000000000 ) ) ;
#2953 = DIRECTION ( 'NONE',  ( -1.000000000000000000, -2.093391161677579838E-15, 0.000000000000000000 ) ) ;
#2954 = DIRECTION ( 'NONE',  ( -1.000000000000000000, 3.168959634848508524E-16, 1.000180237639160754E-15 ) ) ;
#2955 = ORIENTED_EDGE ( 'NONE', *, *, #1661, .T. ) ;
#2956 = ORIENTED_EDGE ( 'NONE', *, *, #3583, .T. ) ;
#2957 = CARTESIAN_POINT ( 'NONE',  ( -9.440000000000001279, 0.000000000000000000, -2.729999999999999982 ) ) ;
#2958 = LINE ( 'NONE', #2984, #2060 ) ;
#2959 = CARTESIAN_POINT ( 'NONE',  ( -5.245355339059349475, 0.000000000000000000, 0.000000000000000000 ) ) ;
#2960 = ORIENTED_EDGE ( 'NONE', *, *, #1471, .T. ) ;
#2961 = ORIENTED_EDGE ( 'NONE', *, *, #2044, .F. ) ;
#2962 = CARTESIAN_POINT ( 'NONE',  ( -7.689999999999999503, 3.833144481331215679E-16, -3.129999999999999893 ) ) ;
#2963 = ADVANCED_FACE ( 'NONE', ( #4399 ), #1498, .T. ) ;
#2964 = DIRECTION ( 'NONE',  ( -0.7514118287111084538, -0.6598335120869716075, 0.000000000000000000 ) ) ;
#2965 = CYLINDRICAL_SURFACE ( 'NONE', #215, 2.174999999999939870 ) ;
#2966 = ORIENTED_EDGE ( 'NONE', *, *, #1008, .T. ) ;
#2967 = CARTESIAN_POINT ( 'NONE',  ( -10.91999999999999993, 3.275930187719169848E-16, -2.674999999999999822 ) ) ;
#2968 = LINE ( 'NONE', #3347, #3708 ) ;
#2969 = CARTESIAN_POINT ( 'NONE',  ( -7.679999999999929550, 4.370156041449646978, -0.04123024671363194338 ) ) ;
#2970 = CONICAL_SURFACE ( 'NONE', #373, 2.729999999999999982, 0.8519663271732857979 ) ;
#2971 = ADVANCED_FACE ( 'NONE', ( #3600, #1404 ), #2161, .T. ) ;
#2972 = ORIENTED_EDGE ( 'NONE', *, *, #4837, .T. ) ;
#2973 = ORIENTED_EDGE ( 'NONE', *, *, #2102, .F. ) ;
#2974 = CARTESIAN_POINT ( 'NONE',  ( -0.1739999999999769786, -2.130885430516110371E-17, 0.8899999999999999023 ) ) ;
#2975 = CARTESIAN_POINT ( 'NONE',  ( -1.298500000000019972, -3.580000000000000071, 0.000000000000000000 ) ) ;
#2976 = ADVANCED_FACE ( 'NONE', ( #4062 ), #4634, .T. ) ;
#2977 = EDGE_CURVE ( 'NONE', #2453, #3909, #1887, .T. ) ;
#2978 = CARTESIAN_POINT ( 'NONE',  ( -0.008999999999976740148, -1.576071064387640108, 0.8899999999999999023 ) ) ;
#2979 = ORIENTED_EDGE ( 'NONE', *, *, #2385, .F. ) ;
#2980 = CONICAL_SURFACE ( 'NONE', #2273, 0.6214999999999996083, 0.7205971725114797000 ) ;
#2981 = EDGE_LOOP ( 'NONE', ( #1110, #1666, #2809, #3896, #3888, #2696, #1131, #521, #3195 ) ) ;
#2982 = FACE_OUTER_BOUND ( 'NONE', #3719, .T. ) ;
#2983 = B_SPLINE_CURVE_WITH_KNOTS ( 'NONE', 3,
 ( #1428, #3249, #4746, #4044 ),
 .UNSPECIFIED., .F., .F.,
 ( 4, 4 ),
 ( 2.759959682289050109E-07, 5.030102144821391045E-05 ),
 .UNSPECIFIED. ) ;
#2984 = CARTESIAN_POINT ( 'NONE',  ( -10.91999999999999993, 0.000000000000000000, 2.674999999999999822 ) ) ;
#2985 = AXIS2_PLACEMENT_3D ( 'NONE', #143, #4654, #4406 ) ;
#2986 = AXIS2_PLACEMENT_3D ( 'NONE', #390, #3352, #1531 ) ;
#2987 = CARTESIAN_POINT ( 'NONE',  ( -1.610000000000000098, -4.128089751931280027, -2.830000000000000071 ) ) ;
#2988 = ORIENTED_EDGE ( 'NONE', *, *, #2853, .F. ) ;
#2989 = AXIS2_PLACEMENT_3D ( 'NONE', #4379, #678, #632 ) ;
#2990 = AXIS2_PLACEMENT_3D ( 'NONE', #436, #3897, #1207 ) ;
#2991 = ORIENTED_EDGE ( 'NONE', *, *, #774, .F. ) ;
#2992 = LINE ( 'NONE', #4494, #459 ) ;
#2993 = AXIS2_PLACEMENT_3D ( 'NONE', #1070, #4157, #3689 ) ;
#2994 = CARTESIAN_POINT ( 'NONE',  ( -8.040000000000000924, 0.000000000000000000, 0.000000000000000000 ) ) ;
#2995 = EDGE_LOOP ( 'NONE', ( #136, #957, #2546, #2483, #2647, #3841, #3256 ) ) ;
#2996 = CARTESIAN_POINT ( 'NONE',  ( -7.679999999999929550, 0.4494459704215301721, -0.04123024671363610671 ) ) ;
#2997 = AXIS2_PLACEMENT_3D ( 'NONE', #4223, #1954, #4251 ) ;
#2998 = DIRECTION ( 'NONE',  ( -2.093391161677564061E-15, 1.000000000000000000, 0.000000000000000000 ) ) ;
#2999 = CIRCLE ( 'NONE', #3790, 2.174999999999939870 ) ;
#3000 = CARTESIAN_POINT ( 'NONE',  ( -1.298500000000018639, -2.958499999999999908, 7.611179856700799969E-17 ) ) ;
#3001 = CONICAL_SURFACE ( 'NONE', #4183, 3.129999999999999893, 0.8519663271732759169 ) ;
#3002 = EDGE_LOOP ( 'NONE', ( #4144, #2364, #1519, #2497 ) ) ;
#3003 = ORIENTED_EDGE ( 'NONE', *, *, #2194, .T. ) ;
#3004 = DIRECTION ( 'NONE',  ( -1.000000000000000000, 0.000000000000000000, 0.000000000000000000 ) ) ;
#3005 = EDGE_CURVE ( 'NONE', #4867, #1530, #4403, .T. ) ;
#3006 = DIRECTION ( 'NONE',  ( 0.000000000000000000, 1.000000000000000000, 1.054711873393898319E-15 ) ) ;
#3007 = CIRCLE ( 'NONE', #3240, 0.3449999999999999734 ) ;
#3008 = DIRECTION ( 'NONE',  ( -0.6585046078685301563, 9.216406402856598770E-17, -0.7525766947068672774 ) ) ;
#3009 = AXIS2_PLACEMENT_3D ( 'NONE', #1084, #4099, #4310 ) ;
#3010 = VERTEX_POINT ( 'NONE', #3223 ) ;
#3011 = ORIENTED_EDGE ( 'NONE', *, *, #4541, .F. ) ;
#3012 = EDGE_CURVE ( 'NONE', #3674, #1528, #4745, .T. ) ;
#3013 = DIRECTION ( 'NONE',  ( 0.000000000000000000, 0.000000000000000000, 1.000000000000000000 ) ) ;
#3014 = CARTESIAN_POINT ( 'NONE',  ( -8.887920983205798819, 4.370156041449646978, -0.01015434495474970208 ) ) ;
#3015 = CIRCLE ( 'NONE', #2543, 0.7018484375000060282 ) ;
#3016 = AXIS2_PLACEMENT_3D ( 'NONE', #2507, #4016, #261 ) ;
#3017 = DIRECTION ( 'NONE',  ( 0.000000000000000000, 0.000000000000000000, -1.000000000000000000 ) ) ;
#3018 = EDGE_LOOP ( 'NONE', ( #3379, #2956, #4174, #1386 ) ) ;
#3019 = VERTEX_POINT ( 'NONE', #1784 ) ;
#3020 = CARTESIAN_POINT ( 'NONE',  ( -8.947399443907880112, 0.008625755391218188628, -0.7284128417255361088 ) ) ;
#3021 = AXIS2_PLACEMENT_3D ( 'NONE', #2189, #2954, #3281 ) ;
#3022 = DIRECTION ( 'NONE',  ( 0.000000000000000000, 0.000000000000000000, 1.000000000000000000 ) ) ;
#3023 = CARTESIAN_POINT ( 'NONE',  ( -0.008999999999976740148, -2.439999999999999947, 0.8899999999999999023 ) ) ;
#3024 = VERTEX_POINT ( 'NONE', #3295 ) ;
#3025 = CIRCLE ( 'NONE', #4826, 0.4200025088314099375 ) ;
#3026 = CARTESIAN_POINT ( 'NONE',  ( -0.05999999999997670391, -1.779999999999999805, 0.000000000000000000 ) ) ;
#3027 = CARTESIAN_POINT ( 'NONE',  ( -8.934174368666218058, -0.008965638295921420781, 0.4336578416742450370 ) ) ;
#3028 = DIRECTION ( 'NONE',  ( 0.000000000000000000, 0.000000000000000000, 1.000000000000000000 ) ) ;
#3029 = AXIS2_PLACEMENT_3D ( 'NONE', #3903, #890, #568 ) ;
#3030 = ORIENTED_EDGE ( 'NONE', *, *, #3760, .T. ) ;
#3031 = ORIENTED_EDGE ( 'NONE', *, *, #1264, .T. ) ;
#3032 = DIRECTION ( 'NONE',  ( 1.000000000000000000, -3.168959634848508524E-16, -1.000180237639160754E-15 ) ) ;
#3033 = LINE ( 'NONE', #4550, #1805 ) ;
#3034 = ADVANCED_FACE ( 'NONE', ( #585 ), #153, .F. ) ;
#3035 = ORIENTED_EDGE ( 'NONE', *, *, #2585, .T. ) ;
#3036 = LINE ( 'NONE', #3810, #4796 ) ;
#3037 = EDGE_CURVE ( 'NONE', #2086, #3374, #1164, .T. ) ;
#3038 = EDGE_CURVE ( 'NONE', #1680, #1863, #191, .T. ) ;
#3039 = DIRECTION ( 'NONE',  ( 0.000000000000000000, 0.000000000000000000, 1.000000000000000000 ) ) ;
#3040 = ORIENTED_EDGE ( 'NONE', *, *, #4518, .T. ) ;
#3041 = EDGE_LOOP ( 'NONE', ( #1814, #3455, #1950, #4193 ) ) ;
#3042 = CARTESIAN_POINT ( 'NONE',  ( -8.917671042595518571, 0.009389771867948471656, -0.7287671736999814520 ) ) ;
#3043 = EDGE_CURVE ( 'NONE', #1735, #2610, #1189, .T. ) ;
#3044 = ADVANCED_FACE ( 'NONE', ( #4333 ), #3968, .F. ) ;
#3045 = DIRECTION ( 'NONE',  ( -1.000000000000000000, 0.000000000000000000, 0.000000000000000000 ) ) ;
#3046 = CALENDAR_DATE ( 2024, 10, 5 ) ;
#3047 = EDGE_LOOP ( 'NONE', ( #1511, #1585, #1139, #1180 ) ) ;
#3048 = DIRECTION ( 'NONE',  ( 1.000000000000000000, -0.000000000000000000, -0.000000000000000000 ) ) ;
#3049 = CARTESIAN_POINT ( 'NONE',  ( -10.86999999999999922, 0.000000000000000000, 0.000000000000000000 ) ) ;
#3050 = LINE ( 'NONE', #2969, #567 ) ;
#3051 = EDGE_LOOP ( 'NONE', ( #249, #4732, #4321, #3531 ) ) ;
#3052 = CARTESIAN_POINT ( 'NONE',  ( -9.440000000000001279, 0.000000000000000000, 0.000000000000000000 ) ) ;
#3053 = DIRECTION ( 'NONE',  ( -1.000000000000000000, 0.000000000000000000, 0.000000000000000000 ) ) ;
#3054 = AXIS2_PLACEMENT_3D ( 'NONE', #1092, #3765, #1834 ) ;
#3055 = EDGE_LOOP ( 'NONE', ( #4749, #2848, #2635, #352 ) ) ;
#3056 = DIRECTION ( 'NONE',  ( -1.000000000000000000, 0.000000000000000000, 0.000000000000000000 ) ) ;
#3057 = CIRCLE ( 'NONE', #1489, 2.674999999999999822 ) ;
#3058 = CARTESIAN_POINT ( 'NONE',  ( -0.06000000000004109685, 3.580000000000000071, 0.000000000000000000 ) ) ;
#3059 = ORIENTED_EDGE ( 'NONE', *, *, #1289, .F. ) ;
#3060 = B_SPLINE_CURVE_WITH_KNOTS ( 'NONE', 3,
 ( #3363, #2574, #2257, #1879 ),
 .UNSPECIFIED., .F., .F.,
 ( 4, 4 ),
 ( 2.001289382749420160E-07, 1.074039647992110105E-05 ),
 .UNSPECIFIED. ) ;
#3061 = EDGE_CURVE ( 'NONE', #1032, #2568, #2632, .T. ) ;
#3062 = VERTEX_POINT ( 'NONE', #3027 ) ;
#3063 = CARTESIAN_POINT ( 'NONE',  ( -7.679999999999929550, 4.370156041449646978, 0.04123024671364922122 ) ) ;
#3064 = DIRECTION ( 'NONE',  ( 1.000000000000000000, 0.000000000000000000, 0.000000000000000000 ) ) ;
#3065 = COORDINATED_UNIVERSAL_TIME_OFFSET ( 8, 0, .AHEAD. ) ;
#3066 = ORIENTED_EDGE ( 'NONE', *, *, #3188, .T. ) ;
#3067 = CARTESIAN_POINT ( 'NONE',  ( -8.970426365894919485, -0.008033966158355377446, 0.4681169167957780486 ) ) ;
#3068 = EDGE_CURVE ( 'NONE', #3422, #871, #1644, .T. ) ;
#3069 = FACE_OUTER_BOUND ( 'NONE', #1417, .T. ) ;
#3070 = EDGE_CURVE ( 'NONE', #309, #3904, #398, .T. ) ;
#3071 = DIRECTION ( 'NONE',  ( 0.7514118287111029026, -0.6598335120869779358, 8.080629985474719063E-17 ) ) ;
#3072 = AXIS2_PLACEMENT_3D ( 'NONE', #927, #2063, #282 ) ;
#3073 = ORIENTED_EDGE ( 'NONE', *, *, #1358, .T. ) ;
#3074 = AXIS2_PLACEMENT_3D ( 'NONE', #2407, #452, #1953 ) ;
#3075 = FACE_OUTER_BOUND ( 'NONE', #3313, .T. ) ;
#3076 = CARTESIAN_POINT ( 'NONE',  ( -8.934174368666218058, -0.4336578673793606842, 0.008964394881407921137 ) ) ;
#3077 = AXIS2_PLACEMENT_3D ( 'NONE', #3466, #4639, #876 ) ;
#3078 = ORIENTED_EDGE ( 'NONE', *, *, #3432, .T. ) ;
#3079 = DIRECTION ( 'NONE',  ( 0.000000000000000000, 0.000000000000000000, 1.000000000000000000 ) ) ;
#3080 = AXIS2_PLACEMENT_3D ( 'NONE', #2601, #3716, #3318 ) ;
#3081 = CARTESIAN_POINT ( 'NONE',  ( -9.780000000000070415, -8.774356223274818732E-15, 5.028131716266557763E-14 ) ) ;
#3082 = VECTOR ( 'NONE', #3587, 1000.000000000000227 ) ;
#3083 = DIRECTION ( 'NONE',  ( 0.000000000000000000, -1.000000000000000000, -1.054711873393898319E-15 ) ) ;
#3084 = CC_DESIGN_DATE_AND_TIME_ASSIGNMENT ( #3886, #1977, ( #4824 ) ) ;
#3085 = ORIENTED_EDGE ( 'NONE', *, *, #785, .T. ) ;
#3086 = AXIS2_PLACEMENT_3D ( 'NONE', #1677, #3871, #910 ) ;
#3087 = ORIENTED_EDGE ( 'NONE', *, *, #867, .T. ) ;
#3088 = CARTESIAN_POINT ( 'NONE',  ( -1.138500000000018497, -2.818000000000000504, 9.331808609502816938E-17 ) ) ;
#3089 = CARTESIAN_POINT ( 'NONE',  ( -1.709999999999999964, 3.275930187719169848E-16, -2.674999999999999822 ) ) ;
#3090 = VECTOR ( 'NONE', #3071, 1000.000000000000114 ) ;
#3091 = EDGE_CURVE ( 'NONE', #3992, #4504, #1427, .T. ) ;
#3092 = ORIENTED_EDGE ( 'NONE', *, *, #4214, .F. ) ;
#3093 = LINE ( 'NONE', #3465, #160 ) ;
#3094 = DIRECTION ( 'NONE',  ( 0.000000000000000000, 0.000000000000000000, 1.000000000000000000 ) ) ;
#3095 = CARTESIAN_POINT ( 'NONE',  ( -0.008999999999976819945, 0.3449999999999999734, 3.129999999999999893 ) ) ;
#3096 = ADVANCED_FACE ( 'NONE', ( #2209 ), #4178, .F. ) ;
#3097 = DIRECTION ( 'NONE',  ( 1.000000000000000000, -3.168959634848508524E-16, -1.000180237639160754E-15 ) ) ;
#3098 = ORIENTED_EDGE ( 'NONE', *, *, #3043, .F. ) ;
#3099 = LINE ( 'NONE', #1936, #74 ) ;
#3100 = CARTESIAN_POINT ( 'NONE',  ( -8.946257887015299559, -0.4451447359456907060, 0.008653525019605319557 ) ) ;
#3101 = LINE ( 'NONE', #4599, #1036 ) ;
#3102 = CIRCLE ( 'NONE', #4516, 0.6215000000000000524 ) ;
#3103 = ADVANCED_FACE ( 'NONE', ( #1495 ), #1452, .F. ) ;
#3104 = VERTEX_POINT ( 'NONE', #4159 ) ;
#3105 = DIRECTION ( 'NONE',  ( 0.000000000000000000, 2.235468396877329909E-16, -1.000000000000000000 ) ) ;
#3106 = FACE_OUTER_BOUND ( 'NONE', #1167, .T. ) ;
#3107 = DIRECTION ( 'NONE',  ( 1.000000000000000000, -0.000000000000000000, -0.000000000000000000 ) ) ;
#3108 = VERTEX_POINT ( 'NONE', #2262 ) ;
#3109 = VECTOR ( 'NONE', #407, 1000.000000000000000 ) ;
#3110 = ORIENTED_EDGE ( 'NONE', *, *, #254, .T. ) ;
#3111 = DIRECTION ( 'NONE',  ( 0.000000000000000000, 0.000000000000000000, 1.000000000000000000 ) ) ;
#3112 = DIRECTION ( 'NONE',  ( 0.000000000000000000, 0.000000000000000000, -1.000000000000000000 ) ) ;
#3113 = ORIENTED_EDGE ( 'NONE', *, *, #527, .F. ) ;
#3114 = VERTEX_POINT ( 'NONE', #3746 ) ;
#3115 = LINE ( 'NONE', #44, #2286 ) ;
#3116 = CYLINDRICAL_SURFACE ( 'NONE', #1742, 2.674999999999999822 ) ;
#3117 = DIRECTION ( 'NONE',  ( -1.000000000000000000, 3.285461128743950066E-16, 0.000000000000000000 ) ) ;
#3118 = EDGE_CURVE ( 'NONE', #4693, #3992, #2968, .T. ) ;
#3119 = DIRECTION ( 'NONE',  ( -1.000000000000000000, 0.000000000000000000, 0.000000000000000000 ) ) ;
#3120 = ORIENTED_EDGE ( 'NONE', *, *, #1597, .T. ) ;
#3121 = DIRECTION ( 'NONE',  ( 1.000000000000000000, -2.093391161677579838E-15, 0.000000000000000000 ) ) ;
#3122 = CARTESIAN_POINT ( 'NONE',  ( -8.887920983205800596, -0.7291205759919766605, -0.01015434495474718153 ) ) ;
#3123 = LINE ( 'NONE', #1255, #3728 ) ;
#3124 = ADVANCED_FACE ( 'NONE', ( #383 ), #1891, .T. ) ;
#3125 = ORIENTED_EDGE ( 'NONE', *, *, #4618, .F. ) ;
#3126 = DIRECTION ( 'NONE',  ( -1.000000000000000000, 0.000000000000000000, 0.000000000000000000 ) ) ;
#3127 = DIRECTION ( 'NONE',  ( -1.000000000000000000, 0.000000000000000000, 0.000000000000000000 ) ) ;
#3128 = ADVANCED_FACE ( 'NONE', ( #1860 ), #630, .T. ) ;
#3129 = ADVANCED_FACE ( 'NONE', ( #4527 ), #4641, .F. ) ;
#3130 = CIRCLE ( 'NONE', #3772, 2.174999999999939870 ) ;
#3131 = CARTESIAN_POINT ( 'NONE',  ( -1.618499999999998717, 2.958499999999999908, 0.000000000000000000 ) ) ;
#3132 = ORIENTED_EDGE ( 'NONE', *, *, #1422, .T. ) ;
#3133 = AXIS2_PLACEMENT_3D ( 'NONE', #1855, #379, #2575 ) ;
#3134 = ORIENTED_EDGE ( 'NONE', *, *, #2411, .F. ) ;
#3135 = DIRECTION ( 'NONE',  ( 1.000000000000000000, -3.168959634848508524E-16, -1.000180237639160754E-15 ) ) ;
#3136 = CIRCLE ( 'NONE', #1642, 0.6215000000000000524 ) ;
#3137 = CARTESIAN_POINT ( 'NONE',  ( -1.138500000000018497, -2.817999999999999616, 0.000000000000000000 ) ) ;
#3138 = VERTEX_POINT ( 'NONE', #2578 ) ;
#3139 = DATE_AND_TIME ( #1637, #2318 ) ;
#3140 = ORIENTED_EDGE ( 'NONE', *, *, #623, .F. ) ;
#3141 = CONICAL_SURFACE ( 'NONE', #4243, 2.305000000000000160, 0.7853981633971250931 ) ;
#3142 = CARTESIAN_POINT ( 'NONE',  ( -7.689999999999999503, 0.000000000000000000, 0.000000000000000000 ) ) ;
#3143 = DIRECTION ( 'NONE',  ( 0.000000000000000000, 0.000000000000000000, 1.000000000000000000 ) ) ;
#3144 = PLANE ( 'NONE',  #2228 ) ;
#3145 = CONICAL_SURFACE ( 'NONE', #787, 0.7281000319985680980, 1.545102098288249959 ) ;
#3146 = AXIS2_PLACEMENT_3D ( 'NONE', #2316, #2034, #4208 ) ;
#3147 = CARTESIAN_POINT ( 'NONE',  ( -10.76999999999999957, 0.000000000000000000, 0.000000000000000000 ) ) ;
#3148 = LINE ( 'NONE', #3521, #1184 ) ;
#3149 = AXIS2_PLACEMENT_3D ( 'NONE', #1052, #2899, #1023 ) ;
#3150 = DIRECTION ( 'NONE',  ( 0.000000000000000000, 0.000000000000000000, 1.000000000000000000 ) ) ;
#3151 = VECTOR ( 'NONE', #3821, 999.9999999999998863 ) ;
#3152 = CARTESIAN_POINT ( 'NONE',  ( -8.970426365894919485, -0.008031748193318219084, -0.4681169548559012128 ) ) ;
#3153 = CIRCLE ( 'NONE', #949, 0.7620000000000001217 ) ;
#3154 = ORIENTED_EDGE ( 'NONE', *, *, #1078, .F. ) ;
#3155 = EDGE_CURVE ( 'NONE', #1927, #3315, #233, .T. ) ;
#3156 = EDGE_LOOP ( 'NONE', ( #4525, #25, #2788, #1718, #1943, #4145, #350, #2770, #4726, #47, #1537, #1153 ) ) ;
#3157 = FACE_OUTER_BOUND ( 'NONE', #2340, .T. ) ;
#3158 = CARTESIAN_POINT ( 'NONE',  ( -8.373838290319399746, 2.012459992009736798, 0.7707332745899898585 ) ) ;
#3159 = AXIS2_PLACEMENT_3D ( 'NONE', #4711, #598, #3196 ) ;
#3160 = DIRECTION ( 'NONE',  ( 1.000000000000000000, -3.168959634848508524E-16, -1.000180237639160754E-15 ) ) ;
#3161 = AXIS2_PLACEMENT_3D ( 'NONE', #2402, #2078, #180 ) ;
#3162 = EDGE_CURVE ( 'NONE', #1335, #523, #4338, .T. ) ;
#3163 = ORIENTED_EDGE ( 'NONE', *, *, #4413, .F. ) ;
#3164 = EDGE_CURVE ( 'NONE', #1636, #2098, #1660, .T. ) ;
#3165 = ORIENTED_EDGE ( 'NONE', *, *, #4421, .T. ) ;
#3166 = CARTESIAN_POINT ( 'NONE',  ( -6.989999999999999325, 0.000000000000000000, 0.000000000000000000 ) ) ;
#3167 = VECTOR ( 'NONE', #4414, 999.9999999999998863 ) ;
#3168 = CARTESIAN_POINT ( 'NONE',  ( -7.679999999999929550, 0.000000000000000000, 0.000000000000000000 ) ) ;
#3169 = ORIENTED_EDGE ( 'NONE', *, *, #3845, .T. ) ;
#3170 = CIRCLE ( 'NONE', #3808, 4.904999999999999361 ) ;
#3171 = ORIENTED_EDGE ( 'NONE', *, *, #1661, .F. ) ;
#3172 = CARTESIAN_POINT ( 'NONE',  ( -1.618499999999998717, -2.958499999999999908, 0.000000000000000000 ) ) ;
#3173 = LINE ( 'NONE', #4592, #553 ) ;
#3174 = CARTESIAN_POINT ( 'NONE',  ( -8.086366472866600930, -0.7384281901014667637, -0.03077575112618484085 ) ) ;
#3175 = CIRCLE ( 'NONE', #494, 0.7018484375000060282 ) ;
#3176 = CARTESIAN_POINT ( 'NONE',  ( -8.898884473509689030, -0.4198963623211275920, -0.009872289793560940288 ) ) ;
#3177 = LINE ( 'NONE', #4225, #1685 ) ;
#3178 = ORIENTED_EDGE ( 'NONE', *, *, #2411, .T. ) ;
#3179 = DIRECTION ( 'NONE',  ( -0.7514118287111057892, 0.6598335120869746051, 8.080629985474680852E-17 ) ) ;
#3180 = FACE_OUTER_BOUND ( 'NONE', #1524, .T. ) ;
#3181 = LINE ( 'NONE', #4697, #2143 ) ;
#3182 = VECTOR ( 'NONE', #2132, 1000.000000000000114 ) ;
#3183 = ORIENTED_EDGE ( 'NONE', *, *, #4069, .T. ) ;
#3184 = CARTESIAN_POINT ( 'NONE',  ( -8.912944730858548326, -0.4199913556029878925, -0.009510564827977394109 ) ) ;
#3185 = CIRCLE ( 'NONE', #3339, 0.4337505116027510765 ) ;
#3186 = CARTESIAN_POINT ( 'NONE',  ( -8.781212161291847451, -2.045144957077179804, -0.7832509843860085974 ) ) ;
#3187 = PRODUCT ( 'TMB-V5F2-3LC', 'TMB-V5F2-3LC', '', ( #4248 ) ) ;
#3188 = EDGE_CURVE ( 'NONE', #3853, #3226, #159, .T. ) ;
#3189 = FACE_OUTER_BOUND ( 'NONE', #3724, .T. ) ;
#3190 = ORIENTED_EDGE ( 'NONE', *, *, #2945, .F. ) ;
#3191 = ORIENTED_EDGE ( 'NONE', *, *, #2037, .F. ) ;
#3192 = DIRECTION ( 'NONE',  ( -1.000000000000000000, 0.000000000000000000, 0.000000000000000000 ) ) ;
#3193 = EDGE_CURVE ( 'NONE', #1313, #2841, #3425, .T. ) ;
#3194 = VERTEX_POINT ( 'NONE', #2182 ) ;
#3195 = ORIENTED_EDGE ( 'NONE', *, *, #893, .T. ) ;
#3196 = DIRECTION ( 'NONE',  ( -2.093391161677564061E-15, -1.000000000000000000, 0.000000000000000000 ) ) ;
#3197 = CARTESIAN_POINT ( 'NONE',  ( -1.709999999999999964, 3.580000000000000071, 0.000000000000000000 ) ) ;
#3198 = ADVANCED_FACE ( 'NONE', ( #3323 ), #2354, .F. ) ;
#3199 = EDGE_CURVE ( 'NONE', #2097, #2902, #3173, .T. ) ;
#3200 = DIRECTION ( 'NONE',  ( 1.000000000000000000, -2.100641709190699945E-15, 0.000000000000000000 ) ) ;
#3201 = DIRECTION ( 'NONE',  ( 0.000000000000000000, 0.000000000000000000, 1.000000000000000000 ) ) ;
#3202 = ORIENTED_EDGE ( 'NONE', *, *, #1980, .T. ) ;
#3203 = CARTESIAN_POINT ( 'NONE',  ( -0.1739999999999769786, -0.3449999999999999734, 0.8899999999999999023 ) ) ;
#3204 = CARTESIAN_POINT ( 'NONE',  ( -8.974879461024119820, 0.007919522128384899953, -0.6414106948486960613 ) ) ;
#3205 = DIRECTION ( 'NONE',  ( 0.000000000000000000, -1.000000000000000000, 0.000000000000000000 ) ) ;
#3206 = EDGE_LOOP ( 'NONE', ( #2641, #4420, #4477, #31, #2069 ) ) ;
#3207 = ORIENTED_EDGE ( 'NONE', *, *, #721, .F. ) ;
#3208 = DIRECTION ( 'NONE',  ( -0.7744763656749761305, -0.6326028446117519799, 0.000000000000000000 ) ) ;
#3209 = FACE_OUTER_BOUND ( 'NONE', #3356, .T. ) ;
#3210 = ORIENTED_EDGE ( 'NONE', *, *, #3162, .T. ) ;
#3211 = VERTEX_POINT ( 'NONE', #2332 ) ;
#3212 = DIRECTION ( 'NONE',  ( 0.000000000000000000, 0.000000000000000000, 1.000000000000000000 ) ) ;
#3213 = VERTEX_POINT ( 'NONE', #3539 ) ;
#3214 = EDGE_CURVE ( 'NONE', #1777, #3882, #2311, .T. ) ;
#3215 = ORIENTED_EDGE ( 'NONE', *, *, #28, .T. ) ;
#3216 = CARTESIAN_POINT ( 'NONE',  ( -6.989999999999999325, 0.000000000000000000, 0.000000000000000000 ) ) ;
#3217 = CARTESIAN_POINT ( 'NONE',  ( -1.138500000000019829, 3.580000000000000071, 0.000000000000000000 ) ) ;
#3218 = LINE ( 'NONE', #2873, #562 ) ;
#3219 = DIRECTION ( 'NONE',  ( 7.975740119433816468E-16, -1.776356839400250780E-14, 1.000000000000000000 ) ) ;
#3220 = ADVANCED_FACE ( 'NONE', ( #2408 ), #4101, .T. ) ;
#3221 = ORIENTED_EDGE ( 'NONE', *, *, #1394, .T. ) ;
#3222 = CARTESIAN_POINT ( 'NONE',  ( -8.428787838708315050, -9.202549902999818360E-15, 4.892986146208386365E-14 ) ) ;
#3223 = CARTESIAN_POINT ( 'NONE',  ( -1.709999999999999964, 0.000000000000000000, 2.674999999999999822 ) ) ;
#3224 = CYLINDRICAL_SURFACE ( 'NONE', #2769, 0.08900000000001009881 ) ;
#3225 = AXIS2_PLACEMENT_3D ( 'NONE', #1992, #3505, #888 ) ;
#3226 = VERTEX_POINT ( 'NONE', #3516 ) ;
#3227 = AXIS2_PLACEMENT_3D ( 'NONE', #684, #2188, #3697 ) ;
#3228 = ORIENTED_EDGE ( 'NONE', *, *, #1792, .F. ) ;
#3229 = FACE_OUTER_BOUND ( 'NONE', #2241, .T. ) ;
#3230 = AXIS2_PLACEMENT_3D ( 'NONE', #952, #232, #4763 ) ;
#3231 = B_SPLINE_CURVE_WITH_KNOTS ( 'NONE', 3,
 ( #3067, #2382, #4591, #480 ),
 .UNSPECIFIED., .F., .F.,
 ( 4, 4 ),
 ( 7.785962141094480030E-06, 0.0002678124944362059840 ),
 .UNSPECIFIED. ) ;
#3232 = DIRECTION ( 'NONE',  ( 0.000000000000000000, -1.000000000000000000, 0.000000000000000000 ) ) ;
#3233 = EDGE_LOOP ( 'NONE', ( #1119, #2960, #2726, #1998 ) ) ;
#3234 = VECTOR ( 'NONE', #3756, 1000.000000000000000 ) ;
#3235 = EDGE_LOOP ( 'NONE', ( #3258, #1368, #1985, #969 ) ) ;
#3236 = AXIS2_PLACEMENT_3D ( 'NONE', #4613, #252, #920 ) ;
#3237 = DIRECTION ( 'NONE',  ( 2.134256245050205060E-15, -1.000000000000000000, 0.000000000000000000 ) ) ;
#3238 = EDGE_LOOP ( 'NONE', ( #3731, #3933, #1845, #4522 ) ) ;
#3239 = VERTEX_POINT ( 'NONE', #1640 ) ;
#3240 = AXIS2_PLACEMENT_3D ( 'NONE', #4587, #4220, #3859 ) ;
#3241 = CARTESIAN_POINT ( 'NONE',  ( -8.947399443907880112, -0.008625755391205360348, 0.7284128417255538723 ) ) ;
#3242 = FACE_OUTER_BOUND ( 'NONE', #3900, .T. ) ;
#3243 = EDGE_CURVE ( 'NONE', #4249, #490, #475, .T. ) ;
#3244 = CARTESIAN_POINT ( 'NONE',  ( -2.000000000000000000, -3.200000000000000178, 2.830000000000000071 ) ) ;
#3245 = CONICAL_SURFACE ( 'NONE', #4576, 0.4681858524161220947, 0.7597039348908314338 ) ;
#3246 = LINE ( 'NONE', #4741, #3419 ) ;
#3247 = ORIENTED_EDGE ( 'NONE', *, *, #4383, .F. ) ;
#3248 = DIRECTION ( 'NONE',  ( 0.7071067811872454589, -0.6603360126289148369, -0.2528959280501734685 ) ) ;
#3249 = CARTESIAN_POINT ( 'NONE',  ( -8.946257887526808616, 0.008655093258232094550, -0.4451447055832231658 ) ) ;
#3250 = CARTESIAN_POINT ( 'NONE',  ( -7.679999999999929550, -9.439837746593051335E-15, 4.818093866362320122E-14 ) ) ;
#3251 = VECTOR ( 'NONE', #3579, 1000.000000000000000 ) ;
#3252 = EDGE_CURVE ( 'NONE', #2875, #3882, #1248, .T. ) ;
#3253 = ORGANIZATION ( 'UNSPECIFIED', 'UNSPECIFIED', '' ) ;
#3254 = EDGE_CURVE ( 'NONE', #3211, #1360, #3715, .T. ) ;
#3255 = AXIS2_PLACEMENT_3D ( 'NONE', #2170, #2514, #4051 ) ;
#3256 = ORIENTED_EDGE ( 'NONE', *, *, #691, .T. ) ;
#3257 = CIRCLE ( 'NONE', #1369, 0.7620000000000001217 ) ;
#3258 = ORIENTED_EDGE ( 'NONE', *, *, #4367, .F. ) ;
#3259 = DIRECTION ( 'NONE',  ( 0.000000000000000000, 0.000000000000000000, -1.000000000000000000 ) ) ;
#3260 = EDGE_CURVE ( 'NONE', #4176, #871, #3317, .T. ) ;
#3261 = DIRECTION ( 'NONE',  ( 0.000000000000000000, 1.000000000000000000, 1.355252715606880049E-16 ) ) ;
#3262 = ORIENTED_EDGE ( 'NONE', *, *, #1792, .T. ) ;
#3263 = CARTESIAN_POINT ( 'NONE',  ( -0.2189939082644961066, 0.3449592731843859617, 0.5568016721774829980 ) ) ;
#3264 = FACE_OUTER_BOUND ( 'NONE', #654, .T. ) ;
#3265 = CIRCLE ( 'NONE', #1138, 3.129999999999999893 ) ;
#3266 = DIRECTION ( 'NONE',  ( -1.000000000000000000, 0.000000000000000000, 0.000000000000000000 ) ) ;
#3267 = ORIENTED_EDGE ( 'NONE', *, *, #3676, .T. ) ;
#3268 = DIRECTION ( 'NONE',  ( 0.000000000000000000, -1.000000000000000000, -1.054711873393898516E-15 ) ) ;
#3269 = DIRECTION ( 'NONE',  ( 0.000000000000000000, -1.000000000000000000, -1.054711873393898516E-15 ) ) ;
#3270 = CARTESIAN_POINT ( 'NONE',  ( -8.990000000000183178, -9.024704034427814099E-15, 4.949117477493075363E-14 ) ) ;
#3271 = CARTESIAN_POINT ( 'NONE',  ( -10.91999999999999993, 0.000000000000000000, 2.674999999999999822 ) ) ;
#3272 = VERTEX_POINT ( 'NONE', #433 ) ;
#3273 = CARTESIAN_POINT ( 'NONE',  ( -10.16000000000000014, 3.526778673744508967E-16, 2.674999999999999822 ) ) ;
#3274 = ADVANCED_FACE ( 'NONE', ( #86 ), #1269, .F. ) ;
#3275 = CARTESIAN_POINT ( 'NONE',  ( -0.8899999999999769207, 3.200000000000000178, 2.830000000000000071 ) ) ;
#3276 = CARTESIAN_POINT ( 'NONE',  ( -8.946257887526819275, -0.008655093258218957489, 0.4451447055832310484 ) ) ;
#3277 = ORIENTED_EDGE ( 'NONE', *, *, #351, .T. ) ;
#3278 = ORIENTED_EDGE ( 'NONE', *, *, #3760, .F. ) ;
#3279 = EDGE_CURVE ( 'NONE', #356, #2242, #4106, .T. ) ;
#3280 = CARTESIAN_POINT ( 'NONE',  ( -1.298500000000019972, 3.580000000000000071, 0.000000000000000000 ) ) ;
#3281 = DIRECTION ( 'NONE',  ( 8.049760909405136270E-16, 0.9338561447841048357, 0.3576488513178380235 ) ) ;
#3282 = CIRCLE ( 'NONE', #1321, 2.155000000000000249 ) ;
#3283 = ORIENTED_EDGE ( 'NONE', *, *, #832, .F. ) ;
#3284 = EDGE_CURVE ( 'NONE', #1265, #76, #3559, .T. ) ;
#3285 = CARTESIAN_POINT ( 'NONE',  ( -8.898454457782548843, 0.009883635875949103172, -0.4199027087551981952 ) ) ;
#3286 = ADVANCED_FACE ( 'NONE', ( #3911 ), #2212, .T. ) ;
#3287 = CARTESIAN_POINT ( 'NONE',  ( -7.679999999999929550, -0.4494459704215345019, 0.04123024671365152494 ) ) ;
#3288 = ORIENTED_EDGE ( 'NONE', *, *, #776, .F. ) ;
#3289 = CARTESIAN_POINT ( 'NONE',  ( -8.970426365894919485, -0.4681169548559036553, 0.008031748193333639041 ) ) ;
#3290 = CARTESIAN_POINT ( 'NONE',  ( -8.740000000000000213, 0.000000000000000000, 0.000000000000000000 ) ) ;
#3291 = VECTOR ( 'NONE', #1307, 1000.000000000000000 ) ;
#3292 = LINE ( 'NONE', #3271, #3291 ) ;
#3293 = VERTEX_POINT ( 'NONE', #3862 ) ;
#3294 = CARTESIAN_POINT ( 'NONE',  ( -10.91999999999999993, 0.000000000000000000, 2.674999999999999822 ) ) ;
#3295 = CARTESIAN_POINT ( 'NONE',  ( -5.245355339059349475, 0.000000000000000000, 2.529644660940679746 ) ) ;
#3296 = CARTESIAN_POINT ( 'NONE',  ( -8.970426365894919485, -0.008033966158355377446, 0.4681169167957780486 ) ) ;
#3297 = AXIS2_PLACEMENT_3D ( 'NONE', #199, #2076, #179 ) ;
#3298 = ORIENTED_EDGE ( 'NONE', *, *, #2405, .T. ) ;
#3299 = EDGE_LOOP ( 'NONE', ( #2702, #2433, #2347, #854 ) ) ;
#3300 = DIRECTION ( 'NONE',  ( -0.7071067811865979769, 8.659560562354315328E-17, -0.7071067811864970576 ) ) ;
#3301 = EDGE_CURVE ( 'NONE', #3239, #1808, #2835, .T. ) ;
#3302 = AXIS2_PLACEMENT_3D ( 'NONE', #833, #2342, #463 ) ;
#3303 = AXIS2_PLACEMENT_3D ( 'NONE', #1675, #2389, #511 ) ;
#3304 = DIRECTION ( 'NONE',  ( 1.000000000000000000, 0.000000000000000000, 0.000000000000000000 ) ) ;
#3305 = ORIENTED_EDGE ( 'NONE', *, *, #3310, .F. ) ;
#3306 = DIRECTION ( 'NONE',  ( -1.000000000000000000, 2.093391161677579838E-15, 0.000000000000000000 ) ) ;
#3307 = CIRCLE ( 'NONE', #468, 2.305000000000000160 ) ;
#3308 = DIRECTION ( 'NONE',  ( -0.6585046078685152793, 0.000000000000000000, 0.7525766947068802670 ) ) ;
#3309 = CONICAL_SURFACE ( 'NONE', #4253, 4.904999999999999361, 0.7853981633973791121 ) ;
#3310 = EDGE_CURVE ( 'NONE', #2198, #1370, #866, .T. ) ;
#3311 = DIRECTION ( 'NONE',  ( -1.000000000000000000, 0.000000000000000000, 0.000000000000000000 ) ) ;
#3312 = AXIS2_PLACEMENT_3D ( 'NONE', #1838, #1071, #22 ) ;
#3313 = EDGE_LOOP ( 'NONE', ( #4242, #4804, #2991, #3678 ) ) ;
#3314 = AXIS2_PLACEMENT_3D ( 'NONE', #3703, #3538, #4460 ) ;
#3315 = VERTEX_POINT ( 'NONE', #1302 ) ;
#3316 = DIRECTION ( 'NONE',  ( 0.000000000000000000, 0.000000000000000000, -1.000000000000000000 ) ) ;
#3317 = CIRCLE ( 'NONE', #3077, 0.7281000319985680980 ) ;
#3318 = DIRECTION ( 'NONE',  ( -2.093391161677564061E-15, -1.000000000000000000, 0.000000000000000000 ) ) ;
#3319 = FACE_OUTER_BOUND ( 'NONE', #2016, .T. ) ;
#3320 = CIRCLE ( 'NONE', #1195, 3.129999999999999893 ) ;
#3321 = ORIENTED_EDGE ( 'NONE', *, *, #4120, .T. ) ;
#3322 = LINE ( 'NONE', #2967, #4793 ) ;
#3323 = FACE_OUTER_BOUND ( 'NONE', #3610, .T. ) ;
#3324 = DIRECTION ( 'NONE',  ( 1.000000000000000000, -0.000000000000000000, -0.000000000000000000 ) ) ;
#3325 = EDGE_LOOP ( 'NONE', ( #2689, #4024, #4402, #1711 ) ) ;
#3326 = ORIENTED_EDGE ( 'NONE', *, *, #3199, .F. ) ;
#3327 = CARTESIAN_POINT ( 'NONE',  ( -10.91999999999999993, 0.000000000000000000, 0.000000000000000000 ) ) ;
#3328 = DIRECTION ( 'NONE',  ( 1.000000000000000000, 0.000000000000000000, 0.000000000000000000 ) ) ;
#3329 = CARTESIAN_POINT ( 'NONE',  ( -7.679999999999931326, -0.04123024671363877125, -0.7428277815978571175 ) ) ;
#3330 =( GEOMETRIC_REPRESENTATION_CONTEXT ( 3 ) GLOBAL_UNCERTAINTY_ASSIGNED_CONTEXT ( ( #3914 ) ) GLOBAL_UNIT_ASSIGNED_CONTEXT ( ( #728, #2671, #3442 ) ) REPRESENTATION_CONTEXT ( 'NONE', 'WORKASPACE' ) );
#3331 = ORIENTED_EDGE ( 'NONE', *, *, #3070, .F. ) ;
#3332 = VERTEX_POINT ( 'NONE', #1567 ) ;
#3333 = CIRCLE ( 'NONE', #3255, 0.4513331514533774347 ) ;
#3334 = CARTESIAN_POINT ( 'NONE',  ( -8.977106130260658290, 0.7280575807464835236, 0.007862296986440827848 ) ) ;
#3335 = DIRECTION ( 'NONE',  ( -1.000000000000000000, 0.000000000000000000, 0.000000000000000000 ) ) ;
#3336 = CONICAL_SURFACE ( 'NONE', #341, 0.7620000000000001217, 0.7205971725114832527 ) ;
#3337 = VERTEX_POINT ( 'NONE', #2795 ) ;
#3338 = ADVANCED_FACE ( 'NONE', ( #3069 ), #3116, .T. ) ;
#3339 = AXIS2_PLACEMENT_3D ( 'NONE', #3812, #10, #2731 ) ;
#3340 = ORIENTED_EDGE ( 'NONE', *, *, #472, .T. ) ;
#3341 = DIRECTION ( 'NONE',  ( -2.093391161677564061E-15, -1.000000000000000000, 0.000000000000000000 ) ) ;
#3342 = LINE ( 'NONE', #2204, #1357 ) ;
#3343 = CARTESIAN_POINT ( 'NONE',  ( -0.2638911605085421108, -0.3449186149756594544, 0.5568268655604937667 ) ) ;
#3344 = ORIENTED_EDGE ( 'NONE', *, *, #413, .F. ) ;
#3345 = DIRECTION ( 'NONE',  ( 0.000000000000000000, 1.000000000000000000, 0.000000000000000000 ) ) ;
#3346 = ADVANCED_FACE ( 'NONE', ( #111 ), #4495, .T. ) ;
#3347 = CARTESIAN_POINT ( 'NONE',  ( -10.91999999999999993, -4.128089751931280027, 2.830000000000000071 ) ) ;
#3348 = EDGE_CURVE ( 'NONE', #4831, #3508, #3613, .T. ) ;
#3349 = DIRECTION ( 'NONE',  ( -1.000000000000000000, 0.000000000000000000, 0.000000000000000000 ) ) ;
#3350 = ORIENTED_EDGE ( 'NONE', *, *, #1358, .F. ) ;
#3351 = EDGE_LOOP ( 'NONE', ( #4819, #1944, #56, #2111 ) ) ;
#3352 = DIRECTION ( 'NONE',  ( -1.000000000000000000, 0.000000000000000000, 0.000000000000000000 ) ) ;
#3353 = DIRECTION ( 'NONE',  ( 0.000000000000000000, 1.000000000000000000, 0.000000000000000000 ) ) ;
#3354 = CARTESIAN_POINT ( 'NONE',  ( -8.887920983205800596, 0.4201670376886965652, 0.01015434495476473346 ) ) ;
#3355 = ORIENTED_EDGE ( 'NONE', *, *, #502, .F. ) ;
#3356 = EDGE_LOOP ( 'NONE', ( #1883, #671, #154, #2488 ) ) ;
#3357 = VECTOR ( 'NONE', #3597, 1000.000000000000114 ) ;
#3358 = CARTESIAN_POINT ( 'NONE',  ( -8.373838290319399746, 2.012459992009736798, 0.7707332745899898585 ) ) ;
#3359 = CARTESIAN_POINT ( 'NONE',  ( -0.1739999999999769786, -2.130885430516110371E-17, 3.129999999999999893 ) ) ;
#3360 = VERTEX_POINT ( 'NONE', #578 ) ;
#3361 = EDGE_LOOP ( 'NONE', ( #3154, #2791, #2372, #4681 ) ) ;
#3362 = FACE_OUTER_BOUND ( 'NONE', #4076, .T. ) ;
#3363 = CARTESIAN_POINT ( 'NONE',  ( -8.887920983205800596, -0.01015434495474939157, 0.4201670376886990077 ) ) ;
#3364 = ADVANCED_FACE ( 'NONE', ( #3983 ), #3641, .T. ) ;
#3365 = CARTESIAN_POINT ( 'NONE',  ( -5.209999999999999964, 3.141219039812961047E-16, -2.564999999999999947 ) ) ;
#3366 = ORIENTED_EDGE ( 'NONE', *, *, #3398, .F. ) ;
#3367 = FACE_OUTER_BOUND ( 'NONE', #2426, .T. ) ;
#3368 = CARTESIAN_POINT ( 'NONE',  ( -9.750333333333358610, 0.000000000000000000, 0.000000000000000000 ) ) ;
#3369 = DIRECTION ( 'NONE',  ( -0.7514118287111057892, 0.6598335120869746051, 8.080629985474680852E-17 ) ) ;
#3370 = CIRCLE ( 'NONE', #1866, 5.004999999999999893 ) ;
#3371 = EDGE_CURVE ( 'NONE', #4718, #4311, #4644, .T. ) ;
#3372 = ADVANCED_FACE ( 'NONE', ( #203 ), #2294, .F. ) ;
#3373 = VERTEX_POINT ( 'NONE', #649 ) ;
#3374 = VERTEX_POINT ( 'NONE', #3594 ) ;
#3375 = CARTESIAN_POINT ( 'NONE',  ( -8.912944868525499942, 0.4199914523883354622, -0.009510561286258724031 ) ) ;
#3376 = CARTESIAN_POINT ( 'NONE',  ( -8.934174368666218058, 0.4336578416742425390, 0.008965638295936856350 ) ) ;
#3377 = AXIS2_PLACEMENT_3D ( 'NONE', #1520, #2277, #4153 ) ;
#3378 = CARTESIAN_POINT ( 'NONE',  ( -8.390000000000000568, 3.833144481331215679E-16, -3.129999999999999893 ) ) ;
#3379 = ORIENTED_EDGE ( 'NONE', *, *, #3460, .T. ) ;
#3380 = CIRCLE ( 'NONE', #2437, 0.7620000000000001217 ) ;
#3381 = ORIENTED_EDGE ( 'NONE', *, *, #590, .F. ) ;
#3382 = CARTESIAN_POINT ( 'NONE',  ( -7.679999999999929550, -9.439837746593051335E-15, 4.818093866362320122E-14 ) ) ;
#3383 = DIRECTION ( 'NONE',  ( 3.168959634848517891E-16, 1.000000000000000000, 1.054711873393898516E-15 ) ) ;
#3384 = CONICAL_SURFACE ( 'NONE', #1651, 3.129999999999999893, 0.8519663271732560439 ) ;
#3385 = VECTOR ( 'NONE', #3105, 1000.000000000000000 ) ;
#3386 = CARTESIAN_POINT ( 'NONE',  ( -10.91999999999999993, 0.000000000000000000, 2.174999999999939870 ) ) ;
#3387 = VERTEX_POINT ( 'NONE', #2099 ) ;
#3388 = VERTEX_POINT ( 'NONE', #3664 ) ;
#3389 = CARTESIAN_POINT ( 'NONE',  ( -1.618499999999999828, -3.580000000000000071, 0.000000000000000000 ) ) ;
#3390 = AXIS2_PLACEMENT_3D ( 'NONE', #1450, #2927, #2654 ) ;
#3391 = FACE_OUTER_BOUND ( 'NONE', #639, .T. ) ;
#3392 = CARTESIAN_POINT ( 'NONE',  ( -0.4340678535827683371, -0.2205050714713502891, 0.6170847162491206461 ) ) ;
#3393 = ORIENTED_EDGE ( 'NONE', *, *, #4033, .F. ) ;
#3394 = DIRECTION ( 'NONE',  ( 0.000000000000000000, 0.000000000000000000, -1.000000000000000000 ) ) ;
#3395 = CONICAL_SURFACE ( 'NONE', #1508, 2.729999999999999982, 0.8519663271732759169 ) ;
#3396 = CARTESIAN_POINT ( 'NONE',  ( -8.977106130260658290, -0.7280552080212927546, 0.007862296986447192548 ) ) ;
#3397 = CARTESIAN_POINT ( 'NONE',  ( -8.096196608164063946, -0.03052285352499965049, 0.4396871037150175687 ) ) ;
#3398 = EDGE_CURVE ( 'NONE', #3019, #3387, #318, .T. ) ;
#3399 = VECTOR ( 'NONE', #772, 1000.000000000000000 ) ;
#3400 = ORIENTED_EDGE ( 'NONE', *, *, #1706, .F. ) ;
#3401 = ORIENTED_EDGE ( 'NONE', *, *, #378, .F. ) ;
#3402 = FACE_OUTER_BOUND ( 'NONE', #3961, .T. ) ;
#3403 = LINE ( 'NONE', #4165, #3468 ) ;
#3404 = ADVANCED_FACE ( 'NONE', ( #1736 ), #3001, .T. ) ;
#3405 = ADVANCED_FACE ( 'NONE', ( #1376 ), #2840, .F. ) ;
#3406 = CARTESIAN_POINT ( 'NONE',  ( -8.898454457782548843, 6.456832016198207214E-15, -6.409208236663127237E-16 ) ) ;
#3407 = VECTOR ( 'NONE', #4649, 1000.000000000000114 ) ;
#3408 = ORIENTED_EDGE ( 'NONE', *, *, #3583, .F. ) ;
#3409 = CARTESIAN_POINT ( 'NONE',  ( -8.898454457782548843, 6.456832016198207214E-15, -6.409208236663127237E-16 ) ) ;
#3410 = ADVANCED_FACE ( 'NONE', ( #1778 ), #2452, .F. ) ;
#3411 = EDGE_CURVE ( 'NONE', #4004, #3138, #2893, .T. ) ;
#3412 = AXIS2_PLACEMENT_3D ( 'NONE', #2153, #4690, #3269 ) ;
#3413 = CARTESIAN_POINT ( 'NONE',  ( -7.679999999999929550, 0.000000000000000000, 2.174999999999939870 ) ) ;
#3414 = CONICAL_SURFACE ( 'NONE', #1836, 0.6214999999999996083, 0.7205971725114797000 ) ;
#3415 = ORIENTED_EDGE ( 'NONE', *, *, #2468, .F. ) ;
#3416 = B_SPLINE_CURVE_WITH_KNOTS ( 'NONE', 3,
 ( #546, #4705, #3566, #1342 ),
 .UNSPECIFIED., .F., .F.,
 ( 4, 4 ),
 ( 0.000000000000000000, 0.03128080825712626495 ),
 .UNSPECIFIED. ) ;
#3417 = EDGE_LOOP ( 'NONE', ( #3169, #4453 ) ) ;
#3418 = DIRECTION ( 'NONE',  ( -1.000000000000000000, 0.000000000000000000, 0.000000000000000000 ) ) ;
#3419 = VECTOR ( 'NONE', #974, 1000.000000000000000 ) ;
#3420 = DIRECTION ( 'NONE',  ( 0.000000000000000000, 0.000000000000000000, 1.000000000000000000 ) ) ;
#3421 = PERSON_AND_ORGANIZATION ( #2338, #3253 ) ;
#3422 = VERTEX_POINT ( 'NONE', #2500 ) ;
#3423 = VECTOR ( 'NONE', #937, 1000.000000000000000 ) ;
#3424 = CARTESIAN_POINT ( 'NONE',  ( -1.298500000000018639, 2.958499999999999908, -7.611179856700799969E-17 ) ) ;
#3425 = LINE ( 'NONE', #45, #2915 ) ;
#3426 = CARTESIAN_POINT ( 'NONE',  ( -8.373838290319403299, -2.012459992009755005, -0.7707332745898922699 ) ) ;
#3427 = EDGE_CURVE ( 'NONE', #1074, #1840, #277, .T. ) ;
#3428 = VERTEX_POINT ( 'NONE', #3289 ) ;
#3429 = CARTESIAN_POINT ( 'NONE',  ( -9.879016743286728186, -0.08900000000000334033, 2.459488393371883633E-16 ) ) ;
#3430 = CARTESIAN_POINT ( 'NONE',  ( -1.610000000000000098, 0.000000000000000000, 0.000000000000000000 ) ) ;
#3431 = B_SPLINE_CURVE_WITH_KNOTS ( 'NONE', 3,
 ( #1854, #377, #1521, #3743 ),
 .UNSPECIFIED., .F., .F.,
 ( 4, 4 ),
 ( 0.000000000000000000, 0.9687194804849121876 ),
 .UNSPECIFIED. ) ;
#3432 = EDGE_CURVE ( 'NONE', #4176, #2265, #2146, .T. ) ;
#3433 = ORIENTED_EDGE ( 'NONE', *, *, #2802, .T. ) ;
#3434 = DIRECTION ( 'NONE',  ( 1.000000000000000000, -3.168959634848508524E-16, -1.000180237639160754E-15 ) ) ;
#3435 = DIRECTION ( 'NONE',  ( 1.000000000000000000, -3.168959634848508524E-16, -1.000180237639160754E-15 ) ) ;
#3436 = ADVANCED_FACE ( 'NONE', ( #2870 ), #4799, .T. ) ;
#3437 = EDGE_LOOP ( 'NONE', ( #2597, #2515, #4104, #4631 ) ) ;
#3438 = ADVANCED_FACE ( 'NONE', ( #991 ), #3395, .T. ) ;
#3439 = VERTEX_POINT ( 'NONE', #4005 ) ;
#3440 = DIRECTION ( 'NONE',  ( -2.093391161677564061E-15, 1.000000000000000000, 0.000000000000000000 ) ) ;
#3441 = DIRECTION ( 'NONE',  ( -1.000000000000000000, -1.991972495380200041E-15, 0.000000000000000000 ) ) ;
#3442 =( NAMED_UNIT ( * ) SI_UNIT ( $, .STERADIAN. ) SOLID_ANGLE_UNIT ( ) );
#3443 = ORIENTED_EDGE ( 'NONE', *, *, #2288, .T. ) ;
#3444 = CARTESIAN_POINT ( 'NONE',  ( -8.898454457782539961, 0.4199027154032805575, -0.009883352707981071100 ) ) ;
#3445 = CARTESIAN_POINT ( 'NONE',  ( -8.898454457782539961, 0.4199027154032805575, -0.009883352707981071100 ) ) ;
#3446 = CARTESIAN_POINT ( 'NONE',  ( -8.086366472866620470, 0.7384281901014787541, 0.03077575112620059561 ) ) ;
#3447 = ORIENTED_EDGE ( 'NONE', *, *, #2700, .T. ) ;
#3448 = CYLINDRICAL_SURFACE ( 'NONE', #3146, 2.305000000000000160 ) ;
#3449 = DIRECTION ( 'NONE',  ( -0.7071067811866191821, 0.000000000000000000, 0.7071067811864759634 ) ) ;
#3450 = ORIENTED_EDGE ( 'NONE', *, *, #1451, .F. ) ;
#3451 = CARTESIAN_POINT ( 'NONE',  ( -7.679999999999929550, -0.04123024671363127724, 0.4494459704243352061 ) ) ;
#3452 = DIRECTION ( 'NONE',  ( 2.093391161677562877E-15, 1.000000000000000000, 0.000000000000000000 ) ) ;
#3453 = ADVANCED_FACE ( 'NONE', ( #4688 ), #2526, .F. ) ;
#3454 = DIRECTION ( 'NONE',  ( 0.7514118287111057892, -0.6598335120869746051, 0.000000000000000000 ) ) ;
#3455 = ORIENTED_EDGE ( 'NONE', *, *, #2319, .T. ) ;
#3456 = B_SPLINE_CURVE_WITH_KNOTS ( 'NONE', 3,
 ( #4666, #3263, #1061, #4755, #2569, #644, #1006, #4073, #689, #2193 ),
 .UNSPECIFIED., .F., .F.,
 ( 4, 2, 2, 2, 4 ),
 ( 0.000000000000000000, 0.1251221175882602787, 0.1876831763823905153, 0.2502442351765207795, 0.5004884703530415591 ),
 .UNSPECIFIED. ) ;
#3457 = ORIENTED_EDGE ( 'NONE', *, *, #2405, .F. ) ;
#3458 = CIRCLE ( 'NONE', #4322, 0.7620000000000001217 ) ;
#3459 = FACE_OUTER_BOUND ( 'NONE', #2220, .T. ) ;
#3460 = EDGE_CURVE ( 'NONE', #2540, #2865, #1896, .T. ) ;
#3461 = EDGE_CURVE ( 'NONE', #2454, #4492, #1969, .T. ) ;
#3462 = LINE ( 'NONE', #128, #1115 ) ;
#3463 = AXIS2_PLACEMENT_3D ( 'NONE', #786, #311, #2292 ) ;
#3464 = ORIENTED_EDGE ( 'NONE', *, *, #2194, .F. ) ;
#3465 = CARTESIAN_POINT ( 'NONE',  ( -0.8185000000000344222, 2.817999999999999616, 0.000000000000000000 ) ) ;
#3466 = CARTESIAN_POINT ( 'NONE',  ( -8.977106130260658290, 6.481756413727852622E-15, -5.622549751964386981E-16 ) ) ;
#3467 = LINE ( 'NONE', #158, #648 ) ;
#3468 = VECTOR ( 'NONE', #3449, 999.9999999999998863 ) ;
#3469 = VECTOR ( 'NONE', #1174, 1000.000000000000000 ) ;
#3470 = B_SPLINE_CURVE_WITH_KNOTS ( 'NONE', 3,
 ( #1837, #1154, #4840, #1474 ),
 .UNSPECIFIED., .F., .F.,
 ( 4, 4 ),
 ( 0.000000000000000000, 0.03128080825706176793 ),
 .UNSPECIFIED. ) ;
#3471 = ORIENTED_EDGE ( 'NONE', *, *, #2346, .T. ) ;
#3472 = AXIS2_PLACEMENT_3D ( 'NONE', #1940, #1141, #3782 ) ;
#3473 = CARTESIAN_POINT ( 'NONE',  ( -7.679999999999929550, 0.000000000000000000, 0.000000000000000000 ) ) ;
#3474 = LINE ( 'NONE', #1254, #547 ) ;
#3475 = LINE ( 'NONE', #2416, #4034 ) ;
#3476 = AXIS2_PLACEMENT_3D ( 'NONE', #4303, #580, #3574 ) ;
#3477 = VERTEX_POINT ( 'NONE', #255 ) ;
#3478 = CARTESIAN_POINT ( 'NONE',  ( -0.8899999999999769207, 3.200000000000000178, 2.830000000000000071 ) ) ;
#3479 = VECTOR ( 'NONE', #3686, 1000.000000000000000 ) ;
#3480 = CARTESIAN_POINT ( 'NONE',  ( -6.329666666666690311, 0.000000000000000000, 0.000000000000000000 ) ) ;
#3481 = AXIS2_PLACEMENT_3D ( 'NONE', #1755, #4683, #1293 ) ;
#3482 = DIRECTION ( 'NONE',  ( 1.000000000000000000, 0.000000000000000000, 0.000000000000000000 ) ) ;
#3483 = ORIENTED_EDGE ( 'NONE', *, *, #4280, .F. ) ;
#3484 = CIRCLE ( 'NONE', #727, 2.305000000000000160 ) ;
#3485 = ORIENTED_EDGE ( 'NONE', *, *, #3199, .T. ) ;
#3486 = DIRECTION ( 'NONE',  ( 2.093391161677562877E-15, 1.000000000000000000, 0.000000000000000000 ) ) ;
#3487 = CARTESIAN_POINT ( 'NONE',  ( -8.899739026076780135, 0.4198924397465024216, -0.009846962383056913348 ) ) ;
#3488 = CONICAL_SURFACE ( 'NONE', #3412, 0.7600000000000002309, 0.01223516596216942670 ) ;
#3489 = ORIENTED_EDGE ( 'NONE', *, *, #2163, .T. ) ;
#3490 = EDGE_CURVE ( 'NONE', #1723, #3755, #2608, .T. ) ;
#3491 = ORIENTED_EDGE ( 'NONE', *, *, #3916, .T. ) ;
#3492 = FACE_OUTER_BOUND ( 'NONE', #218, .T. ) ;
#3493 = VECTOR ( 'NONE', #2357, 1000.000000000000227 ) ;
#3494 = CARTESIAN_POINT ( 'NONE',  ( -9.780000000000070415, -8.774356223274818732E-15, 5.028131716266557763E-14 ) ) ;
#3495 = DIRECTION ( 'NONE',  ( 0.000000000000000000, 0.000000000000000000, -1.000000000000000000 ) ) ;
#3496 = AXIS2_PLACEMENT_3D ( 'NONE', #426, #3107, #2274 ) ;
#3497 = DIRECTION ( 'NONE',  ( 0.000000000000000000, 0.000000000000000000, 1.000000000000000000 ) ) ;
#3498 = EDGE_CURVE ( 'NONE', #1686, #1659, #3543, .T. ) ;
#3499 = ORIENTED_EDGE ( 'NONE', *, *, #2009, .T. ) ;
#3500 = EDGE_CURVE ( 'NONE', #1777, #4485, #1739, .T. ) ;
#3501 = FACE_BOUND ( 'NONE', #1541, .T. ) ;
#3502 = DIRECTION ( 'NONE',  ( 0.6585046078685152793, 9.216406402856757775E-17, 0.7525766947068802670 ) ) ;
#3503 = DIRECTION ( 'NONE',  ( 0.000000000000000000, -1.000000000000000000, -1.355252715606880049E-16 ) ) ;
#3504 = ORIENTED_EDGE ( 'NONE', *, *, #3890, .T. ) ;
#3505 = DIRECTION ( 'NONE',  ( 1.000000000000000000, -0.000000000000000000, -0.000000000000000000 ) ) ;
#3506 = PLANE ( 'NONE',  #4326 ) ;
#3507 = CARTESIAN_POINT ( 'NONE',  ( -8.899739026076780135, 0.009846962383072282998, 0.4198924397464939839 ) ) ;
#3508 = VERTEX_POINT ( 'NONE', #3616 ) ;
#3509 = EDGE_LOOP ( 'NONE', ( #1222, #1875, #2563, #2406 ) ) ;
#3510 = CARTESIAN_POINT ( 'NONE',  ( -8.887920983205800596, -0.4201670376886836311, -0.01015434495474695602 ) ) ;
#3511 = DIRECTION ( 'NONE',  ( 1.379922160006039276E-15, 1.054711873393897727E-15, -1.000000000000000000 ) ) ;
#3512 = ORIENTED_EDGE ( 'NONE', *, *, #4042, .F. ) ;
#3513 = COORDINATED_UNIVERSAL_TIME_OFFSET ( 8, 0, .AHEAD. ) ;
#3514 = ORIENTED_EDGE ( 'NONE', *, *, #3976, .T. ) ;
#3515 = LINE ( 'NONE', #1639, #3634 ) ;
#3516 = CARTESIAN_POINT ( 'NONE',  ( -5.174644660940660224, 0.000000000000000000, 2.529644660940683298 ) ) ;
#3517 = DIRECTION ( 'NONE',  ( 0.000000000000000000, 0.000000000000000000, -1.000000000000000000 ) ) ;
#3518 = ADVANCED_FACE ( 'NONE', ( #973, #626 ), #1695, .F. ) ;
#3519 = CARTESIAN_POINT ( 'NONE',  ( -10.91999999999999993, 3.275930187719169848E-16, -2.674999999999999822 ) ) ;
#3520 = ORIENTED_EDGE ( 'NONE', *, *, #1040, .T. ) ;
#3521 = CARTESIAN_POINT ( 'NONE',  ( -0.9785000000000303455, 4.201499999999999346, 0.000000000000000000 ) ) ;
#3522 = CARTESIAN_POINT ( 'NONE',  ( -6.639999999999999680, 0.000000000000000000, -2.729999999999999982 ) ) ;
#3523 = DIRECTION ( 'NONE',  ( 0.7514118287111061223, 0.6598335120869742720, 0.000000000000000000 ) ) ;
#3524 = EDGE_CURVE ( 'NONE', #2640, #1632, #3979, .T. ) ;
#3525 = EDGE_CURVE ( 'NONE', #1360, #2564, #4740, .T. ) ;
#3526 = ORIENTED_EDGE ( 'NONE', *, *, #4233, .F. ) ;
#3527 = DIRECTION ( 'NONE',  ( 0.000000000000000000, 0.000000000000000000, -1.000000000000000000 ) ) ;
#3528 = CARTESIAN_POINT ( 'NONE',  ( 23.72277371219070119, 16.76757526204890070, -2.830000000000000071 ) ) ;
#3529 = B_SPLINE_CURVE_WITH_KNOTS ( 'NONE', 3,
 ( #712, #2908, #3996, #2117 ),
 .UNSPECIFIED., .F., .F.,
 ( 4, 4 ),
 ( 7.785962141094480030E-06, 0.0002678124944362059840 ),
 .UNSPECIFIED. ) ;
#3530 = CARTESIAN_POINT ( 'NONE',  ( -0.05999999999997670391, -1.576071064387640108, 0.8899999999999999023 ) ) ;
#3531 = ORIENTED_EDGE ( 'NONE', *, *, #50, .F. ) ;
#3532 = VERTEX_POINT ( 'NONE', #161 ) ;
#3533 = DIRECTION ( 'NONE',  ( -1.000000000000000000, 2.093391161677579838E-15, 0.000000000000000000 ) ) ;
#3534 = CARTESIAN_POINT ( 'NONE',  ( -8.977106130260658290, 0.7280575807464835236, 0.007862296986440827848 ) ) ;
#3535 = VERTEX_POINT ( 'NONE', #528 ) ;
#3536 = ORIENTED_EDGE ( 'NONE', *, *, #1002, .T. ) ;
#3537 = CIRCLE ( 'NONE', #1876, 2.729999999999999982 ) ;
#3538 = DIRECTION ( 'NONE',  ( -1.000000000000000000, -2.134256245050209793E-15, 0.000000000000000000 ) ) ;
#3539 = CARTESIAN_POINT ( 'NONE',  ( -8.934174368666218058, -0.4336578416742296049, -0.008965638295918922779 ) ) ;
#3540 = CARTESIAN_POINT ( 'NONE',  ( -8.489053083937040611, -0.7338585963536135015, -0.02041592648597508400 ) ) ;
#3541 = CONICAL_SURFACE ( 'NONE', #1418, 0.7600000000000002309, 0.01223516596216942670 ) ;
#3542 = VECTOR ( 'NONE', #2683, 1000.000000000000000 ) ;
#3543 = LINE ( 'NONE', #186, #2370 ) ;
#3544 = DIRECTION ( 'NONE',  ( 0.000000000000000000, 0.000000000000000000, 1.000000000000000000 ) ) ;
#3545 = VERTEX_POINT ( 'NONE', #2030 ) ;
#3546 = DIRECTION ( 'NONE',  ( -1.000000000000000000, 0.000000000000000000, 0.000000000000000000 ) ) ;
#3547 = EDGE_CURVE ( 'NONE', #4438, #4271, #328, .T. ) ;
#3548 = VECTOR ( 'NONE', #3843, 1000.000000000000000 ) ;
#3549 = CARTESIAN_POINT ( 'NONE',  ( -8.899739027852890061, 6.457239091268311778E-15, -6.396360220680939239E-16 ) ) ;
#3550 = CIRCLE ( 'NONE', #3072, 32.83858062188528493 ) ;
#3551 = DIRECTION ( 'NONE',  ( 0.000000000000000000, -1.000000000000000000, -1.054711873393898319E-15 ) ) ;
#3552 = VECTOR ( 'NONE', #2238, 1000.000000000000000 ) ;
#3553 = AXIS2_PLACEMENT_3D ( 'NONE', #743, #4146, #397 ) ;
#3554 = ORIENTED_EDGE ( 'NONE', *, *, #2892, .F. ) ;
#3555 = DIRECTION ( 'NONE',  ( -1.000000000000000000, 3.168959634848508524E-16, 1.000180237639160754E-15 ) ) ;
#3556 = ADVANCED_FACE ( 'NONE', ( #2797 ), #1813, .F. ) ;
#3557 = CARTESIAN_POINT ( 'NONE',  ( -10.91999999999999993, 3.275930187719169848E-16, -2.674999999999999822 ) ) ;
#3558 = ADVANCED_FACE ( 'NONE', ( #4691 ), #4255, .T. ) ;
#3559 = CIRCLE ( 'NONE', #2129, 0.4513331514533774347 ) ;
#3560 = DIRECTION ( 'NONE',  ( 0.000000000000000000, -1.000000000000000000, -1.054711873393898319E-15 ) ) ;
#3561 = AXIS2_PLACEMENT_3D ( 'NONE', #3168, #3907, #2790 ) ;
#3562 = ORIENTED_EDGE ( 'NONE', *, *, #1073, .F. ) ;
#3563 = EDGE_CURVE ( 'NONE', #3010, #3737, #1111, .T. ) ;
#3564 = EDGE_CURVE ( 'NONE', #1063, #1099, #3218, .T. ) ;
#3565 = ORIENTED_EDGE ( 'NONE', *, *, #1073, .T. ) ;
#3566 = CARTESIAN_POINT ( 'NONE',  ( -8.899312695554595365, 0.4198947008239032885, 0.009861273024780535523 ) ) ;
#3567 = AXIS2_PLACEMENT_3D ( 'NONE', #3359, #4830, #4126 ) ;
#3568 = EDGE_LOOP ( 'NONE', ( #3982, #1011, #1087, #3278 ) ) ;
#3569 = CIRCLE ( 'NONE', #1440, 0.6215000000000000524 ) ;
#3570 = ORIENTED_EDGE ( 'NONE', *, *, #2879, .F. ) ;
#3571 = CARTESIAN_POINT ( 'NONE',  ( -8.040000000000000924, 0.000000000000000000, 0.000000000000000000 ) ) ;
#3572 = DIRECTION ( 'NONE',  ( 0.000000000000000000, 0.000000000000000000, 1.000000000000000000 ) ) ;
#3573 = AXIS2_PLACEMENT_3D ( 'NONE', #2699, #3863, #526 ) ;
#3574 = DIRECTION ( 'NONE',  ( 0.000000000000000000, 0.000000000000000000, 1.000000000000000000 ) ) ;
#3575 = LINE ( 'NONE', #2798, #840 ) ;
#3576 = VERTEX_POINT ( 'NONE', #1349 ) ;
#3577 = DIRECTION ( 'NONE',  ( 1.000000000000000000, 0.000000000000000000, 0.000000000000000000 ) ) ;
#3578 = DIRECTION ( 'NONE',  ( 0.000000000000000000, 0.000000000000000000, 1.000000000000000000 ) ) ;
#3579 = DIRECTION ( 'NONE',  ( 0.6585046078685301563, 9.216406402856598770E-17, 0.7525766947068672774 ) ) ;
#3580 = CIRCLE ( 'NONE', #3891, 0.7620000000000001217 ) ;
#3581 = ORIENTED_EDGE ( 'NONE', *, *, #231, .F. ) ;
#3582 = CARTESIAN_POINT ( 'NONE',  ( -8.898884481100550303, -0.4198963719348879353, 0.009872289598297346799 ) ) ;
#3583 = EDGE_CURVE ( 'NONE', #2865, #108, #3964, .T. ) ;
#3584 = CARTESIAN_POINT ( 'NONE',  ( -0.05999999999997670391, -1.779999999999999805, -2.830000000000000071 ) ) ;
#3585 = ORIENTED_EDGE ( 'NONE', *, *, #4210, .F. ) ;
#3586 = B_SPLINE_CURVE_WITH_KNOTS ( 'NONE', 3,
 ( #319, #2516, #1823, #3334 ),
 .UNSPECIFIED., .F., .F.,
 ( 4, 4 ),
 ( 7.785962141094480030E-06, 0.0002678124944362059840 ),
 .UNSPECIFIED. ) ;
#3587 = DIRECTION ( 'NONE',  ( -0.7514118287111375416, 0.6598335120869386339, 0.000000000000000000 ) ) ;
#3588 = DIRECTION ( 'NONE',  ( 0.000000000000000000, 0.000000000000000000, -1.000000000000000000 ) ) ;
#3589 = ADVANCED_FACE ( 'NONE', ( #600 ), #993, .T. ) ;
#3590 = EDGE_CURVE ( 'NONE', #2105, #4293, #3342, .T. ) ;
#3591 = CARTESIAN_POINT ( 'NONE',  ( -7.339999999999999858, 0.000000000000000000, -2.729999999999999982 ) ) ;
#3592 = ORIENTED_EDGE ( 'NONE', *, *, #3043, .T. ) ;
#3593 = ORIENTED_EDGE ( 'NONE', *, *, #3833, .T. ) ;
#3594 = CARTESIAN_POINT ( 'NONE',  ( -8.977106130260658290, 0.007862296986438199742, -0.7280575807464680915 ) ) ;
#3595 = DIRECTION ( 'NONE',  ( -1.000000000000000000, 0.000000000000000000, 0.000000000000000000 ) ) ;
#3596 = CARTESIAN_POINT ( 'NONE',  ( -8.899312695554593589, -0.4198947008238956280, -0.009861273024762728587 ) ) ;
#3597 = DIRECTION ( 'NONE',  ( 0.6585046078685445892, 9.216406402856443463E-17, 0.7525766947068546209 ) ) ;
#3598 = ORIENTED_EDGE ( 'NONE', *, *, #646, .F. ) ;
#3599 = CARTESIAN_POINT ( 'NONE',  ( -8.940000000000230429, -2.045144957077170922, -0.7832509843860052667 ) ) ;
#3600 = FACE_BOUND ( 'NONE', #4560, .T. ) ;
#3601 = DIRECTION ( 'NONE',  ( -1.000000000000000000, 0.000000000000000000, 0.000000000000000000 ) ) ;
#3602 = EDGE_LOOP ( 'NONE', ( #3464, #918, #4150, #1004 ) ) ;
#3603 = CARTESIAN_POINT ( 'NONE',  ( -10.91999999999999993, 0.000000000000000000, 0.000000000000000000 ) ) ;
#3604 = FACE_OUTER_BOUND ( 'NONE', #951, .T. ) ;
#3605 = ORIENTED_EDGE ( 'NONE', *, *, #1067, .T. ) ;
#3606 = ADVANCED_FACE ( 'NONE', ( #2530 ), #88, .T. ) ;
#3607 = ORIENTED_EDGE ( 'NONE', *, *, #1318, .F. ) ;
#3608 = CARTESIAN_POINT ( 'NONE',  ( -0.8185000000000359766, 3.580000000000000071, 0.000000000000000000 ) ) ;
#3609 = CIRCLE ( 'NONE', #3054, 0.2850000000000000311 ) ;
#3610 = EDGE_LOOP ( 'NONE', ( #4565, #1604, #3073, #2691 ) ) ;
#3611 = ORIENTED_EDGE ( 'NONE', *, *, #105, .F. ) ;
#3612 = ADVANCED_FACE ( 'NONE', ( #1090 ), #1276, .T. ) ;
#3613 = LINE ( 'NONE', #184, #4567 ) ;
#3614 = ADVANCED_FACE ( 'NONE', ( #4467 ), #4030, .F. ) ;
#3615 = DIRECTION ( 'NONE',  ( 0.000000000000000000, 8.452834495324738648E-16, -1.000000000000000000 ) ) ;
#3616 = CARTESIAN_POINT ( 'NONE',  ( -10.91999999999999993, 0.000000000000000000, 2.454999999999901927 ) ) ;
#3617 = AXIS2_PLACEMENT_3D ( 'NONE', #1446, #749, #771 ) ;
#3618 = CARTESIAN_POINT ( 'NONE',  ( -1.610000000000000098, -4.128089751931280027, 2.830000000000000071 ) ) ;
#3619 = PRODUCT_DEFINITION_SHAPE ( 'NONE', 'NONE',  #3877 ) ;
#3620 = ORIENTED_EDGE ( 'NONE', *, *, #4771, .F. ) ;
#3621 = CARTESIAN_POINT ( 'NONE',  ( -9.879016743286728186, 6.767568246419961423E-15, 3.398181960692559894E-16 ) ) ;
#3622 = CARTESIAN_POINT ( 'NONE',  ( -8.917671042595518571, 0.7287671736999968841, 0.009389771867951039047 ) ) ;
#3623 = DIRECTION ( 'NONE',  ( -2.093391161677564061E-15, 1.000000000000000000, 0.000000000000000000 ) ) ;
#3624 = AXIS2_PLACEMENT_3D ( 'NONE', #3874, #2017, #491 ) ;
#3625 = ORIENTED_EDGE ( 'NONE', *, *, #3348, .T. ) ;
#3626 = AXIS2_PLACEMENT_3D ( 'NONE', #4786, #953, #4015 ) ;
#3627 = ORIENTED_EDGE ( 'NONE', *, *, #4682, .T. ) ;
#3628 = CIRCLE ( 'NONE', #3463, 0.4681858524161220947 ) ;
#3629 = CYLINDRICAL_SURFACE ( 'NONE', #4411, 0.7600000000000000089 ) ;
#3630 = VECTOR ( 'NONE', #357, 1000.000000000000227 ) ;
#3631 = DIRECTION ( 'NONE',  ( -2.093391161677564061E-15, -1.000000000000000000, 0.000000000000000000 ) ) ;
#3632 = ORIENTED_EDGE ( 'NONE', *, *, #750, .F. ) ;
#3633 = VECTOR ( 'NONE', #4392, 1000.000000000000000 ) ;
#3634 = VECTOR ( 'NONE', #2331, 1000.000000000000114 ) ;
#3635 = CARTESIAN_POINT ( 'NONE',  ( -9.750333333333358610, 0.000000000000000000, 3.084666666666650237 ) ) ;
#3636 = CARTESIAN_POINT ( 'NONE',  ( -0.4985000000000334164, -2.817999999999999616, 0.000000000000000000 ) ) ;
#3637 = CARTESIAN_POINT ( 'NONE',  ( -8.990000000000183178, -9.024704034427814099E-15, 4.949117477493075363E-14 ) ) ;
#3638 = ORIENTED_EDGE ( 'NONE', *, *, #745, .T. ) ;
#3639 = ORIENTED_EDGE ( 'NONE', *, *, #2323, .F. ) ;
#3640 = CIRCLE ( 'NONE', #1819, 0.6215000000000000524 ) ;
#3641 = CYLINDRICAL_SURFACE ( 'NONE', #1665, 0.2850000000000000311 ) ;
#3642 = CARTESIAN_POINT ( 'NONE',  ( -8.977106130260658290, 0.007862296986438199742, -0.7280575807464680915 ) ) ;
#3643 = DIRECTION ( 'NONE',  ( 0.000000000000000000, -1.000000000000000000, -1.054711873393898516E-15 ) ) ;
#3644 = CLOSED_SHELL ( 'NONE', ( #4777, #464, #4419, #3673, #2535, #1211, #2971 ) ) ;
#3645 = EDGE_CURVE ( 'NONE', #523, #1335, #4345, .T. ) ;
#3646 = CARTESIAN_POINT ( 'NONE',  ( -8.940000000000226876, 2.045144957077152714, 0.7832509843861039656 ) ) ;
#3647 = ORIENTED_EDGE ( 'NONE', *, *, #4127, .T. ) ;
#3648 = DIRECTION ( 'NONE',  ( 0.000000000000000000, -1.000000000000000000, -1.054711873393898516E-15 ) ) ;
#3649 = DIRECTION ( 'NONE',  ( 0.000000000000000000, 0.000000000000000000, 1.000000000000000000 ) ) ;
#3650 = CYLINDRICAL_SURFACE ( 'NONE', #3651, 2.155000000000000249 ) ;
#3651 = AXIS2_PLACEMENT_3D ( 'NONE', #4765, #1096, #2656 ) ;
#3652 = EDGE_CURVE ( 'NONE', #2403, #1081, #956, .T. ) ;
#3653 = VERTEX_POINT ( 'NONE', #4524 ) ;
#3654 = DIRECTION ( 'NONE',  ( -1.000000000000000000, 0.000000000000000000, 0.000000000000000000 ) ) ;
#3655 = CIRCLE ( 'NONE', #970, 0.7018484375000060282 ) ;
#3656 = DIRECTION ( 'NONE',  ( 0.000000000000000000, 0.000000000000000000, 1.000000000000000000 ) ) ;
#3657 = ORIENTED_EDGE ( 'NONE', *, *, #783, .T. ) ;
#3658 = CARTESIAN_POINT ( 'NONE',  ( -7.679999999999929550, 2.663606788145419658E-16, -2.174999999999939870 ) ) ;
#3659 = CARTESIAN_POINT ( 'NONE',  ( -8.116681427084946776, 0.02999584536066995932, 0.7380999804097326811 ) ) ;
#3660 = CONICAL_SURFACE ( 'NONE', #3029, 0.7620000000000001217, 0.7205971725114832527 ) ;
#3661 = CARTESIAN_POINT ( 'NONE',  ( -8.887920983205800596, 0.01015434495476219730, -0.4201670376886811886 ) ) ;
#3662 = ORIENTED_EDGE ( 'NONE', *, *, #4779, .F. ) ;
#3663 = B_SPLINE_CURVE_WITH_KNOTS ( 'NONE', 3,
 ( #3758, #3707, #1441, #275 ),
 .UNSPECIFIED., .F., .F.,
 ( 4, 4 ),
 ( 0.000000000000000000, 0.9687194804849231788 ),
 .UNSPECIFIED. ) ;
#3664 = CARTESIAN_POINT ( 'NONE',  ( -8.428787838708316826, -2.031137114905381402, -0.7778862516162275975 ) ) ;
#3665 = DIRECTION ( 'NONE',  ( -3.168959634848519371E-16, -1.000000000000000000, -1.054711873393898122E-15 ) ) ;
#3666 = CC_DESIGN_PERSON_AND_ORGANIZATION_ASSIGNMENT ( #2379, #1930, ( #1210 ) ) ;
#3667 = DIRECTION ( 'NONE',  ( 0.000000000000000000, 0.000000000000000000, 1.000000000000000000 ) ) ;
#3668 = LINE ( 'NONE', #2531, #3182 ) ;
#3669 = ORIENTED_EDGE ( 'NONE', *, *, #1050, .F. ) ;
#3670 = DIRECTION ( 'NONE',  ( -1.000000000000000000, -2.100641709190699945E-15, 0.000000000000000000 ) ) ;
#3671 = CARTESIAN_POINT ( 'NONE',  ( -8.912944868525487507, 0.009510561286274501341, 0.4199914523883154782 ) ) ;
#3672 = CARTESIAN_POINT ( 'NONE',  ( -8.974879419968567973, 0.6414091257176715022, -0.007917185508467839208 ) ) ;
#3673 = ADVANCED_FACE ( 'NONE', ( #652 ), #4858, .T. ) ;
#3674 = VERTEX_POINT ( 'NONE', #2177 ) ;
#3675 = CARTESIAN_POINT ( 'NONE',  ( -0.008999999999976740148, -1.576071064387640108, 0.8899999999999999023 ) ) ;
#3676 = EDGE_CURVE ( 'NONE', #2903, #4295, #1780, .T. ) ;
#3677 = EDGE_CURVE ( 'NONE', #1723, #4056, #651, .T. ) ;
#3678 = ORIENTED_EDGE ( 'NONE', *, *, #1256, .F. ) ;
#3679 = DIRECTION ( 'NONE',  ( 1.000000000000000000, -3.168959634848508524E-16, -1.000180237639160754E-15 ) ) ;
#3680 = CARTESIAN_POINT ( 'NONE',  ( -6.989999999999999325, 0.000000000000000000, 3.129999999999999893 ) ) ;
#3681 = EDGE_CURVE ( 'NONE', #2821, #4293, #4812, .T. ) ;
#3682 = ORIENTED_EDGE ( 'NONE', *, *, #4779, .T. ) ;
#3683 = CC_DESIGN_SECURITY_CLASSIFICATION ( #4824, ( #1210 ) ) ;
#3684 = VERTEX_POINT ( 'NONE', #1470 ) ;
#3685 = CARTESIAN_POINT ( 'NONE',  ( -0.6585000000000279519, -3.580000000000000071, 0.000000000000000000 ) ) ;
#3686 = DIRECTION ( 'NONE',  ( -1.000000000000000000, 0.000000000000000000, 0.000000000000000000 ) ) ;
#3687 = CARTESIAN_POINT ( 'NONE',  ( -0.5103362599170589986, -0.08591043457040163644, 0.6506195295615204710 ) ) ;
#3688 = ORIENTED_EDGE ( 'NONE', *, *, #4865, .F. ) ;
#3689 = DIRECTION ( 'NONE',  ( 0.000000000000000000, 0.000000000000000000, 1.000000000000000000 ) ) ;
#3690 = DIRECTION ( 'NONE',  ( 0.000000000000000000, -1.000000000000000000, -1.054711873393898319E-15 ) ) ;
#3691 = CARTESIAN_POINT ( 'NONE',  ( -7.679999999999929550, 0.04123024671364346888, -0.4494459704243187192 ) ) ;
#3692 = VECTOR ( 'NONE', #404, 999.9999999999998863 ) ;
#3693 = ORIENTED_EDGE ( 'NONE', *, *, #1204, .T. ) ;
#3694 = EDGE_CURVE ( 'NONE', #3293, #3853, #4108, .T. ) ;
#3695 = ORIENTED_EDGE ( 'NONE', *, *, #3162, .F. ) ;
#3696 = LINE ( 'NONE', #3429, #1009 ) ;
#3697 = DIRECTION ( 'NONE',  ( 0.000000000000000000, 0.000000000000000000, -1.000000000000000000 ) ) ;
#3698 = TOROIDAL_SURFACE ( 'NONE', #1956, 0.4700025088314099819, 0.05000000000000000278 ) ;
#3699 = CONICAL_SURFACE ( 'NONE', #2513, 2.674999999999999822, 0.7853981633975154475 ) ;
#3700 = FACE_OUTER_BOUND ( 'NONE', #2685, .T. ) ;
#3701 = EDGE_CURVE ( 'NONE', #3108, #2315, #3431, .T. ) ;
#3702 = ORIENTED_EDGE ( 'NONE', *, *, #351, .F. ) ;
#3703 = CARTESIAN_POINT ( 'NONE',  ( -0.8185000000000359766, 3.580000000000000071, 0.000000000000000000 ) ) ;
#3704 = AXIS2_PLACEMENT_3D ( 'NONE', #1937, #2612, #738 ) ;
#3705 = DIRECTION ( 'NONE',  ( -1.000000000000000000, 3.168959634848508524E-16, 1.000180237639160754E-15 ) ) ;
#3706 = VECTOR ( 'NONE', #1353, 1000.000000000000000 ) ;
#3707 = CARTESIAN_POINT ( 'NONE',  ( -8.924423283223477554, -0.4245781617575298261, 0.009215258785151621279 ) ) ;
#3708 = VECTOR ( 'NONE', #1885, 1000.000000000000000 ) ;
#3709 = EDGE_CURVE ( 'NONE', #4369, #2804, #3060, .T. ) ;
#3710 = ORIENTED_EDGE ( 'NONE', *, *, #2155, .F. ) ;
#3711 = CIRCLE ( 'NONE', #1662, 2.154999999999999805 ) ;
#3712 = ADVANCED_FACE ( 'NONE', ( #3391 ), #2943, .F. ) ;
#3713 = ORIENTED_EDGE ( 'NONE', *, *, #4427, .F. ) ;
#3714 = CARTESIAN_POINT ( 'NONE',  ( -8.887920983205800596, 0.01015434495476252343, -0.7291205759919741070 ) ) ;
#3715 = CIRCLE ( 'NONE', #2997, 2.189999999999970637 ) ;
#3716 = DIRECTION ( 'NONE',  ( -1.000000000000000000, 2.093391161677579838E-15, 0.000000000000000000 ) ) ;
#3717 = DIRECTION ( 'NONE',  ( 0.000000000000000000, 9.677481294472088158E-16, -1.000000000000000000 ) ) ;
#3718 = AXIS2_PLACEMENT_3D ( 'NONE', #752, #4107, #3667 ) ;
#3719 = EDGE_LOOP ( 'NONE', ( #3288, #3178, #1028, #201, #698 ) ) ;
#3720 = DIRECTION ( 'NONE',  ( 1.000000000000000000, 0.000000000000000000, 0.000000000000000000 ) ) ;
#3721 = CARTESIAN_POINT ( 'NONE',  ( -0.008999999999976740148, 3.200000000000000178, 0.8899999999999999023 ) ) ;
#3722 = DIRECTION ( 'NONE',  ( 1.991972495380191363E-15, 1.000000000000000000, 0.000000000000000000 ) ) ;
#3723 = CIRCLE ( 'NONE', #408, 0.8999999999999841460 ) ;
#3724 = EDGE_LOOP ( 'NONE', ( #189, #1803, #4589, #2551 ) ) ;
#3725 = ORIENTED_EDGE ( 'NONE', *, *, #750, .T. ) ;
#3726 = AXIS2_PLACEMENT_3D ( 'NONE', #2545, #342, #1390 ) ;
#3727 = CARTESIAN_POINT ( 'NONE',  ( -8.887920983205805925, -0.01015434495475293908, -4.370156041449631878 ) ) ;
#3728 = VECTOR ( 'NONE', #3523, 999.9999999999998863 ) ;
#3729 = CIRCLE ( 'NONE', #4431, 2.189999999999970637 ) ;
#3730 = FACE_OUTER_BOUND ( 'NONE', #4094, .T. ) ;
#3731 = ORIENTED_EDGE ( 'NONE', *, *, #1305, .F. ) ;
#3732 = ORIENTED_EDGE ( 'NONE', *, *, #2015, .T. ) ;
#3733 = DIRECTION ( 'NONE',  ( 1.991972495380191363E-15, 1.000000000000000000, 0.000000000000000000 ) ) ;
#3734 = CARTESIAN_POINT ( 'NONE',  ( -7.679999999999929550, 0.04123024671365072696, 0.7428277815978601151 ) ) ;
#3735 = EDGE_CURVE ( 'NONE', #3272, #2572, #3954, .T. ) ;
#3736 = CIRCLE ( 'NONE', #2472, 0.4200190127578620758 ) ;
#3737 = VERTEX_POINT ( 'NONE', #3089 ) ;
#3738 = APPROVAL_PERSON_ORGANIZATION ( #1589, #2424, #2003 ) ;
#3739 = AXIS2_PLACEMENT_3D ( 'NONE', #3878, #466, #1968 ) ;
#3740 = VERTEX_POINT ( 'NONE', #839 ) ;
#3741 = DIRECTION ( 'NONE',  ( 0.000000000000000000, 0.000000000000000000, -1.000000000000000000 ) ) ;
#3742 = EDGE_CURVE ( 'NONE', #4315, #1663, #405, .T. ) ;
#3743 = CARTESIAN_POINT ( 'NONE',  ( -8.899739026076780135, -0.009846962383059621252, -0.4198924397464954827 ) ) ;
#3744 = VERTEX_POINT ( 'NONE', #1220 ) ;
#3745 = CARTESIAN_POINT ( 'NONE',  ( -7.679999999999931326, -0.04123024671363877125, -0.7428277815978571175 ) ) ;
#3746 = CARTESIAN_POINT ( 'NONE',  ( -0.8899999999999769207, 3.200000000000000178, 1.649999999999999911 ) ) ;
#3747 = DIRECTION ( 'NONE',  ( 0.000000000000000000, 0.000000000000000000, 1.000000000000000000 ) ) ;
#3748 = ORIENTED_EDGE ( 'NONE', *, *, #2068, .F. ) ;
#3749 = AXIS2_PLACEMENT_3D ( 'NONE', #3365, #1882, #4859 ) ;
#3750 = EDGE_LOOP ( 'NONE', ( #1652, #217, #2673, #2004, #3457 ) ) ;
#3751 = CARTESIAN_POINT ( 'NONE',  ( -8.934174368666218058, 0.4336578673793736183, -0.008964394881389997974 ) ) ;
#3752 = CARTESIAN_POINT ( 'NONE',  ( -0.6585000000000292841, -4.201499999999999346, 0.000000000000000000 ) ) ;
#3753 = LINE ( 'NONE', #3519, #891 ) ;
#3754 = ORIENTED_EDGE ( 'NONE', *, *, #413, .T. ) ;
#3755 = VERTEX_POINT ( 'NONE', #3487 ) ;
#3756 = DIRECTION ( 'NONE',  ( 1.000000000000000000, 0.000000000000000000, 0.000000000000000000 ) ) ;
#3757 = CARTESIAN_POINT ( 'NONE',  ( -1.679999999999929772, -0.2849999999999958122, -8.991418799796480094E-15 ) ) ;
#3758 = CARTESIAN_POINT ( 'NONE',  ( -8.934174368666218058, -0.4336578673793606842, 0.008964394881407921137 ) ) ;
#3759 = ORIENTED_EDGE ( 'NONE', *, *, #4662, .T. ) ;
#3760 = EDGE_CURVE ( 'NONE', #2315, #2640, #4415, .T. ) ;
#3761 = EDGE_LOOP ( 'NONE', ( #944, #4698, #2002, #2033 ) ) ;
#3762 = CARTESIAN_POINT ( 'NONE',  ( -8.898454457782548843, 6.456832016198207214E-15, -6.409208236663127237E-16 ) ) ;
#3763 = B_SPLINE_CURVE_WITH_KNOTS ( 'NONE', 3,
 ( #3751, #364, #3375, #2012 ),
 .UNSPECIFIED., .F., .F.,
 ( 4, 4 ),
 ( 0.000000000000000000, 0.9687194804849620366 ),
 .UNSPECIFIED. ) ;
#3764 = CARTESIAN_POINT ( 'NONE',  ( -5.209999999999999964, 0.000000000000000000, 0.000000000000000000 ) ) ;
#3765 = DIRECTION ( 'NONE',  ( 1.000000000000000000, -3.168959634848508524E-16, -1.000180237639160754E-15 ) ) ;
#3766 = EDGE_CURVE ( 'NONE', #2733, #2935, #878, .T. ) ;
#3767 = EDGE_LOOP ( 'NONE', ( #4086, #4130 ) ) ;
#3768 = EDGE_CURVE ( 'NONE', #421, #1686, #3007, .T. ) ;
#3769 = CARTESIAN_POINT ( 'NONE',  ( -8.970426365894919485, 6.479639623363320087E-15, -5.689359435071367182E-16 ) ) ;
#3770 = DIRECTION ( 'NONE',  ( 0.000000000000000000, 0.000000000000000000, 1.000000000000000000 ) ) ;
#3771 = LINE ( 'NONE', #1527, #3960 ) ;
#3772 = AXIS2_PLACEMENT_3D ( 'NONE', #3965, #1717, #3219 ) ;
#3773 = ORIENTED_EDGE ( 'NONE', *, *, #264, .F. ) ;
#3774 = TOROIDAL_SURFACE ( 'NONE', #4701, 2.564999999999999947, 0.04999999999999879541 ) ;
#3775 = ADVANCED_FACE ( 'NONE', ( #1588 ), #3836, .F. ) ;
#3776 = EDGE_LOOP ( 'NONE', ( #1374, #2972, #4736, #1397 ) ) ;
#3777 = LINE ( 'NONE', #1842, #3934 ) ;
#3778 = CARTESIAN_POINT ( 'NONE',  ( -7.679999999999929550, -4.370156041449634543, 0.04123024671364790283 ) ) ;
#3779 = VECTOR ( 'NONE', #498, 1000.000000000000000 ) ;
#3780 = CARTESIAN_POINT ( 'NONE',  ( -8.899312695554593589, -0.009861273024765079137, 0.4198947008238942957 ) ) ;
#3781 = VERTEX_POINT ( 'NONE', #2349 ) ;
#3782 = DIRECTION ( 'NONE',  ( 2.093391161677562877E-15, 1.000000000000000000, 0.000000000000000000 ) ) ;
#3783 = AXIS2_PLACEMENT_3D ( 'NONE', #1504, #2243, #4478 ) ;
#3784 = DIRECTION ( 'NONE',  ( -9.912705577010324563E-16, -0.9338561447841048357, -0.3576488513178380235 ) ) ;
#3785 = EDGE_LOOP ( 'NONE', ( #2439, #1972, #3277, #4645, #1905, #1610, #1786, #170, #362 ) ) ;
#3786 = AXIS2_PLACEMENT_3D ( 'NONE', #4428, #2464, #2536 ) ;
#3787 = ORIENTED_EDGE ( 'NONE', *, *, #4564, .F. ) ;
#3788 = LINE ( 'NONE', #2231, #3692 ) ;
#3789 = EDGE_CURVE ( 'NONE', #2198, #3970, #476, .T. ) ;
#3790 = AXIS2_PLACEMENT_3D ( 'NONE', #612, #2119, #273 ) ;
#3791 = CARTESIAN_POINT ( 'NONE',  ( -5.390710678118679766, 0.000000000000000000, 2.674999999999999822 ) ) ;
#3792 = CARTESIAN_POINT ( 'NONE',  ( -10.91999999999999993, 3.245314017740443561E-16, 2.625000000000000000 ) ) ;
#3793 = ORIENTED_EDGE ( 'NONE', *, *, #3284, .F. ) ;
#3794 = DIRECTION ( 'NONE',  ( -0.7514118287111057892, -0.6598335120869746051, -8.080629985474680852E-17 ) ) ;
#3795 = VECTOR ( 'NONE', #4395, 1000.000000000000000 ) ;
#3796 = DIRECTION ( 'NONE',  ( 0.000000000000000000, -1.000000000000000000, 0.000000000000000000 ) ) ;
#3797 = VECTOR ( 'NONE', #4382, 1000.000000000000000 ) ;
#3798 = CARTESIAN_POINT ( 'NONE',  ( -7.339999999999999858, 3.588215121501745087E-16, 2.729999999999999982 ) ) ;
#3799 = EDGE_CURVE ( 'NONE', #2667, #43, #484, .T. ) ;
#3800 = AXIS2_PLACEMENT_3D ( 'NONE', #4835, #279, #3022 ) ;
#3801 = ORIENTED_EDGE ( 'NONE', *, *, #3799, .F. ) ;
#3802 = ORIENTED_EDGE ( 'NONE', *, *, #439, .T. ) ;
#3803 = FACE_OUTER_BOUND ( 'NONE', #4404, .T. ) ;
#3804 = LINE ( 'NONE', #4509, #308 ) ;
#3805 = CIRCLE ( 'NONE', #3481, 0.7620000000000001217 ) ;
#3806 = EDGE_CURVE ( 'NONE', #2175, #688, #3462, .T. ) ;
#3807 = EDGE_CURVE ( 'NONE', #1063, #120, #3640, .T. ) ;
#3808 = AXIS2_PLACEMENT_3D ( 'NONE', #780, #732, #3028 ) ;
#3809 = ORIENTED_EDGE ( 'NONE', *, *, #3850, .T. ) ;
#3810 = CARTESIAN_POINT ( 'NONE',  ( -10.91999999999999993, 0.000000000000000000, 0.6550000000000130163 ) ) ;
#3811 = AXIS2_PLACEMENT_3D ( 'NONE', #87, #133, #3840 ) ;
#3812 = CARTESIAN_POINT ( 'NONE',  ( -8.934174368666258914, 6.468151511773293565E-15, -6.051944747101936663E-16 ) ) ;
#3813 = VERTEX_POINT ( 'NONE', #1545 ) ;
#3814 = ORIENTED_EDGE ( 'NONE', *, *, #3310, .T. ) ;
#3815 = DIRECTION ( 'NONE',  ( 0.7514118287111315464, 0.6598335120869454062, -8.080629985474323400E-17 ) ) ;
#3816 = AXIS2_PLACEMENT_3D ( 'NONE', #1411, #2144, #3656 ) ;
#3817 = CARTESIAN_POINT ( 'NONE',  ( -8.899739026076780135, -0.009846962383059621252, -0.4198924397464954827 ) ) ;
#3818 = COORDINATED_UNIVERSAL_TIME_OFFSET ( 8, 0, .AHEAD. ) ;
#3819 = VERTEX_POINT ( 'NONE', #3791 ) ;
#3820 = VECTOR ( 'NONE', #1658, 1000.000000000000000 ) ;
#3821 = DIRECTION ( 'NONE',  ( -0.7071067811866191821, 8.659560562354057716E-17, -0.7071067811864759634 ) ) ;
#3822 = DIRECTION ( 'NONE',  ( -9.912705577010324563E-16, -0.9338561447841048357, -0.3576488513178380235 ) ) ;
#3823 = FACE_OUTER_BOUND ( 'NONE', #3325, .T. ) ;
#3824 = ORIENTED_EDGE ( 'NONE', *, *, #1329, .T. ) ;
#3825 = CARTESIAN_POINT ( 'NONE',  ( -5.209999999999999964, 0.000000000000000000, 0.000000000000000000 ) ) ;
#3826 = EDGE_CURVE ( 'NONE', #3813, #1086, #81, .T. ) ;
#3827 = DIRECTION ( 'NONE',  ( -1.000000000000000000, -1.991972495380200041E-15, 0.000000000000000000 ) ) ;
#3828 = ORIENTED_EDGE ( 'NONE', *, *, #2940, .F. ) ;
#3829 = EDGE_CURVE ( 'NONE', #2270, #979, #4498, .T. ) ;
#3830 = FACE_OUTER_BOUND ( 'NONE', #2247, .T. ) ;
#3831 = CARTESIAN_POINT ( 'NONE',  ( -9.090000000000001634, 0.000000000000000000, 0.000000000000000000 ) ) ;
#3832 = ORIENTED_EDGE ( 'NONE', *, *, #686, .F. ) ;
#3833 = EDGE_CURVE ( 'NONE', #4004, #4693, #1669, .T. ) ;
#3834 = ORIENTED_EDGE ( 'NONE', *, *, #3807, .T. ) ;
#3835 = CARTESIAN_POINT ( 'NONE',  ( -7.689999999999999503, 0.000000000000000000, 3.129999999999999893 ) ) ;
#3836 = PLANE ( 'NONE',  #2613 ) ;
#3837 = PERSON_AND_ORGANIZATION_ROLE ( 'design_supplier' ) ;
#3838 = VERTEX_POINT ( 'NONE', #1196 ) ;
#3839 = DIRECTION ( 'NONE',  ( 1.000000000000000000, -3.168959634848508524E-16, -1.000180237639160754E-15 ) ) ;
#3840 = DIRECTION ( 'NONE',  ( 0.000000000000000000, 0.000000000000000000, 1.000000000000000000 ) ) ;
#3841 = ORIENTED_EDGE ( 'NONE', *, *, #3061, .T. ) ;
#3842 = DIRECTION ( 'NONE',  ( -1.000000000000000000, 0.000000000000000000, 0.000000000000000000 ) ) ;
#3843 = DIRECTION ( 'NONE',  ( 1.000000000000000000, 0.000000000000000000, 0.000000000000000000 ) ) ;
#3844 = CARTESIAN_POINT ( 'NONE',  ( -8.970426365894919485, 6.479639623363320087E-15, -5.689359435071367182E-16 ) ) ;
#3845 = EDGE_CURVE ( 'NONE', #1099, #1055, #4261, .T. ) ;
#3846 = ORIENTED_EDGE ( 'NONE', *, *, #3952, .T. ) ;
#3847 = DIRECTION ( 'NONE',  ( -0.7514118287110528316, 0.6598335120870350012, 0.000000000000000000 ) ) ;
#3848 = CARTESIAN_POINT ( 'NONE',  ( -8.970426365894919485, -0.4681169167957626165, -0.008033966158352863832 ) ) ;
#3849 =( BOUNDED_CURVE ( )  B_SPLINE_CURVE ( 3, ( #434, #1934, #3446, #65 ),
 .UNSPECIFIED., .F., .F. ) 
 B_SPLINE_CURVE_WITH_KNOTS ( ( 4, 4 ),
 ( 4.229028245631490712, 4.266166851486038247 ),
 .UNSPECIFIED. ) 
 CURVE ( )  GEOMETRIC_REPRESENTATION_ITEM ( )  RATIONAL_B_SPLINE_CURVE ( ( 1.000000000000000000, 0.9998850636323421970, 0.9998850636323421970, 1.000000000000000000 ) ) 
 REPRESENTATION_ITEM ( '' )  );
#3850 = EDGE_CURVE ( 'NONE', #2049, #409, #4608, .T. ) ;
#3851 = VECTOR ( 'NONE', #3815, 1000.000000000000114 ) ;
#3852 = FACE_OUTER_BOUND ( 'NONE', #628, .T. ) ;
#3853 = VERTEX_POINT ( 'NONE', #4201 ) ;
#3854 = VERTEX_POINT ( 'NONE', #2693 ) ;
#3855 = CIRCLE ( 'NONE', #4169, 2.625000000000000000 ) ;
#3856 = CARTESIAN_POINT ( 'NONE',  ( -1.298500000000019972, -3.580000000000000071, 0.000000000000000000 ) ) ;
#3857 = EDGE_CURVE ( 'NONE', #3211, #2403, #869, .T. ) ;
#3858 = ADVANCED_FACE ( 'NONE', ( #406 ), #1909, .T. ) ;
#3859 = DIRECTION ( 'NONE',  ( 0.000000000000000000, 1.000000000000000000, 0.000000000000000000 ) ) ;
#3860 = ORIENTED_EDGE ( 'NONE', *, *, #473, .F. ) ;
#3861 = DIRECTION ( 'NONE',  ( -0.7514118287111057892, -0.6598335120869746051, -8.080629985474680852E-17 ) ) ;
#3862 = CARTESIAN_POINT ( 'NONE',  ( -5.209999999999999964, 3.079986699855594754E-16, -2.515000000000001013 ) ) ;
#3863 = DIRECTION ( 'NONE',  ( -1.000000000000000000, -2.093391161677569977E-15, 0.000000000000000000 ) ) ;
#3864 = VECTOR ( 'NONE', #4648, 999.9999999999998863 ) ;
#3865 = CIRCLE ( 'NONE', #707, 2.229595535139869966 ) ;
#3866 = CARTESIAN_POINT ( 'NONE',  ( -5.919999999999999929, 0.000000000000000000, 0.000000000000000000 ) ) ;
#3867 = ORIENTED_EDGE ( 'NONE', *, *, #2517, .T. ) ;
#3868 = AXIS2_PLACEMENT_3D ( 'NONE', #1513, #2709, #3452 ) ;
#3869 = FACE_BOUND ( 'NONE', #1862, .T. ) ;
#3870 = DIRECTION ( 'NONE',  ( 0.000000000000000000, 0.000000000000000000, 1.000000000000000000 ) ) ;
#3871 = DIRECTION ( 'NONE',  ( 1.000000000000000000, 0.000000000000000000, 0.000000000000000000 ) ) ;
#3872 = AXIS2_PLACEMENT_3D ( 'NONE', #481, #525, #4668 ) ;
#3873 = VERTEX_POINT ( 'NONE', #3534 ) ;
#3874 = CARTESIAN_POINT ( 'NONE',  ( -1.679999999999929772, 4.169332935927667008E-15, -7.860676318638790964E-15 ) ) ;
#3875 = VECTOR ( 'NONE', #4543, 1000.000000000000227 ) ;
#3876 = FACE_OUTER_BOUND ( 'NONE', #715, .T. ) ;
#3877 = PRODUCT_DEFINITION ( 'UNKNOWN', '', #1210, #1491 ) ;
#3878 = CARTESIAN_POINT ( 'NONE',  ( -0.3385000000000409903, -3.580000000000000071, 0.000000000000000000 ) ) ;
#3879 = ORIENTED_EDGE ( 'NONE', *, *, #4069, .F. ) ;
#3880 = CIRCLE ( 'NONE', #4508, 2.154999999999999805 ) ;
#3881 = EDGE_CURVE ( 'NONE', #2097, #500, #2532, .T. ) ;
#3882 = VERTEX_POINT ( 'NONE', #2811 ) ;
#3883 = FACE_OUTER_BOUND ( 'NONE', #817, .T. ) ;
#3884 = CARTESIAN_POINT ( 'NONE',  ( -9.780000000000068638, 2.012459992009737242, 0.7707332745899910798 ) ) ;
#3885 = ORIENTED_EDGE ( 'NONE', *, *, #4452, .F. ) ;
#3886 = DATE_AND_TIME ( #1949, #428 ) ;
#3887 = B_SPLINE_CURVE_WITH_KNOTS ( 'NONE', 3,
 ( #1194, #4585, #2373, #4296 ),
 .UNSPECIFIED., .F., .F.,
 ( 4, 4 ),
 ( 2.001289382749420160E-07, 1.074039647992110105E-05 ),
 .UNSPECIFIED. ) ;
#3888 = ORIENTED_EDGE ( 'NONE', *, *, #1898, .T. ) ;
#3889 = CARTESIAN_POINT ( 'NONE',  ( -7.679999999999929550, -4.370156041449634543, -0.04123024671363344218 ) ) ;
#3890 = EDGE_CURVE ( 'NONE', #4095, #2126, #1030, .T. ) ;
#3891 = AXIS2_PLACEMENT_3D ( 'NONE', #1621, #1673, #4039 ) ;
#3892 = CARTESIAN_POINT ( 'NONE',  ( -0.1599999999999660028, 0.000000000000000000, 0.000000000000000000 ) ) ;
#3893 = CARTESIAN_POINT ( 'NONE',  ( -8.740000000000000213, 0.000000000000000000, 0.000000000000000000 ) ) ;
#3894 = CIRCLE ( 'NONE', #3496, 0.6550000000000130163 ) ;
#3895 = DIRECTION ( 'NONE',  ( 0.7514118287111029026, 0.6598335120869779358, -8.080629985474719063E-17 ) ) ;
#3896 = ORIENTED_EDGE ( 'NONE', *, *, #1318, .T. ) ;
#3897 = DIRECTION ( 'NONE',  ( -1.000000000000000000, -2.093391161677579838E-15, 0.000000000000000000 ) ) ;
#3898 = CARTESIAN_POINT ( 'NONE',  ( -8.489053083937079691, -0.02041592648597626708, 0.7338585963536279344 ) ) ;
#3899 = VECTOR ( 'NONE', #542, 1000.000000000000000 ) ;
#3900 = EDGE_LOOP ( 'NONE', ( #4221, #2786, #209, #1558 ) ) ;
#3901 = CARTESIAN_POINT ( 'NONE',  ( -8.958341921918679063, 0.4566310267794225219, 0.008344534971438303736 ) ) ;
#3902 = LINE ( 'NONE', #1994, #1811 ) ;
#3903 = CARTESIAN_POINT ( 'NONE',  ( -0.8185000000000359766, 3.580000000000000071, 0.000000000000000000 ) ) ;
#3904 = VERTEX_POINT ( 'NONE', #2767 ) ;
#3905 = VERTEX_POINT ( 'NONE', #4001 ) ;
#3906 = CYLINDRICAL_SURFACE ( 'NONE', #1005, 5.004999999999999893 ) ;
#3907 = DIRECTION ( 'NONE',  ( 1.000000000000000000, -0.000000000000000000, -0.000000000000000000 ) ) ;
#3908 = EDGE_CURVE ( 'NONE', #4249, #108, #1709, .T. ) ;
#3909 = VERTEX_POINT ( 'NONE', #4633 ) ;
#3910 = CARTESIAN_POINT ( 'NONE',  ( -8.970426365894919485, 6.479639623363320087E-15, -5.689359435071367182E-16 ) ) ;
#3911 = FACE_OUTER_BOUND ( 'NONE', #1900, .T. ) ;
#3912 = DIRECTION ( 'NONE',  ( 0.000000000000000000, 0.000000000000000000, 1.000000000000000000 ) ) ;
#3913 = CARTESIAN_POINT ( 'NONE',  ( -9.780000000000068638, 2.045144957077153158, 0.7832509843861048537 ) ) ;
#3914 = UNCERTAINTY_MEASURE_WITH_UNIT (LENGTH_MEASURE( 1.000000000000000082E-05 ), #728, 'distance_accuracy_value', 'NONE');
#3915 = EDGE_CURVE ( 'NONE', #597, #1863, #4186, .T. ) ;
#3916 = EDGE_CURVE ( 'NONE', #3940, #1313, #1372, .T. ) ;
#3917 = CARTESIAN_POINT ( 'NONE',  ( -8.977106130260658290, 6.481756413727852622E-15, -5.622549751964386981E-16 ) ) ;
#3918 = ORIENTED_EDGE ( 'NONE', *, *, #4650, .T. ) ;
#3919 = DIRECTION ( 'NONE',  ( -1.000000000000000000, 0.000000000000000000, 0.000000000000000000 ) ) ;
#3920 = PLANE ( 'NONE',  #2120 ) ;
#3921 = CARTESIAN_POINT ( 'NONE',  ( -8.970426365894919485, 0.008031748193331125427, 0.4681169548559190874 ) ) ;
#3922 = EDGE_CURVE ( 'NONE', #2902, #1309, #3320, .T. ) ;
#3923 = EDGE_CURVE ( 'NONE', #1907, #2412, #4570, .T. ) ;
#3924 = VERTEX_POINT ( 'NONE', #1396 ) ;
#3925 = CARTESIAN_POINT ( 'NONE',  ( -8.970426365894919485, -0.008033966158355377446, 0.4681169167957780486 ) ) ;
#3926 = DIRECTION ( 'NONE',  ( 0.000000000000000000, 0.000000000000000000, -1.000000000000000000 ) ) ;
#3927 = DIRECTION ( 'NONE',  ( 1.991972495380191363E-15, 1.000000000000000000, 0.000000000000000000 ) ) ;
#3928 = VERTEX_POINT ( 'NONE', #1116 ) ;
#3929 = DIRECTION ( 'NONE',  ( -2.093391161677564061E-15, 1.000000000000000000, 0.000000000000000000 ) ) ;
#3930 = DIRECTION ( 'NONE',  ( 1.000000000000000000, -3.168959634848508524E-16, -1.000180237639160754E-15 ) ) ;
#3931 = CONICAL_SURFACE ( 'NONE', #777, 0.6214999999999996083, 0.7205971725115640769 ) ;
#3932 = ORIENTED_EDGE ( 'NONE', *, *, #4518, .F. ) ;
#3933 = ORIENTED_EDGE ( 'NONE', *, *, #931, .T. ) ;
#3934 = VECTOR ( 'NONE', #4087, 1000.000000000000000 ) ;
#3935 = CARTESIAN_POINT ( 'NONE',  ( -0.3385000000000409903, -3.580000000000000071, 0.000000000000000000 ) ) ;
#3936 = DIRECTION ( 'NONE',  ( 0.000000000000000000, -1.000000000000000000, 0.000000000000000000 ) ) ;
#3937 = CIRCLE ( 'NONE', #618, 0.7620000000000001217 ) ;
#3938 = DIRECTION ( 'NONE',  ( 1.000000000000000000, -3.168959634848508524E-16, -1.000180237639160754E-15 ) ) ;
#3939 = CARTESIAN_POINT ( 'NONE',  ( -8.887920983205802372, -4.370156041449634543, 0.01015434495476797913 ) ) ;
#3940 = VERTEX_POINT ( 'NONE', #720 ) ;
#3941 = CARTESIAN_POINT ( 'NONE',  ( -1.618500000000001160, 4.201499999999999346, -8.471494233101810303E-17 ) ) ;
#3942 = DIRECTION ( 'NONE',  ( 0.000000000000000000, 0.000000000000000000, 1.000000000000000000 ) ) ;
#3943 = AXIS2_PLACEMENT_3D ( 'NONE', #3769, #1494, #2947 ) ;
#3944 = LINE ( 'NONE', #4620, #886 ) ;
#3945 = ADVANCED_FACE ( 'NONE', ( #1037 ), #103, .T. ) ;
#3946 = AXIS2_PLACEMENT_3D ( 'NONE', #3409, #34, #1538 ) ;
#3947 = ORIENTED_EDGE ( 'NONE', *, *, #508, .F. ) ;
#3948 = DIRECTION ( 'NONE',  ( 0.000000000000000000, 0.000000000000000000, 1.000000000000000000 ) ) ;
#3949 = CARTESIAN_POINT ( 'NONE',  ( -10.16000000000000014, 0.000000000000000000, 0.000000000000000000 ) ) ;
#3950 = VECTOR ( 'NONE', #2456, 1000.000000000000000 ) ;
#3951 = ADVANCED_FACE ( 'NONE', ( #2197 ), #2863, .F. ) ;
#3952 = EDGE_CURVE ( 'NONE', #3360, #550, #3663, .T. ) ;
#3953 = LINE ( 'NONE', #3584, #3423 ) ;
#3954 = CIRCLE ( 'NONE', #2374, 2.674999999999999822 ) ;
#3955 = ORIENTED_EDGE ( 'NONE', *, *, #2474, .T. ) ;
#3956 = ORIENTED_EDGE ( 'NONE', *, *, #653, .T. ) ;
#3957 = DIRECTION ( 'NONE',  ( 0.000000000000000000, 0.000000000000000000, 1.000000000000000000 ) ) ;
#3958 = CONICAL_SURFACE ( 'NONE', #1903, 2.729999999999999982, 0.8519663271732560439 ) ;
#3959 = ORIENTED_EDGE ( 'NONE', *, *, #2517, .F. ) ;
#3960 = VECTOR ( 'NONE', #4502, 1000.000000000000000 ) ;
#3961 = EDGE_LOOP ( 'NONE', ( #178, #4306, #692, #239, #6, #4240, #3030 ) ) ;
#3962 = CARTESIAN_POINT ( 'NONE',  ( -8.887920983205802372, -4.370156041449634543, -0.01015434495475062322 ) ) ;
#3963 = CARTESIAN_POINT ( 'NONE',  ( -5.919999999999999929, 0.000000000000000000, 0.000000000000000000 ) ) ;
#3964 = LINE ( 'NONE', #4375, #2296 ) ;
#3965 = CARTESIAN_POINT ( 'NONE',  ( -8.428787838708315050, -9.202549902999818360E-15, 4.892986146208386365E-14 ) ) ;
#3966 = EDGE_LOOP ( 'NONE', ( #3562, #4709, #223, #3801 ) ) ;
#3967 = CARTESIAN_POINT ( 'NONE',  ( -0.05999999999997670391, -2.439999999999999947, 1.649999999999999911 ) ) ;
#3968 = PLANE ( 'NONE',  #2836 ) ;
#3969 = CARTESIAN_POINT ( 'NONE',  ( -10.76999999999999957, 2.822810872034649425E-16, -2.305000000000000160 ) ) ;
#3970 = VERTEX_POINT ( 'NONE', #324 ) ;
#3971 = EDGE_CURVE ( 'NONE', #3024, #4081, #1455, .T. ) ;
#3972 = ORIENTED_EDGE ( 'NONE', *, *, #4120, .F. ) ;
#3973 = AXIS2_PLACEMENT_3D ( 'NONE', #2226, #349, #2889 ) ;
#3974 = CARTESIAN_POINT ( 'NONE',  ( -6.329666666666690311, 0.000000000000000000, 0.000000000000000000 ) ) ;
#3975 = CARTESIAN_POINT ( 'NONE',  ( -9.440000000000001279, 3.343285761672274002E-16, 2.729999999999999982 ) ) ;
#3976 = EDGE_CURVE ( 'NONE', #120, #1055, #4776, .T. ) ;
#3977 = ORIENTED_EDGE ( 'NONE', *, *, #3524, .F. ) ;
#3978 = PLANE ( 'NONE',  #4503 ) ;
#3979 =( BOUNDED_CURVE ( )  B_SPLINE_CURVE ( 3, ( #2131, #1018, #4715, #2084 ),
 .UNSPECIFIED., .F., .F. ) 
 B_SPLINE_CURVE_WITH_KNOTS ( ( 4, 4 ),
 ( 3.188399990043085275, 3.191695899193309760 ),
 .UNSPECIFIED. ) 
 CURVE ( )  GEOMETRIC_REPRESENTATION_ITEM ( )  RATIONAL_B_SPLINE_CURVE ( ( 1.000000000000000000, 0.9999990947487775728, 0.9999990947487775728, 1.000000000000000000 ) ) 
 REPRESENTATION_ITEM ( '' )  );
#3980 = DIRECTION ( 'NONE',  ( -1.000000000000000000, 0.000000000000000000, 0.000000000000000000 ) ) ;
#3981 = EDGE_LOOP ( 'NONE', ( #4469, #3262, #2776, #497 ) ) ;
#3982 = ORIENTED_EDGE ( 'NONE', *, *, #3995, .F. ) ;
#3983 = FACE_OUTER_BOUND ( 'NONE', #576, .T. ) ;
#3984 = CARTESIAN_POINT ( 'NONE',  ( -8.977106130260658290, -0.7280552080212927546, 0.007862296986447192548 ) ) ;
#3985 = DIRECTION ( 'NONE',  ( 0.000000000000000000, 0.000000000000000000, 1.000000000000000000 ) ) ;
#3986 = LINE ( 'NONE', #3023, #4621 ) ;
#3987 = EDGE_LOOP ( 'NONE', ( #477, #4519, #445, #3489, #427, #415 ) ) ;
#3988 = CARTESIAN_POINT ( 'NONE',  ( -8.116681427084881051, 0.7380999804097316819, -0.02999584536065737911 ) ) ;
#3989 = CARTESIAN_POINT ( 'NONE',  ( -0.4985000000000350262, 3.580000000000000071, 0.000000000000000000 ) ) ;
#3990 = CARTESIAN_POINT ( 'NONE',  ( -1.618499999999999828, 3.580000000000000071, 0.000000000000000000 ) ) ;
#3991 = ORIENTED_EDGE ( 'NONE', *, *, #2884, .T. ) ;
#3992 = VERTEX_POINT ( 'NONE', #371 ) ;
#3993 = DIRECTION ( 'NONE',  ( 0.000000000000000000, 0.000000000000000000, -1.000000000000000000 ) ) ;
#3994 = CARTESIAN_POINT ( 'NONE',  ( -8.958341921444748834, 0.008342641880720556846, 0.4566310612206160857 ) ) ;
#3995 = EDGE_CURVE ( 'NONE', #4271, #2315, #3025, .T. ) ;
#3996 = CARTESIAN_POINT ( 'NONE',  ( -8.974879461024119820, -0.6414106948486987259, -0.007919522128369473057 ) ) ;
#3997 = VERTEX_POINT ( 'NONE', #3661 ) ;
#3998 = CARTESIAN_POINT ( 'NONE',  ( -7.679999999999929550, -0.4494459704215345019, 0.04123024671365152494 ) ) ;
#3999 = ORIENTED_EDGE ( 'NONE', *, *, #745, .F. ) ;
#4000 = ADVANCED_FACE ( 'NONE', ( #2594 ), #4590, .F. ) ;
#4001 = CARTESIAN_POINT ( 'NONE',  ( -5.919999999999999929, 3.526778673744506502E-16, -2.674999999999999822 ) ) ;
#4002 = CIRCLE ( 'NONE', #3133, 32.83858061316109200 ) ;
#4003 = ORIENTED_EDGE ( 'NONE', *, *, #4325, .T. ) ;
#4004 = VERTEX_POINT ( 'NONE', #2987 ) ;
#4005 = CARTESIAN_POINT ( 'NONE',  ( -8.887920983205800596, 0.01015434495476252343, -0.7291205759919741070 ) ) ;
#4006 = CIRCLE ( 'NONE', #4085, 0.7439711327449154421 ) ;
#4007 = DIRECTION ( 'NONE',  ( -3.045511720464554415E-16, -1.000000000000000000, -1.054711873393898911E-15 ) ) ;
#4008 = EDGE_CURVE ( 'NONE', #3653, #2572, #4490, .T. ) ;
#4009 = EDGE_CURVE ( 'NONE', #1697, #4848, #815, .T. ) ;
#4010 = DIRECTION ( 'NONE',  ( 1.000000000000000000, -3.168959634848508524E-16, -1.000180237639160754E-15 ) ) ;
#4011 = CONICAL_SURFACE ( 'NONE', #1570, 0.7281000319985680980, 1.545102098288249959 ) ;
#4012 = DIRECTION ( 'NONE',  ( -0.02571825743831380670, -9.237888229561209373E-16, 0.9996692309130739140 ) ) ;
#4013 = VERTEX_POINT ( 'NONE', #4031 ) ;
#4014 = CARTESIAN_POINT ( 'NONE',  ( -0.6585000000000267306, 2.958499999999999908, -8.471494233101822629E-17 ) ) ;
#4015 = DIRECTION ( 'NONE',  ( 0.000000000000000000, 0.000000000000000000, 1.000000000000000000 ) ) ;
#4016 = DIRECTION ( 'NONE',  ( 1.000000000000000000, 0.000000000000000000, 0.000000000000000000 ) ) ;
#4017 = ORIENTED_EDGE ( 'NONE', *, *, #1647, .T. ) ;
#4018 = CIRCLE ( 'NONE', #2831, 0.4200025088314099375 ) ;
#4019 = ORIENTED_EDGE ( 'NONE', *, *, #3500, .T. ) ;
#4020 = CIRCLE ( 'NONE', #392, 0.3449999999999999734 ) ;
#4021 = FACE_OUTER_BOUND ( 'NONE', #1408, .T. ) ;
#4022 = AXIS2_PLACEMENT_3D ( 'NONE', #4182, #3048, #2771 ) ;
#4023 = CARTESIAN_POINT ( 'NONE',  ( -0.9785000000000290132, -3.580000000000000071, 0.000000000000000000 ) ) ;
#4024 = ORIENTED_EDGE ( 'NONE', *, *, #264, .T. ) ;
#4025 = CC_DESIGN_PERSON_AND_ORGANIZATION_ASSIGNMENT ( #3421, #799, ( #3187 ) ) ;
#4026 = AXIS2_PLACEMENT_3D ( 'NONE', #3962, #4035, #4670 ) ;
#4027 = CIRCLE ( 'NONE', #3553, 0.7620000000000001217 ) ;
#4028 = CARTESIAN_POINT ( 'NONE',  ( -8.974879419968567973, -0.6414091257176587346, 0.007917185508485871659 ) ) ;
#4029 = ORIENTED_EDGE ( 'NONE', *, *, #559, .T. ) ;
#4030 = CONICAL_SURFACE ( 'NONE', #3080, 0.6214999999999996083, 0.7205971725114797000 ) ;
#4031 = CARTESIAN_POINT ( 'NONE',  ( -8.970426365894919485, 0.4681169548559166449, -0.008031748193315646489 ) ) ;
#4032 = ORIENTED_EDGE ( 'NONE', *, *, #3260, .F. ) ;
#4033 = EDGE_CURVE ( 'NONE', #2466, #4831, #1776, .T. ) ;
#4034 = VECTOR ( 'NONE', #3503, 1000.000000000000000 ) ;
#4035 = DIRECTION ( 'NONE',  ( -0.02571825743831619368, 9.400888468962532618E-16, -0.9996692309130738030 ) ) ;
#4036 = DIRECTION ( 'NONE',  ( 1.000000000000000000, 0.000000000000000000, 0.000000000000000000 ) ) ;
#4037 = CARTESIAN_POINT ( 'NONE',  ( -8.781212161291847451, 0.000000000000000000, 0.000000000000000000 ) ) ;
#4038 = AXIS2_PLACEMENT_3D ( 'NONE', #4138, #3349, #4842 ) ;
#4039 = DIRECTION ( 'NONE',  ( 2.134256245050205060E-15, 1.000000000000000000, 0.000000000000000000 ) ) ;
#4040 = ADVANCED_FACE ( 'NONE', ( #816 ), #4671, .T. ) ;
#4041 = ORIENTED_EDGE ( 'NONE', *, *, #231, .T. ) ;
#4042 = EDGE_CURVE ( 'NONE', #155, #975, #1146, .T. ) ;
#4043 = FACE_OUTER_BOUND ( 'NONE', #1300, .T. ) ;
#4044 = CARTESIAN_POINT ( 'NONE',  ( -8.970426365894919485, 0.008033966158368285523, -0.4681169167957601740 ) ) ;
#4045 = DIRECTION ( 'NONE',  ( -1.000000000000000000, -2.093391161677579838E-15, 0.000000000000000000 ) ) ;
#4046 = CIRCLE ( 'NONE', #1910, 0.08900000000001009881 ) ;
#4047 = EDGE_LOOP ( 'NONE', ( #759, #1633, #106, #3471, #693, #714 ) ) ;
#4048 = ORIENTED_EDGE ( 'NONE', *, *, #50, .T. ) ;
#4049 = DIRECTION ( 'NONE',  ( 2.093391161677562877E-15, -1.000000000000000000, 0.000000000000000000 ) ) ;
#4050 = CONICAL_SURFACE ( 'NONE', #3021, 2.155000000000000249, 0.3490658503989581551 ) ;
#4051 = DIRECTION ( 'NONE',  ( 0.000000000000000000, 8.881784197001254296E-16, 1.000000000000000000 ) ) ;
#4052 = CARTESIAN_POINT ( 'NONE',  ( -5.209999999999999964, 0.000000000000000000, 0.000000000000000000 ) ) ;
#4053 = LINE ( 'NONE', #3680, #1279 ) ;
#4054 = CARTESIAN_POINT ( 'NONE',  ( -0.6585000000000279519, 3.580000000000000071, 0.000000000000000000 ) ) ;
#4055 = ORIENTED_EDGE ( 'NONE', *, *, #721, .T. ) ;
#4056 = VERTEX_POINT ( 'NONE', #4582 ) ;
#4057 = DIRECTION ( 'NONE',  ( -1.000000000000000000, -1.991972495380200041E-15, 0.000000000000000000 ) ) ;
#4058 = CARTESIAN_POINT ( 'NONE',  ( -8.899739027852890061, 6.457239091268311778E-15, -6.396360220680939239E-16 ) ) ;
#4059 = CARTESIAN_POINT ( 'NONE',  ( -10.91999999999999993, 0.000000000000000000, 0.000000000000000000 ) ) ;
#4060 = ORIENTED_EDGE ( 'NONE', *, *, #3768, .F. ) ;
#4061 = PLANE ( 'NONE',  #9 ) ;
#4062 = FACE_OUTER_BOUND ( 'NONE', #3055, .T. ) ;
#4063 = DIRECTION ( 'NONE',  ( -1.000000000000000000, 0.000000000000000000, 0.000000000000000000 ) ) ;
#4064 = ADVANCED_FACE ( 'NONE', ( #1165 ), #1607, .F. ) ;
#4065 = EDGE_LOOP ( 'NONE', ( #583, #4748, #1547, #3059 ) ) ;
#4066 = EDGE_LOOP ( 'NONE', ( #1868, #3565, #1402, #880 ) ) ;
#4067 = CARTESIAN_POINT ( 'NONE',  ( -10.91999999999999993, 3.006507891906632437E-16, -2.454999999999901927 ) ) ;
#4068 = FACE_OUTER_BOUND ( 'NONE', #3047, .T. ) ;
#4069 = EDGE_CURVE ( 'NONE', #3226, #3272, #1942, .T. ) ;
#4070 = ADVANCED_FACE ( 'NONE', ( #4517 ), #2369, .F. ) ;
#4071 = CARTESIAN_POINT ( 'NONE',  ( -8.116681427084802891, -0.02999584536066142795, -0.7380999804097182482 ) ) ;
#4072 = ORIENTED_EDGE ( 'NONE', *, *, #2001, .T. ) ;
#4073 = CARTESIAN_POINT ( 'NONE',  ( -0.4849365926818097194, 0.1680823700760927797, 0.6375796591755293896 ) ) ;
#4074 = FACE_OUTER_BOUND ( 'NONE', #4140, .T. ) ;
#4075 = DIRECTION ( 'NONE',  ( -7.921111762451280466E-16, -0.9338561447841047247, -0.3576488513178380235 ) ) ;
#4076 = EDGE_LOOP ( 'NONE', ( #3611, #3802, #4017, #775 ) ) ;
#4077 = ORIENTED_EDGE ( 'NONE', *, *, #4367, .T. ) ;
#4078 = DIRECTION ( 'NONE',  ( -1.000000000000000000, 0.000000000000000000, 0.000000000000000000 ) ) ;
#4079 = DIRECTION ( 'NONE',  ( -1.000000000000000000, 0.000000000000000000, 0.000000000000000000 ) ) ;
#4080 = CARTESIAN_POINT ( 'NONE',  ( -0.5189999571879641005, -1.984069773748421558E-07, 0.6549999693428087966 ) ) ;
#4081 = VERTEX_POINT ( 'NONE', #1557 ) ;
#4082 = LINE ( 'NONE', #1525, #4635 ) ;
#4083 = CARTESIAN_POINT ( 'NONE',  ( -25.49270470950660084, 16.76751862305980012, 2.830000000000000071 ) ) ;
#4084 = CYLINDRICAL_SURFACE ( 'NONE', #1203, 2.674999999999999822 ) ;
#4085 = AXIS2_PLACEMENT_3D ( 'NONE', #204, #1715, #4712 ) ;
#4086 = ORIENTED_EDGE ( 'NONE', *, *, #1177, .F. ) ;
#4087 = DIRECTION ( 'NONE',  ( -1.000000000000000000, 0.000000000000000000, 0.000000000000000000 ) ) ;
#4088 = EDGE_CURVE ( 'NONE', #4207, #3838, #3894, .T. ) ;
#4089 = CARTESIAN_POINT ( 'NONE',  ( -7.689999999999999503, 0.000000000000000000, 0.000000000000000000 ) ) ;
#4090 = AXIS2_PLACEMENT_3D ( 'NONE', #1234, #4235, #856 ) ;
#4091 = AXIS2_PLACEMENT_3D ( 'NONE', #2830, #4343, #2092 ) ;
#4092 = TOROIDAL_SURFACE ( 'NONE', #859, 2.564999999999999947, 0.04999999999999879541 ) ;
#4093 = CARTESIAN_POINT ( 'NONE',  ( -8.040000000000000924, 0.000000000000000000, -2.729999999999999982 ) ) ;
#4094 = EDGE_LOOP ( 'NONE', ( #2448, #3113, #4545, #784 ) ) ;
#4095 = VERTEX_POINT ( 'NONE', #3413 ) ;
#4096 = ADVANCED_FACE ( 'NONE', ( #1904 ), #2782, .F. ) ;
#4097 = CARTESIAN_POINT ( 'NONE',  ( -1.679999999999929772, 0.000000000000000000, 0.000000000000000000 ) ) ;
#4098 = AXIS2_PLACEMENT_3D ( 'NONE', #2975, #4532, #1160 ) ;
#4099 = DIRECTION ( 'NONE',  ( -1.000000000000000000, 0.000000000000000000, 0.000000000000000000 ) ) ;
#4100 = AXIS2_PLACEMENT_3D ( 'NONE', #4110, #4526, #524 ) ;
#4101 = CONICAL_SURFACE ( 'NONE', #2604, 5.004999999999999893, 0.7853981633977955568 ) ;
#4102 = ORIENTED_EDGE ( 'NONE', *, *, #3845, .F. ) ;
#4103 = CIRCLE ( 'NONE', #3868, 0.6215000000000000524 ) ;
#4104 = ORIENTED_EDGE ( 'NONE', *, *, #3908, .T. ) ;
#4105 = FACE_OUTER_BOUND ( 'NONE', #2174, .T. ) ;
#4106 = CIRCLE ( 'NONE', #636, 32.83866989419679072 ) ;
#4107 = DIRECTION ( 'NONE',  ( -1.000000000000000000, 0.000000000000000000, 0.000000000000000000 ) ) ;
#4108 = CIRCLE ( 'NONE', #1974, 2.515000000000001013 ) ;
#4109 = VERTEX_POINT ( 'NONE', #400 ) ;
#4110 = CARTESIAN_POINT ( 'NONE',  ( -7.339999999999999858, 0.000000000000000000, 0.000000000000000000 ) ) ;
#4111 = DIRECTION ( 'NONE',  ( -1.000000000000000000, 0.000000000000000000, 0.000000000000000000 ) ) ;
#4112 = DIRECTION ( 'NONE',  ( 0.000000000000000000, 0.000000000000000000, 1.000000000000000000 ) ) ;
#4113 = AXIS2_PLACEMENT_3D ( 'NONE', #4756, #1395, #3929 ) ;
#4114 = ORIENTED_EDGE ( 'NONE', *, *, #4383, .T. ) ;
#4115 = VERTEX_POINT ( 'NONE', #2644 ) ;
#4116 = DIRECTION ( 'NONE',  ( -1.000000000000000000, 0.000000000000000000, 0.000000000000000000 ) ) ;
#4117 = AXIS2_PLACEMENT_3D ( 'NONE', #2929, #1429, #679 ) ;
#4118 = DIRECTION ( 'NONE',  ( 0.000000000000000000, -1.000000000000000000, -9.240944848451065450E-16 ) ) ;
#4119 = AXIS2_PLACEMENT_3D ( 'NONE', #4185, #804, #3722 ) ;
#4120 = EDGE_CURVE ( 'NONE', #4095, #3744, #36, .T. ) ;
#4121 = CARTESIAN_POINT ( 'NONE',  ( -8.899739023004089589, -0.009847119096717751527, 0.4198924285707926751 ) ) ;
#4122 = ORIENTED_EDGE ( 'NONE', *, *, #1740, .T. ) ;
#4123 = ORIENTED_EDGE ( 'NONE', *, *, #4747, .F. ) ;
#4124 = CONICAL_SURFACE ( 'NONE', #4357, 0.7620000000000001217, 0.7205971725114832527 ) ;
#4125 = CARTESIAN_POINT ( 'NONE',  ( -7.679999999999929550, 0.04123024671364991511, 0.4494459704215483797 ) ) ;
#4126 = DIRECTION ( 'NONE',  ( -1.000000000000000000, 0.000000000000000000, 0.000000000000000000 ) ) ;
#4127 = EDGE_CURVE ( 'NONE', #1680, #1927, #4604, .T. ) ;
#4128 = EDGE_CURVE ( 'NONE', #3904, #309, #109, .T. ) ;
#4129 = ORIENTED_EDGE ( 'NONE', *, *, #3164, .T. ) ;
#4130 = ORIENTED_EDGE ( 'NONE', *, *, #1348, .F. ) ;
#4131 = CARTESIAN_POINT ( 'NONE',  ( -7.679999999999929550, 0.04123024671364381583, -0.7428277815978637788 ) ) ;
#4132 = EDGE_CURVE ( 'NONE', #3213, #3108, #3185, .T. ) ;
#4133 = DIRECTION ( 'NONE',  ( 1.000000000000000000, -3.168959634848508524E-16, -1.000180237639160754E-15 ) ) ;
#4134 = FACE_OUTER_BOUND ( 'NONE', #1241, .T. ) ;
#4135 = ORIENTED_EDGE ( 'NONE', *, *, #3701, .F. ) ;
#4136 = CARTESIAN_POINT ( 'NONE',  ( -0.9785000000000277920, 2.958499999999999908, -7.611179856700799969E-17 ) ) ;
#4137 = DIRECTION ( 'NONE',  ( -0.9996692309130738030, 0.02571825743831552408, 1.026974760418387105E-15 ) ) ;
#4138 = CARTESIAN_POINT ( 'NONE',  ( -10.16000000000000014, 0.000000000000000000, 0.000000000000000000 ) ) ;
#4139 = ORIENTED_EDGE ( 'NONE', *, *, #4473, .F. ) ;
#4140 = EDGE_LOOP ( 'NONE', ( #374, #4371, #213, #2378 ) ) ;
#4141 = CARTESIAN_POINT ( 'NONE',  ( -7.679999999999929550, 6.456832016198207214E-15, 6.496297480671751281E-16 ) ) ;
#4142 = CARTESIAN_POINT ( 'NONE',  ( -1.138500000000021384, 4.341999999999999638, -9.331808609502830497E-17 ) ) ;
#4143 = CARTESIAN_POINT ( 'NONE',  ( -0.8185000000000359766, 3.580000000000000071, 0.000000000000000000 ) ) ;
#4144 = ORIENTED_EDGE ( 'NONE', *, *, #423, .F. ) ;
#4145 = ORIENTED_EDGE ( 'NONE', *, *, #3806, .T. ) ;
#4146 = DIRECTION ( 'NONE',  ( 1.000000000000000000, -1.991972495380200041E-15, 0.000000000000000000 ) ) ;
#4147 = EDGE_CURVE ( 'NONE', #735, #1528, #1921, .T. ) ;
#4148 = DIRECTION ( 'NONE',  ( -1.000000000000000000, 0.000000000000000000, 0.000000000000000000 ) ) ;
#4149 = CARTESIAN_POINT ( 'NONE',  ( -5.174644660940660224, 3.097921237001194998E-16, 2.529644660940679746 ) ) ;
#4150 = ORIENTED_EDGE ( 'NONE', *, *, #2074, .T. ) ;
#4151 = EDGE_CURVE ( 'NONE', #2762, #2049, #1758, .T. ) ;
#4152 = ORIENTED_EDGE ( 'NONE', *, *, #685, .T. ) ;
#4153 = DIRECTION ( 'NONE',  ( -9.912705577010324563E-16, -0.9338561447841048357, -0.3576488513178380235 ) ) ;
#4154 = DIRECTION ( 'NONE',  ( -0.02571825743831447977, 0.9996692309130739140, 1.018873813954694842E-15 ) ) ;
#4155 = CARTESIAN_POINT ( 'NONE',  ( -0.5189364900812684089, -0.04370600299713759546, 0.6549999867513459639 ) ) ;
#4156 = ORIENTED_EDGE ( 'NONE', *, *, #1856, .F. ) ;
#4157 = DIRECTION ( 'NONE',  ( -1.000000000000000000, 0.000000000000000000, 0.000000000000000000 ) ) ;
#4158 = ADVANCED_FACE ( 'NONE', ( #4238 ), #1054, .F. ) ;
#4159 = CARTESIAN_POINT ( 'NONE',  ( -8.428787838708313274, 2.031137114905363195, 0.7778862516163254082 ) ) ;
#4160 = ADVANCED_FACE ( 'NONE', ( #1216 ), #2151, .T. ) ;
#4161 = DIRECTION ( 'NONE',  ( 0.000000000000000000, 1.000000000000000000, 1.224646799147353207E-16 ) ) ;
#4162 = ORIENTED_EDGE ( 'NONE', *, *, #1516, .F. ) ;
#4163 = ORIENTED_EDGE ( 'NONE', *, *, #660, .F. ) ;
#4164 = DIRECTION ( 'NONE',  ( 0.000000000000000000, -1.000000000000000000, -1.054711873393898319E-15 ) ) ;
#4165 = CARTESIAN_POINT ( 'NONE',  ( -6.329666666666690311, 0.000000000000000000, 3.084666666666650237 ) ) ;
#4166 = AXIS2_PLACEMENT_3D ( 'NONE', #102, #1611, #3111 ) ;
#4167 = B_SPLINE_CURVE_WITH_KNOTS ( 'NONE', 3,
 ( #4300, #4028, #4412, #4829 ),
 .UNSPECIFIED., .F., .F.,
 ( 4, 4 ),
 ( 2.449048580083549967E-07, 0.0002602690256980239882 ),
 .UNSPECIFIED. ) ;
#4168 = EDGE_LOOP ( 'NONE', ( #2235, #2190 ) ) ;
#4169 = AXIS2_PLACEMENT_3D ( 'NONE', #3327, #2583, #2952 ) ;
#4170 = DIRECTION ( 'NONE',  ( 1.000000000000000000, -0.000000000000000000, -0.000000000000000000 ) ) ;
#4171 = AXIS2_PLACEMENT_3D ( 'NONE', #1895, #29, #1505 ) ;
#4172 = CIRCLE ( 'NONE', #1013, 2.729999999999999982 ) ;
#4173 = CARTESIAN_POINT ( 'NONE',  ( -0.4985000000000334164, 2.817999999999999616, 0.000000000000000000 ) ) ;
#4174 = ORIENTED_EDGE ( 'NONE', *, *, #1002, .F. ) ;
#4175 = VECTOR ( 'NONE', #4398, 1000.000000000000000 ) ;
#4176 = VERTEX_POINT ( 'NONE', #835 ) ;
#4177 = CARTESIAN_POINT ( 'NONE',  ( -8.887920983205800596, 0.01015434495476252343, -0.7291205759919741070 ) ) ;
#4178 = CONICAL_SURFACE ( 'NONE', #2362, 0.6214999999999996083, 0.7205971725115640769 ) ;
#4179 = ADVANCED_FACE ( 'NONE', ( #3852 ), #4281, .F. ) ;
#4180 = PERSON_AND_ORGANIZATION ( #2338, #3253 ) ;
#4181 = ORIENTED_EDGE ( 'NONE', *, *, #322, .F. ) ;
#4182 = CARTESIAN_POINT ( 'NONE',  ( -7.679999999999929550, 0.000000000000000000, 0.000000000000000000 ) ) ;
#4183 = AXIS2_PLACEMENT_3D ( 'NONE', #3216, #4759, #1014 ) ;
#4184 = CARTESIAN_POINT ( 'NONE',  ( -7.679999999999930438, -0.7428277815978523435, 0.04123024671365243393 ) ) ;
#4185 = CARTESIAN_POINT ( 'NONE',  ( -1.138500000000019829, -3.580000000000000071, 0.000000000000000000 ) ) ;
#4186 = CIRCLE ( 'NONE', #2056, 0.7620000000000001217 ) ;
#4187 = ADVANCED_FACE ( 'NONE', ( #98 ), #35, .F. ) ;
#4188 = ORIENTED_EDGE ( 'NONE', *, *, #3766, .T. ) ;
#4189 = DIRECTION ( 'NONE',  ( 1.000000000000000000, 1.991972495380200041E-15, 0.000000000000000000 ) ) ;
#4190 = LINE ( 'NONE', #4142, #1262 ) ;
#4191 = AXIS2_PLACEMENT_3D ( 'NONE', #2173, #2592, #1035 ) ;
#4192 = VECTOR ( 'NONE', #335, 999.9999999999998863 ) ;
#4193 = ORIENTED_EDGE ( 'NONE', *, *, #3826, .F. ) ;
#4194 = CARTESIAN_POINT ( 'NONE',  ( -8.739999999999900737, 0.000000000000000000, 0.000000000000000000 ) ) ;
#4195 = VECTOR ( 'NONE', #2871, 1000.000000000000000 ) ;
#4196 = DIRECTION ( 'NONE',  ( -1.000000000000000000, 2.093391161677579838E-15, 0.000000000000000000 ) ) ;
#4197 = AXIS2_PLACEMENT_3D ( 'NONE', #4753, #1482, #1434 ) ;
#4198 = ORIENTED_EDGE ( 'NONE', *, *, #4451, .T. ) ;
#4199 = ORIENTED_EDGE ( 'NONE', *, *, #4429, .T. ) ;
#4200 = CYLINDRICAL_SURFACE ( 'NONE', #4166, 2.305000000000000160 ) ;
#4201 = CARTESIAN_POINT ( 'NONE',  ( -5.209999999999999964, 0.000000000000000000, 2.515000000000001013 ) ) ;
#4202 = EDGE_LOOP ( 'NONE', ( #4275, #667 ) ) ;
#4203 = AXIS2_PLACEMENT_3D ( 'NONE', #2550, #2252, #1010 ) ;
#4204 = CARTESIAN_POINT ( 'NONE',  ( -8.899312703363925436, 0.4198947132203190713, -0.009861272823860846651 ) ) ;
#4205 = DIRECTION ( 'NONE',  ( -1.000000000000000000, 0.000000000000000000, 0.000000000000000000 ) ) ;
#4206 = DIRECTION ( 'NONE',  ( -1.000000000000000000, 0.000000000000000000, 0.000000000000000000 ) ) ;
#4207 = VERTEX_POINT ( 'NONE', #1367 ) ;
#4208 = DIRECTION ( 'NONE',  ( 0.000000000000000000, 0.000000000000000000, 1.000000000000000000 ) ) ;
#4209 = LINE ( 'NONE', #1988, #3548 ) ;
#4210 = EDGE_CURVE ( 'NONE', #4833, #356, #3953, .T. ) ;
#4211 = ORIENTED_EDGE ( 'NONE', *, *, #2977, .F. ) ;
#4212 = CARTESIAN_POINT ( 'NONE',  ( -5.390710678118679766, 0.000000000000000000, 2.674999999999999822 ) ) ;
#4213 = CARTESIAN_POINT ( 'NONE',  ( -8.934174368666218058, -0.008964394881392546283, -0.4336578673793581862 ) ) ;
#4214 = EDGE_CURVE ( 'NONE', #1663, #4315, #3102, .T. ) ;
#4215 = EDGE_CURVE ( 'NONE', #1370, #1628, #4268, .T. ) ;
#4216 = DIRECTION ( 'NONE',  ( 1.000000000000000000, -3.168959634848508524E-16, -1.000180237639160754E-15 ) ) ;
#4217 = VERTEX_POINT ( 'NONE', #963 ) ;
#4218 = ORIENTED_EDGE ( 'NONE', *, *, #2181, .T. ) ;
#4219 = DIRECTION ( 'NONE',  ( -1.000000000000000000, -2.093391161677579838E-15, 0.000000000000000000 ) ) ;
#4220 = DIRECTION ( 'NONE',  ( 0.000000000000000000, 0.000000000000000000, 1.000000000000000000 ) ) ;
#4221 = ORIENTED_EDGE ( 'NONE', *, *, #4147, .F. ) ;
#4222 = DIRECTION ( 'NONE',  ( 0.000000000000000000, 0.000000000000000000, 1.000000000000000000 ) ) ;
#4223 = CARTESIAN_POINT ( 'NONE',  ( -8.940000000000228653, -9.040548832602042669E-15, 4.944116576304884037E-14 ) ) ;
#4224 = LINE ( 'NONE', #2355, #4818 ) ;
#4225 = CARTESIAN_POINT ( 'NONE',  ( -0.4985000000000366915, 4.341999999999999638, -9.331808609502830497E-17 ) ) ;
#4226 = CC_DESIGN_DATE_AND_TIME_ASSIGNMENT ( #822, #478, ( #3877 ) ) ;
#4227 = ORIENTED_EDGE ( 'NONE', *, *, #1898, .F. ) ;
#4228 = CARTESIAN_POINT ( 'NONE',  ( -7.679999999999929550, -0.04123024671363784838, -0.4494459704215327811 ) ) ;
#4229 = DIRECTION ( 'NONE',  ( 1.000000000000000000, 0.000000000000000000, 0.000000000000000000 ) ) ;
#4230 = LINE ( 'NONE', #2337, #3251 ) ;
#4231 = AXIS2_PLACEMENT_3D ( 'NONE', #4783, #1424, #2556 ) ;
#4232 = EDGE_LOOP ( 'NONE', ( #3627, #4552, #4768, #1466 ) ) ;
#4233 = EDGE_CURVE ( 'NONE', #1272, #3428, #267, .T. ) ;
#4234 = VERTEX_POINT ( 'NONE', #1704 ) ;
#4235 = DIRECTION ( 'NONE',  ( -1.000000000000000000, -2.093391161677569977E-15, 0.000000000000000000 ) ) ;
#4236 = DIRECTION ( 'NONE',  ( -0.9396926207858766755, 0.3193976124846972797, 0.1223231113880197257 ) ) ;
#4237 = AXIS2_PLACEMENT_3D ( 'NONE', #1544, #353, #1853 ) ;
#4238 = FACE_OUTER_BOUND ( 'NONE', #2838, .T. ) ;
#4239 = ADVANCED_FACE ( 'NONE', ( #4657 ), #3660, .F. ) ;
#4240 = ORIENTED_EDGE ( 'NONE', *, *, #3701, .T. ) ;
#4241 = EDGE_CURVE ( 'NONE', #2804, #503, #2784, .T. ) ;
#4242 = ORIENTED_EDGE ( 'NONE', *, *, #2525, .T. ) ;
#4243 = AXIS2_PLACEMENT_3D ( 'NONE', #4342, #266, #2167 ) ;
#4244 = CARTESIAN_POINT ( 'NONE',  ( -10.91999999999999993, -2.455000000000000071, 0.000000000000000000 ) ) ;
#4245 = CARTESIAN_POINT ( 'NONE',  ( -1.458499999999999908, 3.580000000000000071, 0.000000000000000000 ) ) ;
#4246 = AXIS2_PLACEMENT_3D ( 'NONE', #3430, #2244, #2584 ) ;
#4247 = VERTEX_POINT ( 'NONE', #3530 ) ;
#4248 = MECHANICAL_CONTEXT ( 'NONE', #2149, 'mechanical' ) ;
#4249 = VERTEX_POINT ( 'NONE', #196 ) ;
#4250 = DIRECTION ( 'NONE',  ( 0.000000000000000000, -1.000000000000000000, -1.054711873393898319E-15 ) ) ;
#4251 = DIRECTION ( 'NONE',  ( -7.921111762451280466E-16, -0.9338561447841047247, -0.3576488513178380235 ) ) ;
#4252 = CARTESIAN_POINT ( 'NONE',  ( -8.940000000000228653, -9.040548832602042669E-15, 4.944116576304884037E-14 ) ) ;
#4253 = AXIS2_PLACEMENT_3D ( 'NONE', #2207, #3720, #3394 ) ;
#4254 = DIRECTION ( 'NONE',  ( 1.000000000000000000, 0.000000000000000000, 0.000000000000000000 ) ) ;
#4255 = CONICAL_SURFACE ( 'NONE', #2455, 2.674999999999999822, 0.7853981633973770027 ) ;
#4256 = ORIENTED_EDGE ( 'NONE', *, *, #3563, .T. ) ;
#4257 = AXIS2_PLACEMENT_3D ( 'NONE', #717, #2321, #1188 ) ;
#4258 = DIRECTION ( 'NONE',  ( 1.991972495380191363E-15, -1.000000000000000000, 0.000000000000000000 ) ) ;
#4259 = DIRECTION ( 'NONE',  ( 1.000000000000000000, -3.168959634848508524E-16, -1.000180237639160754E-15 ) ) ;
#4260 = DIRECTION ( 'NONE',  ( 1.000000000000000000, -2.134256245050209793E-15, 0.000000000000000000 ) ) ;
#4261 = CIRCLE ( 'NONE', #2133, 0.8999999999999841460 ) ;
#4262 = ORIENTED_EDGE ( 'NONE', *, *, #2218, .F. ) ;
#4263 = CARTESIAN_POINT ( 'NONE',  ( -25.49277371326439834, -16.76757526291260092, 2.830000000000000071 ) ) ;
#4264 = CIRCLE ( 'NONE', #2621, 0.4681858524161220947 ) ;
#4265 = CARTESIAN_POINT ( 'NONE',  ( -8.894943300285328647, 0.4199908461147905392, 0.009973872217693849004 ) ) ;
#4266 = ADVANCED_FACE ( 'NONE', ( #147 ), #901, .F. ) ;
#4267 = VECTOR ( 'NONE', #2251, 999.9999999999998863 ) ;
#4268 = LINE ( 'NONE', #2447, #3820 ) ;
#4269 = ORIENTED_EDGE ( 'NONE', *, *, #3525, .T. ) ;
#4270 = VECTOR ( 'NONE', #3369, 1000.000000000000227 ) ;
#4271 = VERTEX_POINT ( 'NONE', #2785 ) ;
#4272 = DIRECTION ( 'NONE',  ( -0.6585046078685301563, 9.216406402856598770E-17, -0.7525766947068672774 ) ) ;
#4273 = EDGE_CURVE ( 'NONE', #3024, #3853, #1536, .T. ) ;
#4274 = ADVANCED_FACE ( 'NONE', ( #3209 ), #2634, .F. ) ;
#4275 = ORIENTED_EDGE ( 'NONE', *, *, #3563, .F. ) ;
#4276 = APPROVAL_DATE_TIME ( #841, #1406 ) ;
#4277 = ORIENTED_EDGE ( 'NONE', *, *, #502, .T. ) ;
#4278 = CARTESIAN_POINT ( 'NONE',  ( -7.679999999999929550, 1.634248253372173831, 0.6258854898062651273 ) ) ;
#4279 = EDGE_CURVE ( 'NONE', #4611, #964, #3265, .T. ) ;
#4280 = EDGE_CURVE ( 'NONE', #4293, #4381, #4521, .T. ) ;
#4281 = CONICAL_SURFACE ( 'NONE', #3739, 0.6214999999999996083, 0.7205971725114790338 ) ;
#4282 = CARTESIAN_POINT ( 'NONE',  ( -6.639999999999999680, 0.000000000000000000, 0.000000000000000000 ) ) ;
#4283 = EDGE_LOOP ( 'NONE', ( #3134, #3140, #2326, #2665, #1512 ) ) ;
#4284 = PLANE ( 'NONE',  #1802 ) ;
#4285 = DIRECTION ( 'NONE',  ( 0.000000000000000000, 0.000000000000000000, -1.000000000000000000 ) ) ;
#4286 = FACE_OUTER_BOUND ( 'NONE', #4664, .T. ) ;
#4287 = AXIS2_PLACEMENT_3D ( 'NONE', #2397, #1263, #123 ) ;
#4288 = ORIENTED_EDGE ( 'NONE', *, *, #3971, .F. ) ;
#4289 = ORIENTED_EDGE ( 'NONE', *, *, #4481, .F. ) ;
#4290 = LINE ( 'NONE', #1605, #615 ) ;
#4291 = CARTESIAN_POINT ( 'NONE',  ( -8.958341921444748834, -0.008342641880707905508, -0.4566310612206081476 ) ) ;
#4292 = DIRECTION ( 'NONE',  ( -1.000000000000000000, 0.000000000000000000, 0.000000000000000000 ) ) ;
#4293 = VERTEX_POINT ( 'NONE', #4314 ) ;
#4294 = EDGE_CURVE ( 'NONE', #500, #1309, #2491, .T. ) ;
#4295 = VERTEX_POINT ( 'NONE', #2048 ) ;
#4296 = CARTESIAN_POINT ( 'NONE',  ( -8.898454457782548843, -0.4199027087552006376, -0.009883635875933775156 ) ) ;
#4297 = ORIENTED_EDGE ( 'NONE', *, *, #2561, .T. ) ;
#4298 = EDGE_CURVE ( 'NONE', #1528, #3684, #4401, .T. ) ;
#4299 = ORIENTED_EDGE ( 'NONE', *, *, #4564, .T. ) ;
#4300 = CARTESIAN_POINT ( 'NONE',  ( -8.977106130260658290, -0.7280552080212927546, 0.007862296986447192548 ) ) ;
#4301 = CARTESIAN_POINT ( 'NONE',  ( -0.05999999999997670391, 3.200000000000000178, 1.113263261644909956E-15 ) ) ;
#4302 = CARTESIAN_POINT ( 'NONE',  ( -1.709999999999999964, -2.674999999999999822, -2.830000000000000071 ) ) ;
#4303 = CARTESIAN_POINT ( 'NONE',  ( -6.639999999999999680, 0.000000000000000000, 0.000000000000000000 ) ) ;
#4304 = CARTESIAN_POINT ( 'NONE',  ( -8.990000000000181402, -0.7653685418202241797, 1.998452149838142677 ) ) ;
#4305 = ADVANCED_FACE ( 'NONE', ( #3604 ), #2396, .F. ) ;
#4306 = ORIENTED_EDGE ( 'NONE', *, *, #812, .T. ) ;
#4307 = ADVANCED_FACE ( 'NONE', ( #3189 ), #216, .T. ) ;
#4308 = CARTESIAN_POINT ( 'NONE',  ( -8.977106130260658290, 0.7280552080213055222, -0.007862296986429146220 ) ) ;
#4309 = CARTESIAN_POINT ( 'NONE',  ( -8.890000000000000568, 2.822810872034649425E-16, -2.305000000000000160 ) ) ;
#4310 = DIRECTION ( 'NONE',  ( 0.000000000000000000, 0.000000000000000000, 1.000000000000000000 ) ) ;
#4311 = VERTEX_POINT ( 'NONE', #1631 ) ;
#4312 = CARTESIAN_POINT ( 'NONE',  ( -7.679999999999929550, 0.4494459704243334852, 0.04123024671364511340 ) ) ;
#4313 = LINE ( 'NONE', #1966, #2440 ) ;
#4314 = CARTESIAN_POINT ( 'NONE',  ( -1.458500000000001462, -4.341999999999988091, 0.000000000000000000 ) ) ;
#4315 = VERTEX_POINT ( 'NONE', #3131 ) ;
#4316 = CARTESIAN_POINT ( 'NONE',  ( -0.02000000000008242407, 3.643285636542862915E-15, -9.520975513119644685E-15 ) ) ;
#4317 = FACE_OUTER_BOUND ( 'NONE', #4534, .T. ) ;
#4318 = CIRCLE ( 'NONE', #2191, 2.189999999999970193 ) ;
#4319 =( BOUNDED_CURVE ( )  B_SPLINE_CURVE ( 3, ( #2486, #4400, #1025, #954 ),
 .UNSPECIFIED., .F., .F. ) 
 B_SPLINE_CURVE_WITH_KNOTS ( ( 4, 4 ),
 ( 3.091489407985965165, 3.094755831082443454 ),
 .UNSPECIFIED. ) 
 CURVE ( )  GEOMETRIC_REPRESENTATION_ITEM ( )  RATIONAL_B_SPLINE_CURVE ( ( 1.000000000000000000, 0.9999991108735437617, 0.9999991108735437617, 1.000000000000000000 ) ) 
 REPRESENTATION_ITEM ( '' )  );
#4320 = ORIENTED_EDGE ( 'NONE', *, *, #1444, .T. ) ;
#4321 = ORIENTED_EDGE ( 'NONE', *, *, #2080, .T. ) ;
#4322 = AXIS2_PLACEMENT_3D ( 'NONE', #1629, #912, #2442 ) ;
#4323 = CARTESIAN_POINT ( 'NONE',  ( -10.91999999999999993, -4.128089751931280027, -2.830000000000000071 ) ) ;
#4324 = DIRECTION ( 'NONE',  ( -1.000000000000000000, 0.000000000000000000, 0.000000000000000000 ) ) ;
#4325 = EDGE_CURVE ( 'NONE', #1449, #1827, #4805, .T. ) ;
#4326 = AXIS2_PLACEMENT_3D ( 'NONE', #122, #3926, #2043 ) ;
#4327 = CIRCLE ( 'NONE', #1576, 0.6215000000000000524 ) ;
#4328 = DIRECTION ( 'NONE',  ( 0.000000000000000000, 0.000000000000000000, 1.000000000000000000 ) ) ;
#4329 = LINE ( 'NONE', #188, #4854 ) ;
#4330 = ORIENTED_EDGE ( 'NONE', *, *, #1599, .T. ) ;
#4331 = CARTESIAN_POINT ( 'NONE',  ( -8.912944730858594511, -0.009510564827978556374, 0.4199913556029996609 ) ) ;
#4332 = VECTOR ( 'NONE', #488, 1000.000000000000000 ) ;
#4333 = FACE_OUTER_BOUND ( 'NONE', #1551, .T. ) ;
#4334 = CIRCLE ( 'NONE', #1503, 3.084666666666650237 ) ;
#4335 = CARTESIAN_POINT ( 'NONE',  ( -5.209999999999999964, 0.000000000000000000, 0.000000000000000000 ) ) ;
#4336 = ADVANCED_FACE ( 'NONE', ( #4797 ), #4825, .F. ) ;
#4337 = EDGE_CURVE ( 'NONE', #3909, #2453, #3015, .T. ) ;
#4338 = CIRCLE ( 'NONE', #8, 2.674999999999999822 ) ;
#4339 = CONICAL_SURFACE ( 'NONE', #4257, 0.7281000319985680980, 1.545102098288249959 ) ;
#4340 = ORIENTED_EDGE ( 'NONE', *, *, #2496, .T. ) ;
#4341 = ORIENTED_EDGE ( 'NONE', *, *, #105, .T. ) ;
#4342 = CARTESIAN_POINT ( 'NONE',  ( -10.76999999999999957, 0.000000000000000000, 0.000000000000000000 ) ) ;
#4343 = DIRECTION ( 'NONE',  ( -1.000000000000000000, -2.134256245050209793E-15, 0.000000000000000000 ) ) ;
#4344 = DIRECTION ( 'NONE',  ( 0.000000000000000000, 0.000000000000000000, 1.000000000000000000 ) ) ;
#4345 = CIRCLE ( 'NONE', #3800, 2.674999999999999822 ) ;
#4346 = ORIENTED_EDGE ( 'NONE', *, *, #2890, .F. ) ;
#4347 = DIRECTION ( 'NONE',  ( 0.000000000000000000, 0.000000000000000000, 1.000000000000000000 ) ) ;
#4348 = ORIENTED_EDGE ( 'NONE', *, *, #4042, .T. ) ;
#4349 = CONICAL_SURFACE ( 'NONE', #4117, 5.004999999999999893, 0.7853981633977955568 ) ;
#4350 = VERTEX_POINT ( 'NONE', #609 ) ;
#4351 = CARTESIAN_POINT ( 'NONE',  ( -8.887920983205800596, -0.01015434495474971596, 0.7291205759919919815 ) ) ;
#4352 = LINE ( 'NONE', #4760, #4195 ) ;
#4353 = CIRCLE ( 'NONE', #1601, 2.529644660940679746 ) ;
#4354 = DIRECTION ( 'NONE',  ( -0.6585046078685152793, 9.216406402856757775E-17, -0.7525766947068802670 ) ) ;
#4355 = CARTESIAN_POINT ( 'NONE',  ( -0.8899999999999769207, -2.439999999999999947, 0.8899999999999999023 ) ) ;
#4356 = ORIENTED_EDGE ( 'NONE', *, *, #1, .F. ) ;
#4357 = AXIS2_PLACEMENT_3D ( 'NONE', #1108, #1844, #4408 ) ;
#4358 = FACE_BOUND ( 'NONE', #1773, .T. ) ;
#4359 = FACE_OUTER_BOUND ( 'NONE', #238, .T. ) ;
#4360 = DIRECTION ( 'NONE',  ( 0.000000000000000000, 0.000000000000000000, 1.000000000000000000 ) ) ;
#4361 = ORIENTED_EDGE ( 'NONE', *, *, #1050, .T. ) ;
#4362 = EDGE_CURVE ( 'NONE', #4492, #2454, #2936, .T. ) ;
#4363 = AXIS2_PLACEMENT_3D ( 'NONE', #4441, #1465, #4075 ) ;
#4364 = FACE_OUTER_BOUND ( 'NONE', #3002, .T. ) ;
#4365 = CARTESIAN_POINT ( 'NONE',  ( -8.898454457782539961, 0.009883352707996444220, 0.4199027154032830000 ) ) ;
#4366 = EDGE_LOOP ( 'NONE', ( #1857, #2855, #4041, #291 ) ) ;
#4367 = EDGE_CURVE ( 'NONE', #1063, #1927, #1791, .T. ) ;
#4368 = EDGE_CURVE ( 'NONE', #2270, #4207, #1820, .T. ) ;
#4369 = VERTEX_POINT ( 'NONE', #4484 ) ;
#4370 = DIRECTION ( 'NONE',  ( -1.000000000000000000, 0.000000000000000000, 0.000000000000000000 ) ) ;
#4371 = ORIENTED_EDGE ( 'NONE', *, *, #1237, .F. ) ;
#4372 = VERTEX_POINT ( 'NONE', #4093 ) ;
#4373 = CARTESIAN_POINT ( 'NONE',  ( -8.899739027852890061, 6.457239091268311778E-15, -6.396360220680939239E-16 ) ) ;
#4374 = LINE ( 'NONE', #1346, #1208 ) ;
#4375 = CARTESIAN_POINT ( 'NONE',  ( -6.989999999999999325, 3.833144481331215679E-16, -3.129999999999999893 ) ) ;
#4376 = DIRECTION ( 'NONE',  ( -1.000000000000000000, 3.168959634848507538E-16, 1.000180237639160557E-15 ) ) ;
#4377 = EDGE_LOOP ( 'NONE', ( #4686, #3491, #1701, #3598 ) ) ;
#4378 = CARTESIAN_POINT ( 'NONE',  ( -8.899739023004089589, -0.009847119096717751527, 0.4198924285707926751 ) ) ;
#4379 = CARTESIAN_POINT ( 'NONE',  ( -2.000000000000000000, -6.000000000000000000, 2.830000000000000071 ) ) ;
#4380 = DIRECTION ( 'NONE',  ( 0.000000000000000000, -1.000000000000000000, -1.054711873393898516E-15 ) ) ;
#4381 = VERTEX_POINT ( 'NONE', #4384 ) ;
#4382 = DIRECTION ( 'NONE',  ( -0.6585046078685409254, 0.000000000000000000, 0.7525766947068578405 ) ) ;
#4383 = EDGE_CURVE ( 'NONE', #3373, #1808, #3333, .T. ) ;
#4384 = CARTESIAN_POINT ( 'NONE',  ( -1.458499999999998353, -2.818000000000010274, 9.331808609502702307E-17 ) ) ;
#4385 = ORIENTED_EDGE ( 'NONE', *, *, #1923, .F. ) ;
#4386 = CARTESIAN_POINT ( 'NONE',  ( -0.4985000000000350262, -3.580000000000000071, 0.000000000000000000 ) ) ;
#4387 = CARTESIAN_POINT ( 'NONE',  ( -1.710000000000001519, 4.281848437500016757, 0.000000000000000000 ) ) ;
#4388 = ADVANCED_FACE ( 'NONE', ( #2587 ), #3414, .F. ) ;
#4389 = ADVANCED_FACE ( 'NONE', ( #3700 ), #1291, .T. ) ;
#4390 = DIRECTION ( 'NONE',  ( -2.093391161677564061E-15, 1.000000000000000000, 0.000000000000000000 ) ) ;
#4391 = ORIENTED_EDGE ( 'NONE', *, *, #811, .T. ) ;
#4392 = DIRECTION ( 'NONE',  ( 0.000000000000000000, -2.235468396877329909E-16, 1.000000000000000000 ) ) ;
#4393 = CIRCLE ( 'NONE', #2589, 0.4200190127578620758 ) ;
#4394 = DIRECTION ( 'NONE',  ( 1.000000000000000000, -3.168959634848508524E-16, -1.000180237639160754E-15 ) ) ;
#4395 = DIRECTION ( 'NONE',  ( 1.000000000000000000, 0.000000000000000000, 0.000000000000000000 ) ) ;
#4396 = DIRECTION ( 'NONE',  ( -0.9996692309130739140, 3.439164955795499912E-16, -0.02571825743831380670 ) ) ;
#4397 = ORIENTED_EDGE ( 'NONE', *, *, #1256, .T. ) ;
#4398 = DIRECTION ( 'NONE',  ( 1.000000000000000000, 0.000000000000000000, 0.000000000000000000 ) ) ;
#4399 = FACE_OUTER_BOUND ( 'NONE', #4820, .T. ) ;
#4400 = CARTESIAN_POINT ( 'NONE',  ( -8.096196608164063946, 0.4396871037150155703, 0.03052285352502795424 ) ) ;
#4401 = B_SPLINE_CURVE_WITH_KNOTS ( 'NONE', 3,
 ( #3507, #591, #174, #4365 ),
 .UNSPECIFIED., .F., .F.,
 ( 4, 4 ),
 ( 0.9687194804849003082, 1.000000000000000000 ),
 .UNSPECIFIED. ) ;
#4402 = ORIENTED_EDGE ( 'NONE', *, *, #2163, .F. ) ;
#4403 = CIRCLE ( 'NONE', #3786, 0.6215000000000000524 ) ;
#4404 = EDGE_LOOP ( 'NONE', ( #1324, #4297, #2658, #230 ) ) ;
#4405 = VECTOR ( 'NONE', #2005, 1000.000000000000000 ) ;
#4406 = DIRECTION ( 'NONE',  ( 0.000000000000000000, -1.000000000000000000, -1.054711873393898713E-15 ) ) ;
#4407 = AXIS2_PLACEMENT_3D ( 'NONE', #3081, #3434, #7 ) ;
#4408 = DIRECTION ( 'NONE',  ( 2.134256245050205060E-15, 1.000000000000000000, 0.000000000000000000 ) ) ;
#4409 = ORIENTED_EDGE ( 'NONE', *, *, #3070, .T. ) ;
#4410 = AXIS2_PLACEMENT_3D ( 'NONE', #1325, #622, #2427 ) ;
#4411 = AXIS2_PLACEMENT_3D ( 'NONE', #240, #1750, #3259 ) ;
#4412 = CARTESIAN_POINT ( 'NONE',  ( -8.972652807384328355, -0.5547630424865668264, 0.007974469051768181410 ) ) ;
#4413 = EDGE_CURVE ( 'NONE', #1827, #938, #2653, .T. ) ;
#4414 = DIRECTION ( 'NONE',  ( 0.7071067811865000552, 8.659560562355515876E-17, 0.7071067811865950903 ) ) ;
#4415 = B_SPLINE_CURVE_WITH_KNOTS ( 'NONE', 3,
 ( #3817, #2736, #1635, #1948 ),
 .UNSPECIFIED., .F., .F.,
 ( 4, 4 ),
 ( 0.9687194804849121876, 1.000000000000000000 ),
 .UNSPECIFIED. ) ;
#4416 = AXIS2_PLACEMENT_3D ( 'NONE', #2714, #821, #104 ) ;
#4417 = DIRECTION ( 'NONE',  ( 0.000000000000000000, 0.000000000000000000, 1.000000000000000000 ) ) ;
#4418 = EDGE_LOOP ( 'NONE', ( #682, #3066, #3754, #1338 ) ) ;
#4419 = ADVANCED_FACE ( 'NONE', ( #2567 ), #4050, .T. ) ;
#4420 = ORIENTED_EDGE ( 'NONE', *, *, #723, .T. ) ;
#4421 = EDGE_CURVE ( 'NONE', #4601, #1274, #1049, .T. ) ;
#4422 = DIRECTION ( 'NONE',  ( 1.000000000000000000, -2.093391161677579838E-15, 0.000000000000000000 ) ) ;
#4423 = CARTESIAN_POINT ( 'NONE',  ( -10.91999999999999993, 2.822810872034649425E-16, -2.305000000000000160 ) ) ;
#4424 = VECTOR ( 'NONE', #212, 1000.000000000000000 ) ;
#4425 = ORIENTED_EDGE ( 'NONE', *, *, #4481, .T. ) ;
#4426 = DIRECTION ( 'NONE',  ( 2.134256245050205060E-15, 1.000000000000000000, 0.000000000000000000 ) ) ;
#4427 = EDGE_CURVE ( 'NONE', #2568, #4247, #4457, .T. ) ;
#4428 = CARTESIAN_POINT ( 'NONE',  ( -0.3385000000000409903, -3.580000000000000071, 0.000000000000000000 ) ) ;
#4429 = EDGE_CURVE ( 'NONE', #1187, #4350, #3529, .T. ) ;
#4430 = CARTESIAN_POINT ( 'NONE',  ( -8.970426365894919485, 0.4681169548559166449, -0.008031748193315646489 ) ) ;
#4431 = AXIS2_PLACEMENT_3D ( 'NONE', #4252, #877, #673 ) ;
#4432 = LOCAL_TIME ( 8, 33, 44.00000000000000000, #3818 ) ;
#4433 = ORIENTED_EDGE ( 'NONE', *, *, #3995, .T. ) ;
#4434 = ORIENTED_EDGE ( 'NONE', *, *, #1591, .T. ) ;
#4435 = CARTESIAN_POINT ( 'NONE',  ( -8.977106130260658290, 6.481756413727852622E-15, -5.622549751964386981E-16 ) ) ;
#4436 = AXIS2_PLACEMENT_3D ( 'NONE', #3147, #2720, #1280 ) ;
#4437 = DIRECTION ( 'NONE',  ( 0.000000000000000000, -1.000000000000000000, -1.054711873393898516E-15 ) ) ;
#4438 = VERTEX_POINT ( 'NONE', #4770 ) ;
#4439 = DIRECTION ( 'NONE',  ( 1.991972495380191363E-15, -1.000000000000000000, 0.000000000000000000 ) ) ;
#4440 = CARTESIAN_POINT ( 'NONE',  ( -6.989999999999999325, 3.833144481331215679E-16, -3.129999999999999893 ) ) ;
#4441 = CARTESIAN_POINT ( 'NONE',  ( -8.940000000000228653, -9.040548832602042669E-15, 4.944116576304884037E-14 ) ) ;
#4442 = ORIENTED_EDGE ( 'NONE', *, *, #3547, .T. ) ;
#4443 = VERTEX_POINT ( 'NONE', #2219 ) ;
#4444 = DIRECTION ( 'NONE',  ( 1.000000000000000000, 0.000000000000000000, 0.000000000000000000 ) ) ;
#4445 = ADVANCED_FACE ( 'NONE', ( #3730 ), #4124, .F. ) ;
#4446 = DIRECTION ( 'NONE',  ( 0.000000000000000000, 0.000000000000000000, 1.000000000000000000 ) ) ;
#4447 = VERTEX_POINT ( 'NONE', #3354 ) ;
#4448 = FACE_BOUND ( 'NONE', #1733, .T. ) ;
#4449 = DIRECTION ( 'NONE',  ( -3.045511720464554415E-16, -1.000000000000000000, -1.054711873393898911E-15 ) ) ;
#4450 = LINE ( 'NONE', #3000, #4270 ) ;
#4451 = EDGE_CURVE ( 'NONE', #4115, #4247, #242, .T. ) ;
#4452 = EDGE_CURVE ( 'NONE', #3332, #3905, #258, .T. ) ;
#4453 = ORIENTED_EDGE ( 'NONE', *, *, #1656, .T. ) ;
#4454 = ORIENTED_EDGE ( 'NONE', *, *, #2313, .F. ) ;
#4455 = DIRECTION ( 'NONE',  ( 1.000000000000000000, -0.000000000000000000, -0.000000000000000000 ) ) ;
#4456 = CARTESIAN_POINT ( 'NONE',  ( -8.924423137547584872, 0.4245780614042771184, 0.009215262532914405419 ) ) ;
#4457 = LINE ( 'NONE', #2978, #2236 ) ;
#4458 = ORIENTED_EDGE ( 'NONE', *, *, #3789, .F. ) ;
#4459 = ORIENTED_EDGE ( 'NONE', *, *, #510, .T. ) ;
#4460 = DIRECTION ( 'NONE',  ( 2.134256245050205060E-15, -1.000000000000000000, 0.000000000000000000 ) ) ;
#4461 = FACE_OUTER_BOUND ( 'NONE', #1674, .T. ) ;
#4462 = DIRECTION ( 'NONE',  ( 1.000000000000000000, -3.168959634848508524E-16, -1.000180237639160754E-15 ) ) ;
#4463 = ORIENTED_EDGE ( 'NONE', *, *, #986, .F. ) ;
#4464 = AXIS2_PLACEMENT_3D ( 'NONE', #4304, #4376, #556 ) ;
#4465 = ORIENTED_EDGE ( 'NONE', *, *, #2385, .T. ) ;
#4466 = CARTESIAN_POINT ( 'NONE',  ( -0.008999999999976819945, 0.3449999999999999734, 0.5567764362830179836 ) ) ;
#4467 = FACE_OUTER_BOUND ( 'NONE', #4577, .T. ) ;
#4468 = DIRECTION ( 'NONE',  ( -1.000000000000000000, 0.000000000000000000, 0.000000000000000000 ) ) ;
#4469 = ORIENTED_EDGE ( 'NONE', *, *, #4809, .F. ) ;
#4470 = CARTESIAN_POINT ( 'NONE',  ( -0.6585000000000292841, -4.201499999999999346, 0.000000000000000000 ) ) ;
#4471 = CARTESIAN_POINT ( 'NONE',  ( -8.887920983205795267, -0.01015434495475325653, 4.370156041449649642 ) ) ;
#4472 = CARTESIAN_POINT ( 'NONE',  ( -8.498837293485518529, -0.02016421040584366609, 0.4299274507922173361 ) ) ;
#4473 = EDGE_CURVE ( 'NONE', #302, #2011, #1916, .T. ) ;
#4474 = VECTOR ( 'NONE', #3135, 1000.000000000000000 ) ;
#4475 =( BOUNDED_CURVE ( )  B_SPLINE_CURVE ( 3, ( #2849, #3988, #2463, #4308 ),
 .UNSPECIFIED., .F., .F. ) 
 B_SPLINE_CURVE_WITH_KNOTS ( ( 4, 4 ),
 ( 2.017018455693568413, 2.056927247995328667 ),
 .UNSPECIFIED. ) 
 CURVE ( )  GEOMETRIC_REPRESENTATION_ITEM ( )  RATIONAL_B_SPLINE_CURVE ( ( 1.000000000000000000, 0.9998672784287389037, 0.9998672784287389037, 1.000000000000000000 ) ) 
 REPRESENTATION_ITEM ( '' )  );
#4476 = ORIENTED_EDGE ( 'NONE', *, *, #4663, .F. ) ;
#4477 = ORIENTED_EDGE ( 'NONE', *, *, #3857, .T. ) ;
#4478 = DIRECTION ( 'NONE',  ( 2.134256245050205060E-15, 1.000000000000000000, 0.000000000000000000 ) ) ;
#4479 = CARTESIAN_POINT ( 'NONE',  ( -7.679999999999929550, -0.4494459704243048415, -0.04123024671362975069 ) ) ;
#4480 = CONICAL_SURFACE ( 'NONE', #1091, 2.625000000000000000, 0.7853981633967538345 ) ;
#4481 = EDGE_CURVE ( 'NONE', #3854, #3315, #3177, .T. ) ;
#4482 = EDGE_CURVE ( 'NONE', #2804, #1109, #881, .T. ) ;
#4483 = VECTOR ( 'NONE', #3502, 1000.000000000000114 ) ;
#4484 = CARTESIAN_POINT ( 'NONE',  ( -8.887920983205800596, -0.01015434495474939157, 0.4201670376886990077 ) ) ;
#4485 = VERTEX_POINT ( 'NONE', #1984 ) ;
#4486 = ORIENTED_EDGE ( 'NONE', *, *, #3252, .F. ) ;
#4487 = CARTESIAN_POINT ( 'NONE',  ( -8.887920983205800596, -0.01015434495474971596, 0.7291205759919919815 ) ) ;
#4488 = CARTESIAN_POINT ( 'NONE',  ( -0.06000000000004299117, -4.479999999999984439, 1.102182119232598313E-16 ) ) ;
#4489 = AXIS2_PLACEMENT_3D ( 'NONE', #3222, #2484, #603 ) ;
#4490 = LINE ( 'NONE', #296, #1296 ) ;
#4491 = AXIS2_PLACEMENT_3D ( 'NONE', #1526, #4841, #3770 ) ;
#4492 = VERTEX_POINT ( 'NONE', #4510 ) ;
#4493 = ORIENTED_EDGE ( 'NONE', *, *, #1297, .T. ) ;
#4494 = CARTESIAN_POINT ( 'NONE',  ( -8.040000000000000924, 0.000000000000000000, -2.729999999999999982 ) ) ;
#4495 = CONICAL_SURFACE ( 'NONE', #3236, 2.529644660940679746, 0.7853981633975904986 ) ;
#4496 = DIRECTION ( 'NONE',  ( -1.000000000000000000, 0.000000000000000000, 0.000000000000000000 ) ) ;
#4497 = DIRECTION ( 'NONE',  ( 0.000000000000000000, 0.000000000000000000, -1.000000000000000000 ) ) ;
#4498 = CIRCLE ( 'NONE', #875, 0.6550000000000130163 ) ;
#4499 = EDGE_LOOP ( 'NONE', ( #5, #3202, #4361, #1484, #4442, #2140, #4465, #4199, #333 ) ) ;
#4500 = PLANE ( 'NONE',  #2679 ) ;
#4501 = DIRECTION ( 'NONE',  ( 0.000000000000000000, 0.000000000000000000, 1.000000000000000000 ) ) ;
#4502 = DIRECTION ( 'NONE',  ( 0.000000000000000000, 0.000000000000000000, 1.000000000000000000 ) ) ;
#4503 = AXIS2_PLACEMENT_3D ( 'NONE', #3014, #718, #3383 ) ;
#4504 = VERTEX_POINT ( 'NONE', #1643 ) ;
#4505 = ORIENTED_CLOSED_SHELL ( 'NONE', *, #3644, .F. );
#4506 = ORIENTED_EDGE ( 'NONE', *, *, #4832, .F. ) ;
#4507 = CARTESIAN_POINT ( 'NONE',  ( -7.679999999999929550, -9.439837746593051335E-15, 4.818093866362320122E-14 ) ) ;
#4508 = AXIS2_PLACEMENT_3D ( 'NONE', #3250, #3324, #2162 ) ;
#4509 = CARTESIAN_POINT ( 'NONE',  ( -9.780000000000068638, 1.634248253372174942, 0.6258854898062667926 ) ) ;
#4510 = CARTESIAN_POINT ( 'NONE',  ( -8.990000000000181402, 1.998452149838082059, 0.7653685418202635926 ) ) ;
#4511 = EDGE_CURVE ( 'NONE', #3740, #4693, #1990, .T. ) ;
#4512 = ORIENTED_EDGE ( 'NONE', *, *, #570, .T. ) ;
#4513 = ORIENTED_EDGE ( 'NONE', *, *, #3915, .T. ) ;
#4514 = DIRECTION ( 'NONE',  ( 1.000000000000000000, -1.991972495380200041E-15, 0.000000000000000000 ) ) ;
#4515 = DIRECTION ( 'NONE',  ( -1.000000000000000000, 0.000000000000000000, 0.000000000000000000 ) ) ;
#4516 = AXIS2_PLACEMENT_3D ( 'NONE', #2420, #1684, #4680 ) ;
#4517 = FACE_OUTER_BOUND ( 'NONE', #836, .T. ) ;
#4518 = EDGE_CURVE ( 'NONE', #3737, #2572, #3753, .T. ) ;
#4519 = ORIENTED_EDGE ( 'NONE', *, *, #3829, .T. ) ;
#4520 = ADVANCED_FACE ( 'NONE', ( #2745 ), #3336, .F. ) ;
#4521 = CIRCLE ( 'NONE', #664, 0.7620000000000001217 ) ;
#4522 = ORIENTED_EDGE ( 'NONE', *, *, #1627, .F. ) ;
#4523 = CARTESIAN_POINT ( 'NONE',  ( -8.781212161291847451, 0.000000000000000000, 0.000000000000000000 ) ) ;
#4524 = CARTESIAN_POINT ( 'NONE',  ( -5.174644660940660224, 3.097921237001199436E-16, -2.529644660940683298 ) ) ;
#4525 = ORIENTED_EDGE ( 'NONE', *, *, #3500, .F. ) ;
#4526 = DIRECTION ( 'NONE',  ( 1.000000000000000000, 0.000000000000000000, 0.000000000000000000 ) ) ;
#4527 = FACE_OUTER_BOUND ( 'NONE', #764, .T. ) ;
#4528 = LINE ( 'NONE', #3426, #4192 ) ;
#4529 = ORIENTED_EDGE ( 'NONE', *, *, #315, .F. ) ;
#4530 = EDGE_LOOP ( 'NONE', ( #4256, #3040, #2148, #2159 ) ) ;
#4531 = DIRECTION ( 'NONE',  ( 1.000000000000000000, -3.168959634848508524E-16, -1.000180237639160754E-15 ) ) ;
#4532 = DIRECTION ( 'NONE',  ( 1.000000000000000000, -2.093391161677579838E-15, 0.000000000000000000 ) ) ;
#4533 = PRODUCT_RELATED_PRODUCT_CATEGORY ( 'detail', '', ( #3187 ) ) ;
#4534 = EDGE_LOOP ( 'NONE', ( #3344, #3183, #2941, #985 ) ) ;
#4535 = CARTESIAN_POINT ( 'NONE',  ( -0.8899999999999769207, 3.200000000000000178, 0.8899999999999999023 ) ) ;
#4536 = EDGE_CURVE ( 'NONE', #4372, #1274, #135, .T. ) ;
#4537 = DIRECTION ( 'NONE',  ( 0.7071067811864469865, 8.659560562356165453E-17, 0.7071067811866481589 ) ) ;
#4538 = ORIENTED_EDGE ( 'NONE', *, *, #2766, .F. ) ;
#4539 = ORIENTED_EDGE ( 'NONE', *, *, #4368, .T. ) ;
#4540 = CARTESIAN_POINT ( 'NONE',  ( -0.06000000000003220119, 0.000000000000000000, 0.000000000000000000 ) ) ;
#4541 = EDGE_CURVE ( 'NONE', #37, #4860, #3655, .T. ) ;
#4542 = ADVANCED_FACE ( 'NONE', ( #162 ), #655, .F. ) ;
#4543 = DIRECTION ( 'NONE',  ( 0.7514118287111056782, 0.6598335120869747161, 0.000000000000000000 ) ) ;
#4544 = CALENDAR_DATE ( 2024, 10, 5 ) ;
#4545 = ORIENTED_EDGE ( 'NONE', *, *, #315, .T. ) ;
#4546 = CARTESIAN_POINT ( 'NONE',  ( -0.9785000000000303455, -4.201499999999999346, 0.000000000000000000 ) ) ;
#4547 = CARTESIAN_POINT ( 'NONE',  ( -8.549107518447261356, -0.7331759353594077266, 0.01887092003858122438 ) ) ;
#4548 = EDGE_LOOP ( 'NONE', ( #1687, #4658, #220, #3283 ) ) ;
#4549 = DIRECTION ( 'NONE',  ( 0.000000000000000000, 0.000000000000000000, 1.000000000000000000 ) ) ;
#4550 = CARTESIAN_POINT ( 'NONE',  ( -0.05999999999997670391, -1.779999999999999805, 2.830000000000000071 ) ) ;
#4551 = CONICAL_SURFACE ( 'NONE', #694, 4.904999999999999361, 0.7853981633973791121 ) ;
#4552 = ORIENTED_EDGE ( 'NONE', *, *, #3789, .T. ) ;
#4553 = CIRCLE ( 'NONE', #2744, 2.674999999999999822 ) ;
#4554 = FACE_OUTER_BOUND ( 'NONE', #863, .T. ) ;
#4555 = CONICAL_SURFACE ( 'NONE', #4869, 3.084666666666650237, 0.7853981633973471377 ) ;
#4556 = CIRCLE ( 'NONE', #1499, 5.004999999999999893 ) ;
#4557 = CARTESIAN_POINT ( 'NONE',  ( 0.04199999999993098143, 3.623638086806798536E-15, -9.582986687853287557E-15 ) ) ;
#4558 = ORIENTED_EDGE ( 'NONE', *, *, #1712, .F. ) ;
#4559 = EDGE_CURVE ( 'NONE', #4438, #2640, #3736, .T. ) ;
#4560 = EDGE_LOOP ( 'NONE', ( #2939, #2509 ) ) ;
#4561 = DIRECTION ( 'NONE',  ( -0.6585046078685301563, 0.000000000000000000, 0.7525766947068672774 ) ) ;
#4562 = VECTOR ( 'NONE', #3861, 1000.000000000000227 ) ;
#4563 = DIRECTION ( 'NONE',  ( -1.000000000000000000, 0.000000000000000000, 0.000000000000000000 ) ) ;
#4564 = EDGE_CURVE ( 'NONE', #4013, #813, #4811, .T. ) ;
#4565 = ORIENTED_EDGE ( 'NONE', *, *, #984, .F. ) ;
#4566 = DIRECTION ( 'NONE',  ( 1.000000000000000000, -3.168959634848508524E-16, -1.000180237639160754E-15 ) ) ;
#4567 = VECTOR ( 'NONE', #2152, 1000.000000000000000 ) ;
#4568 = CARTESIAN_POINT ( 'NONE',  ( -1.458499999999999908, 3.580000000000000071, 0.000000000000000000 ) ) ;
#4569 = CARTESIAN_POINT ( 'NONE',  ( -7.679999999999929550, 6.456832016198207214E-15, 6.496297480671751281E-16 ) ) ;
#4570 = CIRCLE ( 'NONE', #1993, 1.750000000000000222 ) ;
#4571 = EDGE_CURVE ( 'NONE', #2865, #2540, #33, .T. ) ;
#4572 = ORIENTED_EDGE ( 'NONE', *, *, #262, .F. ) ;
#4573 = EDGE_CURVE ( 'NONE', #3873, #281, #2549, .T. ) ;
#4574 = FACE_OUTER_BOUND ( 'NONE', #2533, .T. ) ;
#4575 = DIRECTION ( 'NONE',  ( -1.000000000000000000, 0.000000000000000000, 0.000000000000000000 ) ) ;
#4576 = AXIS2_PLACEMENT_3D ( 'NONE', #690, #3705, #320 ) ;
#4577 = EDGE_LOOP ( 'NONE', ( #69, #4330, #2582, #1912 ) ) ;
#4578 = DIRECTION ( 'NONE',  ( 0.7744763656751753045, 0.6326028446115080639, 0.000000000000000000 ) ) ;
#4579 = DIRECTION ( 'NONE',  ( 1.000000000000000000, 0.000000000000000000, 0.000000000000000000 ) ) ;
#4580 = AXIS2_PLACEMENT_3D ( 'NONE', #2994, #1523, #4497 ) ;
#4581 = CONICAL_SURFACE ( 'NONE', #336, 2.729999999999999982, 0.8519663271732560439 ) ;
#4582 = CARTESIAN_POINT ( 'NONE',  ( -8.934174368666218058, 0.008965638295934308041, -0.4336578416742271624 ) ) ;
#4583 = ORIENTED_EDGE ( 'NONE', *, *, #1388, .T. ) ;
#4584 = ORIENTED_EDGE ( 'NONE', *, *, #2080, .F. ) ;
#4585 = CARTESIAN_POINT ( 'NONE',  ( -8.891432142092646984, -0.4200789557418476150, -0.01006410857729165241 ) ) ;
#4586 = VECTOR ( 'NONE', #3008, 1000.000000000000000 ) ;
#4587 = CARTESIAN_POINT ( 'NONE',  ( -0.1739999999999769786, -2.130885430516110371E-17, 0.8899999999999999023 ) ) ;
#4588 = APPROVAL_DATE_TIME ( #898, #2845 ) ;
#4589 = ORIENTED_EDGE ( 'NONE', *, *, #3411, .T. ) ;
#4590 = CONICAL_SURFACE ( 'NONE', #2866, 0.6214999999999996083, 0.7205971725114357351 ) ;
#4591 = CARTESIAN_POINT ( 'NONE',  ( -8.974879461024119820, -0.007919522128371998815, 0.6414106948487140469 ) ) ;
#4592 = CARTESIAN_POINT ( 'NONE',  ( -9.440000000000001279, 0.000000000000000000, -2.729999999999999982 ) ) ;
#4593 = LINE ( 'NONE', #1225, #3090 ) ;
#4594 = EDGE_CURVE ( 'NONE', #4443, #2270, #2860, .T. ) ;
#4595 = DIRECTION ( 'NONE',  ( 0.000000000000000000, -1.000000000000000000, -1.054711873393898713E-15 ) ) ;
#4596 = ORIENTED_EDGE ( 'NONE', *, *, #169, .T. ) ;
#4597 = CARTESIAN_POINT ( 'NONE',  ( -7.679999999999929550, -2.012459992009755450, -0.7707332745898927140 ) ) ;
#4598 = CARTESIAN_POINT ( 'NONE',  ( -8.970426365894919485, 0.008031748193331125427, 0.4681169548559190874 ) ) ;
#4599 = CARTESIAN_POINT ( 'NONE',  ( -10.91999999999999993, 3.214697847761802076E-16, 2.625000000000000000 ) ) ;
#4600 = EDGE_CURVE ( 'NONE', #4831, #4295, #734, .T. ) ;
#4601 = VERTEX_POINT ( 'NONE', #1251 ) ;
#4602 = CARTESIAN_POINT ( 'NONE',  ( -8.899739023004087812, -0.4198924285707903437, -0.009847119096715921394 ) ) ;
#4603 = DIRECTION ( 'NONE',  ( 0.000000000000000000, 0.000000000000000000, 1.000000000000000000 ) ) ;
#4604 = LINE ( 'NONE', #4173, #187 ) ;
#4605 = ORIENTED_EDGE ( 'NONE', *, *, #4618, .T. ) ;
#4606 = ORIENTED_EDGE ( 'NONE', *, *, #4747, .T. ) ;
#4607 = LINE ( 'NONE', #1634, #3851 ) ;
#4608 = LINE ( 'NONE', #2650, #641 ) ;
#4609 = VERTEX_POINT ( 'NONE', #846 ) ;
#4610 = APPLICATION_PROTOCOL_DEFINITION ( 'international standard', 'config_control_design', 1994, #2149 ) ;
#4611 = VERTEX_POINT ( 'NONE', #2775 ) ;
#4612 = LINE ( 'NONE', #1979, #3151 ) ;
#4613 = CARTESIAN_POINT ( 'NONE',  ( -5.174644660940660224, 0.000000000000000000, 0.000000000000000000 ) ) ;
#4614 = CARTESIAN_POINT ( 'NONE',  ( -6.639999999999999680, 3.343285761672274002E-16, 2.729999999999999982 ) ) ;
#4615 = DIRECTION ( 'NONE',  ( 0.000000000000000000, -1.000000000000000000, -1.054711873393898319E-15 ) ) ;
#4616 = ORIENTED_EDGE ( 'NONE', *, *, #206, .T. ) ;
#4617 = FACE_BOUND ( 'NONE', #1753, .T. ) ;
#4618 = EDGE_CURVE ( 'NONE', #2049, #26, #2410, .T. ) ;
#4619 = CARTESIAN_POINT ( 'NONE',  ( -8.428787838708315050, -9.202549902999818360E-15, 4.892986146208386365E-14 ) ) ;
#4620 = CARTESIAN_POINT ( 'NONE',  ( -1.709999999999999964, -2.674999999999999822, 2.830000000000000071 ) ) ;
#4621 = VECTOR ( 'NONE', #1807, 1000.000000000000000 ) ;
#4622 = EDGE_LOOP ( 'NONE', ( #1762, #2916, #4048, #4513 ) ) ;
#4623 = CARTESIAN_POINT ( 'NONE',  ( -8.894943300285328647, 0.009973872217691330186, -0.4199908461147852656 ) ) ;
#4624 = EDGE_CURVE ( 'NONE', #2079, #409, #3580, .T. ) ;
#4625 = CARTESIAN_POINT ( 'NONE',  ( -8.899739026076780135, -0.4198924397464897096, 0.009846962383075164374 ) ) ;
#4626 = EDGE_CURVE ( 'NONE', #302, #1274, #3246, .T. ) ;
#4627 = CARTESIAN_POINT ( 'NONE',  ( -0.06000000000004109685, 3.580000000000000071, 0.000000000000000000 ) ) ;
#4628 = ORIENTED_EDGE ( 'NONE', *, *, #3214, .F. ) ;
#4629 = ADVANCED_FACE ( 'NONE', ( #2158 ), #582, .F. ) ;
#4630 = CIRCLE ( 'NONE', #4091, 0.7620000000000001217 ) ;
#4631 = ORIENTED_EDGE ( 'NONE', *, *, #419, .T. ) ;
#4632 = CARTESIAN_POINT ( 'NONE',  ( -9.090000000000001634, 3.833144481331215679E-16, -3.129999999999999893 ) ) ;
#4633 = CARTESIAN_POINT ( 'NONE',  ( -1.709999999999998410, -2.878151562499982052, 8.595164424709676373E-17 ) ) ;
#4634 = CONICAL_SURFACE ( 'NONE', #2518, 3.129999999999999893, 0.8519663271732560439 ) ;
#4635 = VECTOR ( 'NONE', #3345, 1000.000000000000000 ) ;
#4636 = APPROVAL_DATE_TIME ( #3139, #2424 ) ;
#4637 = ORIENTED_EDGE ( 'NONE', *, *, #2643, .T. ) ;
#4638 = FACE_OUTER_BOUND ( 'NONE', #287, .T. ) ;
#4639 = DIRECTION ( 'NONE',  ( 1.000000000000000000, -3.168959634848508524E-16, -1.000180237639160754E-15 ) ) ;
#4640 = CARTESIAN_POINT ( 'NONE',  ( -8.917671042595518571, -0.7287671736999837835, -0.009389771867933145374 ) ) ;
#4641 = CONICAL_SURFACE ( 'NONE', #1022, 0.4200190127578620758, 0.02569422850663167016 ) ;
#4642 = CIRCLE ( 'NONE', #2363, 0.8999999999999841460 ) ;
#4643 = CARTESIAN_POINT ( 'NONE',  ( -8.958341921444748834, 0.4566310612206186392, -0.008342641880705221891 ) ) ;
#4644 = CIRCLE ( 'NONE', #4410, 2.229595535139869966 ) ;
#4645 = ORIENTED_EDGE ( 'NONE', *, *, #2468, .T. ) ;
#4646 = CIRCLE ( 'NONE', #2050, 0.6550000000000130163 ) ;
#4647 = DIRECTION ( 'NONE',  ( -0.7514118287111084538, 0.6598335120869716075, 0.000000000000000000 ) ) ;
#4648 = DIRECTION ( 'NONE',  ( -0.7514118287111090089, -0.6598335120869711634, 0.000000000000000000 ) ) ;
#4649 = DIRECTION ( 'NONE',  ( -0.9396926207859540581, 0.000000000000000000, 0.3420201433255429802 ) ) ;
#4650 = EDGE_CURVE ( 'NONE', #1172, #1335, #3668, .T. ) ;
#4651 = ORIENTED_EDGE ( 'NONE', *, *, #1232, .F. ) ;
#4652 = LINE ( 'NONE', #1965, #2825 ) ;
#4653 = AXIS2_PLACEMENT_3D ( 'NONE', #1283, #1312, #2779 ) ;
#4654 = DIRECTION ( 'NONE',  ( 1.000000000000000000, -3.168959634848508524E-16, -1.000180237639160754E-15 ) ) ;
#4655 = CIRCLE ( 'NONE', #414, 0.04999999999999883010 ) ;
#4656 = ADVANCED_FACE ( 'NONE', ( #2432 ), #1469, .F. ) ;
#4657 = FACE_OUTER_BOUND ( 'NONE', #3602, .T. ) ;
#4658 = ORIENTED_EDGE ( 'NONE', *, *, #134, .T. ) ;
#4659 = TOROIDAL_SURFACE ( 'NONE', #2694, 0.4700025088314099819, 0.05000000000000000278 ) ;
#4660 = DIRECTION ( 'NONE',  ( 1.000000000000000000, -3.168959634848508524E-16, -1.000180237639160754E-15 ) ) ;
#4661 = DIRECTION ( 'NONE',  ( 0.000000000000000000, 0.000000000000000000, 1.000000000000000000 ) ) ;
#4662 = EDGE_CURVE ( 'NONE', #490, #3576, #2085, .T. ) ;
#4663 = EDGE_CURVE ( 'NONE', #4492, #1360, #228, .T. ) ;
#4664 = EDGE_LOOP ( 'NONE', ( #1199, #4409 ) ) ;
#4665 = EDGE_LOOP ( 'NONE', ( #1267, #2421, #4163, #2276, #3163 ) ) ;
#4666 = CARTESIAN_POINT ( 'NONE',  ( -0.1739999999999769786, 0.3449999999999999734, 0.5567764362830169844 ) ) ;
#4667 = AXIS2_PLACEMENT_3D ( 'NONE', #4282, #4672, #3497 ) ;
#4668 = DIRECTION ( 'NONE',  ( -8.049760909405136270E-16, -0.9338561447841048357, -0.3576488513178380235 ) ) ;
#4669 = CARTESIAN_POINT ( 'NONE',  ( -0.008999999999976740148, -3.200000000000000178, 2.830000000000000071 ) ) ;
#4670 = DIRECTION ( 'NONE',  ( -4.443308831805466968E-15, 1.000000000000000000, 1.054711873393903052E-15 ) ) ;
#4671 = CONICAL_SURFACE ( 'NONE', #2552, 3.129999999999999893, 0.8519663271732560439 ) ;
#4672 = DIRECTION ( 'NONE',  ( -1.000000000000000000, 0.000000000000000000, 0.000000000000000000 ) ) ;
#4673 = ORIENTED_EDGE ( 'NONE', *, *, #4241, .T. ) ;
#4674 = CARTESIAN_POINT ( 'NONE',  ( -1.618499999999999828, -3.580000000000000071, 0.000000000000000000 ) ) ;
#4675 = DIRECTION ( 'NONE',  ( 0.000000000000000000, 0.000000000000000000, -1.000000000000000000 ) ) ;
#4676 = DIRECTION ( 'NONE',  ( 1.000000000000000000, 0.000000000000000000, 0.000000000000000000 ) ) ;
#4677 = ORIENTED_EDGE ( 'NONE', *, *, #2225, .T. ) ;
#4678 = DIRECTION ( 'NONE',  ( 0.7514118287111056782, -0.6598335120869747161, 0.000000000000000000 ) ) ;
#4679 = DIRECTION ( 'NONE',  ( 0.000000000000000000, -1.000000000000000000, -1.355252715606880049E-16 ) ) ;
#4680 = DIRECTION ( 'NONE',  ( 2.093391161677562877E-15, -1.000000000000000000, 0.000000000000000000 ) ) ;
#4681 = ORIENTED_EDGE ( 'NONE', *, *, #3922, .F. ) ;
#4682 = EDGE_CURVE ( 'NONE', #1370, #2198, #3282, .T. ) ;
#4683 = DIRECTION ( 'NONE',  ( 1.000000000000000000, -2.134256245050209793E-15, 0.000000000000000000 ) ) ;
#4684 = CARTESIAN_POINT ( 'NONE',  ( -8.970426365894919485, -0.4681169167957626165, -0.008033966158352863832 ) ) ;
#4685 = VERTEX_POINT ( 'NONE', #1380 ) ;
#4686 = ORIENTED_EDGE ( 'NONE', *, *, #1690, .F. ) ;
#4687 = ADVANCED_FACE ( 'NONE', ( #1761 ), #2970, .T. ) ;
#4688 = FACE_OUTER_BOUND ( 'NONE', #4499, .T. ) ;
#4689 =( BOUNDED_CURVE ( )  B_SPLINE_CURVE ( 3, ( #3714, #2942, #327, #4131 ),
 .UNSPECIFIED., .F., .F. ) 
 B_SPLINE_CURVE_WITH_KNOTS ( ( 4, 4 ),
 ( 4.229028245631490712, 4.266166851486041800 ),
 .UNSPECIFIED. ) 
 CURVE ( )  GEOMETRIC_REPRESENTATION_ITEM ( )  RATIONAL_B_SPLINE_CURVE ( ( 1.000000000000000000, 0.9998850636323421970, 0.9998850636323421970, 1.000000000000000000 ) ) 
 REPRESENTATION_ITEM ( '' )  );
#4690 = DIRECTION ( 'NONE',  ( 1.000000000000000000, -3.168959634848508524E-16, -1.000180237639160754E-15 ) ) ;
#4691 = FACE_OUTER_BOUND ( 'NONE', #4807, .T. ) ;
#4692 = DIRECTION ( 'NONE',  ( -0.9996692309130739140, 3.439164955795503856E-16, -0.02571825743831420916 ) ) ;
#4693 = VERTEX_POINT ( 'NONE', #3618 ) ;
#4694 = CARTESIAN_POINT ( 'NONE',  ( -8.428787838708316826, 2.663606788144359626E-16, -2.174999999999891021 ) ) ;
#4695 = DIRECTION ( 'NONE',  ( -1.000000000000000000, 0.000000000000000000, 0.000000000000000000 ) ) ;
#4696 = EDGE_CURVE ( 'NONE', #4443, #1659, #3575, .T. ) ;
#4697 = CARTESIAN_POINT ( 'NONE',  ( -0.5189999999999769242, -2.130885430516110371E-17, 3.129999999999999893 ) ) ;
#4698 = ORIENTED_EDGE ( 'NONE', *, *, #1947, .T. ) ;
#4699 = ORIENTED_EDGE ( 'NONE', *, *, #1831, .F. ) ;
#4700 = CARTESIAN_POINT ( 'NONE',  ( -10.91999999999999993, 0.000000000000000000, 0.000000000000000000 ) ) ;
#4701 = AXIS2_PLACEMENT_3D ( 'NONE', #697, #4468, #753 ) ;
#4702 = DIRECTION ( 'NONE',  ( 1.000000000000000000, -2.100641709190699945E-15, 0.000000000000000000 ) ) ;
#4703 = ORIENTED_EDGE ( 'NONE', *, *, #2525, .F. ) ;
#4704 = ORIENTED_EDGE ( 'NONE', *, *, #4716, .T. ) ;
#4705 = CARTESIAN_POINT ( 'NONE',  ( -8.898884473509689030, 0.4198963623211345864, 0.009872289793578748959 ) ) ;
#4706 = CIRCLE ( 'NONE', #2508, 4.904999999999999361 ) ;
#4707 = ORIENTED_EDGE ( 'NONE', *, *, #3681, .T. ) ;
#4708 = B_SPLINE_CURVE_WITH_KNOTS ( 'NONE', 3,
 ( #1385, #3276, #2183, #3296 ),
 .UNSPECIFIED., .F., .F.,
 ( 4, 4 ),
 ( 2.759959682289050109E-07, 5.030102144821391045E-05 ),
 .UNSPECIFIED. ) ;
#4709 = ORIENTED_EDGE ( 'NONE', *, *, #4214, .T. ) ;
#4710 = AXIS2_PLACEMENT_3D ( 'NONE', #4263, #3079, #4578 ) ;
#4711 = CARTESIAN_POINT ( 'NONE',  ( -1.298500000000019972, -3.580000000000000071, 0.000000000000000000 ) ) ;
#4712 = DIRECTION ( 'NONE',  ( 0.000000000000000000, -8.881784197001249365E-16, 1.000000000000000000 ) ) ;
#4713 = VECTOR ( 'NONE', #3300, 1000.000000000000000 ) ;
#4714 = CIRCLE ( 'NONE', #226, 3.129999999999999893 ) ;
#4715 = CARTESIAN_POINT ( 'NONE',  ( -8.099953625011835356, -0.03042619762814712317, -0.4395990101863257449 ) ) ;
#4716 = EDGE_CURVE ( 'NONE', #3010, #3272, #3292, .T. ) ;
#4717 = DIRECTION ( 'NONE',  ( 1.000000000000000000, 0.000000000000000000, 0.000000000000000000 ) ) ;
#4718 = VERTEX_POINT ( 'NONE', #2847 ) ;
#4719 = AXIS2_PLACEMENT_3D ( 'NONE', #1459, #2953, #1843 ) ;
#4720 = CARTESIAN_POINT ( 'NONE',  ( -0.02000000000008245182, -0.08900000000000646283, -9.614844869851712854E-15 ) ) ;
#4721 = AXIS2_PLACEMENT_3D ( 'NONE', #3910, #4566, #802 ) ;
#4722 = CARTESIAN_POINT ( 'NONE',  ( -5.390710678118679766, 3.275930187719169848E-16, -2.674999999999999822 ) ) ;
#4723 = ADVANCED_FACE ( 'NONE', ( #950, #2874 ), #1401, .T. ) ;
#4724 = VECTOR ( 'NONE', #1870, 1000.000000000000114 ) ;
#4725 = ADVANCED_FACE ( 'NONE', ( #2896 ), #208, .F. ) ;
#4726 = ORIENTED_EDGE ( 'NONE', *, *, #4511, .T. ) ;
#4727 = CARTESIAN_POINT ( 'NONE',  ( -1.138500000000019829, -3.580000000000000071, 0.000000000000000000 ) ) ;
#4728 = CARTESIAN_POINT ( 'NONE',  ( 23.72270470274509790, -16.76751861754659956, 2.830000000000000071 ) ) ;
#4729 = AXIS2_PLACEMENT_3D ( 'NONE', #3270, #2895, #1716 ) ;
#4730 = DIRECTION ( 'NONE',  ( -1.000000000000000000, 0.000000000000000000, 0.000000000000000000 ) ) ;
#4731 = ORIENTED_EDGE ( 'NONE', *, *, #1388, .F. ) ;
#4732 = ORIENTED_EDGE ( 'NONE', *, *, #3038, .T. ) ;
#4733 = AXIS2_PLACEMENT_3D ( 'NONE', #1031, #290, #3304 ) ;
#4734 = VERTEX_POINT ( 'NONE', #2820 ) ;
#4735 = CIRCLE ( 'NONE', #1596, 2.529644660940679746 ) ;
#4736 = ORIENTED_EDGE ( 'NONE', *, *, #704, .T. ) ;
#4737 = CARTESIAN_POINT ( 'NONE',  ( -8.917671042595518571, -0.009389771867935605212, 0.7287671736999992156 ) ) ;
#4738 = DIRECTION ( 'NONE',  ( -1.000000000000000000, -1.991972495380200041E-15, 0.000000000000000000 ) ) ;
#4739 = AXIS2_PLACEMENT_3D ( 'NONE', #3685, #4422, #650 ) ;
#4740 = LINE ( 'NONE', #3913, #237 ) ;
#4741 = CARTESIAN_POINT ( 'NONE',  ( -8.740000000000000213, 0.000000000000000000, -2.729999999999999982 ) ) ;
#4742 = ORIENTED_EDGE ( 'NONE', *, *, #2399, .F. ) ;
#4743 = LOCAL_TIME ( 8, 33, 44.00000000000000000, #3065 ) ;
#4744 = LINE ( 'NONE', #2822, #3706 ) ;
#4745 = B_SPLINE_CURVE_WITH_KNOTS ( 'NONE', 3,
 ( #657, #2485, #3671, #284 ),
 .UNSPECIFIED., .F., .F.,
 ( 4, 4 ),
 ( 0.000000000000000000, 0.9687194804849003082 ),
 .UNSPECIFIED. ) ;
#4746 = CARTESIAN_POINT ( 'NONE',  ( -8.958341921918670181, 0.008344534971435861245, -0.4566310267794121969 ) ) ;
#4747 = EDGE_CURVE ( 'NONE', #2135, #3909, #4329, .T. ) ;
#4748 = ORIENTED_EDGE ( 'NONE', *, *, #4147, .T. ) ;
#4749 = ORIENTED_EDGE ( 'NONE', *, *, #473, .T. ) ;
#4750 = CARTESIAN_POINT ( 'NONE',  ( -9.750333333333358610, 0.000000000000000000, 3.084666666666650237 ) ) ;
#4751 = EDGE_CURVE ( 'NONE', #3138, #3992, #3370, .T. ) ;
#4752 = EDGE_CURVE ( 'NONE', #3104, #3744, #3130, .T. ) ;
#4753 = CARTESIAN_POINT ( 'NONE',  ( -8.990000000000183178, -9.024704034427814099E-15, 4.949117477493075363E-14 ) ) ;
#4754 = ORIENTED_EDGE ( 'NONE', *, *, #1163, .F. ) ;
#4755 = CARTESIAN_POINT ( 'NONE',  ( -0.3223272429490031121, 0.3106030090293908641, 0.5767576060972229302 ) ) ;
#4756 = CARTESIAN_POINT ( 'NONE',  ( -1.298500000000019972, 3.580000000000000071, 0.000000000000000000 ) ) ;
#4757 = DIRECTION ( 'NONE',  ( -1.000000000000000000, -2.093391161677579838E-15, 0.000000000000000000 ) ) ;
#4758 = VERTEX_POINT ( 'NONE', #4355 ) ;
#4759 = DIRECTION ( 'NONE',  ( -1.000000000000000000, 0.000000000000000000, 0.000000000000000000 ) ) ;
#4760 = CARTESIAN_POINT ( 'NONE',  ( -9.090000000000001634, 0.000000000000000000, 3.129999999999999893 ) ) ;
#4761 = DIRECTION ( 'NONE',  ( -8.049760909405136270E-16, -0.9338561447841048357, -0.3576488513178380235 ) ) ;
#4762 = ORIENTED_EDGE ( 'NONE', *, *, #3490, .T. ) ;
#4763 = DIRECTION ( 'NONE',  ( 0.000000000000000000, 0.000000000000000000, 1.000000000000000000 ) ) ;
#4764 = CARTESIAN_POINT ( 'NONE',  ( -8.947399443907880112, 0.7284128417255514298, 0.008625755391220771631 ) ) ;
#4765 = CARTESIAN_POINT ( 'NONE',  ( -9.780000000000070415, -8.774356223274818732E-15, 5.028131716266557763E-14 ) ) ;
#4766 = ORIENTED_EDGE ( 'NONE', *, *, #3799, .T. ) ;
#4767 = ADVANCED_FACE ( 'NONE', ( #1350 ), #3774, .F. ) ;
#4768 = ORIENTED_EDGE ( 'NONE', *, *, #2233, .F. ) ;
#4769 = CARTESIAN_POINT ( 'NONE',  ( -8.373838290319401523, -9.219963193079579908E-15, 4.887490200971807718E-14 ) ) ;
#4770 = CARTESIAN_POINT ( 'NONE',  ( -8.898454457782548843, -0.4199027087552006376, -0.009883635875933775156 ) ) ;
#4771 = EDGE_CURVE ( 'NONE', #4758, #4115, #3986, .T. ) ;
#4772 = ORIENTED_EDGE ( 'NONE', *, *, #1923, .T. ) ;
#4773 = EDGE_CURVE ( 'NONE', #2094, #1265, #1123, .T. ) ;
#4774 = CARTESIAN_POINT ( 'NONE',  ( -1.298500000000021304, -4.201499999999999346, 8.471494233101830024E-17 ) ) ;
#4775 = DIRECTION ( 'NONE',  ( 0.000000000000000000, 0.000000000000000000, 1.000000000000000000 ) ) ;
#4776 = LINE ( 'NONE', #2521, #1135 ) ;
#4777 = ADVANCED_FACE ( 'NONE', ( #4134 ), #2965, .F. ) ;
#4778 = ORIENTED_EDGE ( 'NONE', *, *, #2884, .F. ) ;
#4779 = EDGE_CURVE ( 'NONE', #975, #4217, #3609, .T. ) ;
#4780 = CIRCLE ( 'NONE', #3297, 0.2849999999999999756 ) ;
#4781 = DIRECTION ( 'NONE',  ( 0.7514118287111340999, 0.6598335120869424086, 0.000000000000000000 ) ) ;
#4782 = CARTESIAN_POINT ( 'NONE',  ( -8.924423137547600859, 0.009215262532911498022, -0.4245780614042831136 ) ) ;
#4783 = CARTESIAN_POINT ( 'NONE',  ( -0.02000000000008233039, 3.549416279810796324E-15, 0.08900000000000003741 ) ) ;
#4784 = ORIENTED_EDGE ( 'NONE', *, *, #1163, .T. ) ;
#4785 = DIRECTION ( 'NONE',  ( -1.000000000000000000, 0.000000000000000000, 0.000000000000000000 ) ) ;
#4786 = CARTESIAN_POINT ( 'NONE',  ( -0.008999999999976740148, -2.439999999999999947, 1.649999999999999911 ) ) ;
#4787 = CARTESIAN_POINT ( 'NONE',  ( -7.679999999999929550, -1.634248253372193371, -0.6258854898061678718 ) ) ;
#4788 = CONICAL_SURFACE ( 'NONE', #1339, 2.625000000000000000, 0.7853981633967538345 ) ;
#4789 = CONICAL_SURFACE ( 'NONE', #3303, 0.6214999999999996083, 0.7205971725114357351 ) ;
#4790 = ORIENTED_EDGE ( 'NONE', *, *, #4839, .F. ) ;
#4791 = CIRCLE ( 'NONE', #790, 2.674999999999999822 ) ;
#4792 = ORIENTED_EDGE ( 'NONE', *, *, #1078, .T. ) ;
#4793 = VECTOR ( 'NONE', #4785, 1000.000000000000000 ) ;
#4794 = CARTESIAN_POINT ( 'NONE',  ( -8.940000000000226876, 2.045144957077152714, 0.7832509843861039656 ) ) ;
#4795 = CARTESIAN_POINT ( 'NONE',  ( -8.934174368666218058, 0.008964394881405433543, 0.4336578673793760608 ) ) ;
#4796 = VECTOR ( 'NONE', #3056, 1000.000000000000000 ) ;
#4797 = FACE_OUTER_BOUND ( 'NONE', #150, .T. ) ;
#4798 = ORIENTED_EDGE ( 'NONE', *, *, #4865, .T. ) ;
#4799 = TOROIDAL_SURFACE ( 'NONE', #163, 0.4700025088314099819, 0.05000000000000000278 ) ;
#4800 = CARTESIAN_POINT ( 'NONE',  ( -1.298500000000019972, -3.580000000000000071, 0.000000000000000000 ) ) ;
#4801 = CARTESIAN_POINT ( 'NONE',  ( -10.91999999999999993, 0.000000000000000000, 0.000000000000000000 ) ) ;
#4802 = ADVANCED_FACE ( 'NONE', ( #3319, #4813 ), #332, .T. ) ;
#4803 = VECTOR ( 'NONE', #988, 1000.000000000000000 ) ;
#4804 = ORIENTED_EDGE ( 'NONE', *, *, #2766, .T. ) ;
#4805 = CIRCLE ( 'NONE', #3726, 0.7439711327449154421 ) ;
#4806 = CIRCLE ( 'NONE', #2380, 3.129999999999999893 ) ;
#4807 = EDGE_LOOP ( 'NONE', ( #942, #3693, #3031, #2539 ) ) ;
#4808 = LINE ( 'NONE', #2303, #935 ) ;
#4809 = EDGE_CURVE ( 'NONE', #3387, #3019, #2107, .T. ) ;
#4810 = EDGE_CURVE ( 'NONE', #4609, #3532, #4002, .T. ) ;
#4811 = B_SPLINE_CURVE_WITH_KNOTS ( 'NONE', 3,
 ( #1534, #4643, #906, #507 ),
 .UNSPECIFIED., .F., .F.,
 ( 4, 4 ),
 ( 2.759748586289519758E-07, 5.030102700883269581E-05 ),
 .UNSPECIFIED. ) ;
#4812 = LINE ( 'NONE', #1423, #1901 ) ;
#4813 = FACE_BOUND ( 'NONE', #1132, .T. ) ;
#4814 = ORIENTED_EDGE ( 'NONE', *, *, #3037, .F. ) ;
#4815 = CARTESIAN_POINT ( 'NONE',  ( -0.8185000000000344222, 2.817999999999999616, 0.000000000000000000 ) ) ;
#4816 = CARTESIAN_POINT ( 'NONE',  ( -8.899739027852890061, 6.457239091268311778E-15, -6.396360220680939239E-16 ) ) ;
#4817 = FACE_OUTER_BOUND ( 'NONE', #3238, .T. ) ;
#4818 = VECTOR ( 'NONE', #1278, 1000.000000000000114 ) ;
#4819 = ORIENTED_EDGE ( 'NONE', *, *, #783, .F. ) ;
#4820 = EDGE_LOOP ( 'NONE', ( #2393, #1782, #3605, #645 ) ) ;
#4821 = DIRECTION ( 'NONE',  ( 0.000000000000000000, 0.000000000000000000, 1.000000000000000000 ) ) ;
#4822 = DIRECTION ( 'NONE',  ( 0.000000000000000000, 0.000000000000000000, 1.000000000000000000 ) ) ;
#4823 = B_SPLINE_CURVE_WITH_KNOTS ( 'NONE', 3,
 ( #1053, #3672, #2538, #4430 ),
 .UNSPECIFIED., .F., .F.,
 ( 4, 4 ),
 ( 2.449048580083549967E-07, 0.0002602690256980239882 ),
 .UNSPECIFIED. ) ;
#4824 = SECURITY_CLASSIFICATION ( '', '', #2404 ) ;
#4825 = PLANE ( 'NONE',  #4733 ) ;
#4826 = AXIS2_PLACEMENT_3D ( 'NONE', #4852, #4462, #1085 ) ;
#4827 = EDGE_LOOP ( 'NONE', ( #4123, #2617, #2121, #663 ) ) ;
#4828 = ORIENTED_EDGE ( 'NONE', *, *, #2580, .T. ) ;
#4829 = CARTESIAN_POINT ( 'NONE',  ( -8.970426365894919485, -0.4681169548559036553, 0.008031748193333639041 ) ) ;
#4830 = DIRECTION ( 'NONE',  ( 0.000000000000000000, 0.000000000000000000, -1.000000000000000000 ) ) ;
#4831 = VERTEX_POINT ( 'NONE', #1448 ) ;
#4832 = EDGE_CURVE ( 'NONE', #1309, #2902, #2272, .T. ) ;
#4833 = VERTEX_POINT ( 'NONE', #1068 ) ;
#4834 = DIRECTION ( 'NONE',  ( -1.000000000000000000, 2.093391161677579838E-15, 0.000000000000000000 ) ) ;
#4835 = CARTESIAN_POINT ( 'NONE',  ( -10.86999999999999922, 0.000000000000000000, 0.000000000000000000 ) ) ;
#4836 = CARTESIAN_POINT ( 'NONE',  ( -1.709999999999998410, 2.878151562499982052, -8.595164424709676373E-17 ) ) ;
#4837 = EDGE_CURVE ( 'NONE', #3293, #3653, #2249, .T. ) ;
#4838 = ORIENTED_EDGE ( 'NONE', *, *, #751, .F. ) ;
#4839 = EDGE_CURVE ( 'NONE', #3194, #1659, #1924, .T. ) ;
#4840 = CARTESIAN_POINT ( 'NONE',  ( -8.899312695554595365, 0.009861273024778037521, -0.4198947008238986256 ) ) ;
#4841 = DIRECTION ( 'NONE',  ( -1.000000000000000000, 0.000000000000000000, 0.000000000000000000 ) ) ;
#4842 = DIRECTION ( 'NONE',  ( 0.000000000000000000, 0.000000000000000000, 1.000000000000000000 ) ) ;
#4843 = EDGE_LOOP ( 'NONE', ( #4458, #3814, #754, #1192 ) ) ;
#4844 = VERTEX_POINT ( 'NONE', #3792 ) ;
#4845 = DIRECTION ( 'NONE',  ( 1.000000000000000000, -0.000000000000000000, -0.000000000000000000 ) ) ;
#4846 = DIRECTION ( 'NONE',  ( 0.000000000000000000, 0.000000000000000000, 1.000000000000000000 ) ) ;
#4847 = CARTESIAN_POINT ( 'NONE',  ( -0.05999999999997670391, -1.779999999999999805, 0.8899999999999999023 ) ) ;
#4848 = VERTEX_POINT ( 'NONE', #2178 ) ;
#4849 = ORIENTED_EDGE ( 'NONE', *, *, #2009, .F. ) ;
#4850 = CARTESIAN_POINT ( 'NONE',  ( -1.138500000000021384, -4.341999999999999638, 9.331808609502830497E-17 ) ) ;
#4851 = CARTESIAN_POINT ( 'NONE',  ( -0.3385000000000422671, 4.201499999999999346, 0.000000000000000000 ) ) ;
#4852 = CARTESIAN_POINT ( 'NONE',  ( -8.899739027852890061, 6.457239091268311778E-15, -6.396360220680939239E-16 ) ) ;
#4853 = ORIENTED_EDGE ( 'NONE', *, *, #4241, .F. ) ;
#4854 = VECTOR ( 'NONE', #1019, 999.9999999999998863 ) ;
#4855 = EDGE_LOOP ( 'NONE', ( #2950, #4772, #3321, #873, #2581 ) ) ;
#4856 = CARTESIAN_POINT ( 'NONE',  ( -1.709999999999999964, -4.006260725414660051, -2.830000000000000071 ) ) ;
#4857 = ADVANCED_FACE ( 'NONE', ( #18 ), #2310, .T. ) ;
#4858 = CYLINDRICAL_SURFACE ( 'NONE', #2686, 2.155000000000000249 ) ;
#4859 = DIRECTION ( 'NONE',  ( 0.000000000000000000, -1.224646799147355919E-16, 1.000000000000000000 ) ) ;
#4860 = VERTEX_POINT ( 'NONE', #4836 ) ;
#4861 = VECTOR ( 'NONE', #4781, 1000.000000000000000 ) ;
#4862 = FACE_OUTER_BOUND ( 'NONE', #2246, .T. ) ;
#4863 = DIRECTION ( 'NONE',  ( -1.000000000000000000, 0.000000000000000000, 0.000000000000000000 ) ) ;
#4864 = PLANE ( 'NONE',  #2066 ) ;
#4865 = EDGE_CURVE ( 'NONE', #2733, #309, #1472, .T. ) ;
#4866 = ORIENTED_EDGE ( 'NONE', *, *, #2074, .F. ) ;
#4867 = VERTEX_POINT ( 'NONE', #1911 ) ;
#4868 = CARTESIAN_POINT ( 'NONE',  ( -1.298500000000021304, 4.201499999999999346, -8.471494233101830024E-17 ) ) ;
#4869 = AXIS2_PLACEMENT_3D ( 'NONE', #3480, #1235, #4603 ) ;
#4870 = FACE_OUTER_BOUND ( 'NONE', #610, .T. ) ;
#4871 = CIRCLE ( 'NONE', #2986, 2.625000000000000000 ) ;
ENDSEC;
END-ISO-10303-21;
